2020-06-25 22:28,132
2020-06-25 22:43,137
2020-06-25 22:58,120
2020-06-25 23:14,106
2020-06-25 23:29,111
2020-06-25 23:44,111
2020-06-26 0:00,118
2020-06-26 0:15,119
2020-06-26 0:30,109
2020-06-26 0:45,95
2020-06-26 1:00,88
2020-06-26 1:15,96
2020-06-26 1:30,95
2020-06-26 1:45,87
2020-06-26 2:00,89
2020-06-26 2:15,89
2020-06-26 2:30,86
2020-06-26 2:45,81
2020-06-26 3:00,72
2020-06-26 3:16,82
2020-06-26 3:31,75
2020-06-26 3:46,85
2020-06-26 4:01,93
2020-06-26 4:16,86
2020-06-26 4:31,86
2020-06-26 4:47,86
2020-06-26 5:02,98
2020-06-26 5:17,104
2020-06-26 5:32,99
2020-06-26 5:47,95
2020-06-26 6:02,98
2020-06-26 6:17,102
2020-06-26 6:32,102
2020-06-26 6:47,109
2020-06-26 7:02,127
2020-06-26 7:17,155
2020-06-26 7:32,172
2020-06-26 7:47,171
2020-06-26 8:03,155
2020-06-26 8:18,138
2020-06-26 8:33,121
2020-06-26 8:48,112
2020-06-26 9:03,106
2020-06-26 9:18,108
2020-06-26 9:33,110
2020-06-26 9:49,106
2020-06-26 10:04,105
2020-06-26 10:19,116
2020-06-26 10:34,130
2020-06-26 10:49,124
2020-06-26 11:04,107
2020-06-26 11:19,102
2020-06-26 11:34,107
2020-06-26 11:49,110
2020-06-26 12:04,110
2020-06-26 12:19,112
2020-06-26 12:36,113
2020-06-26 12:51,107
2020-06-26 13:06,105
2020-06-26 13:21,103
2020-06-26 13:36,105
2020-06-26 13:51,112
2020-06-26 14:06,113
2020-06-26 14:21,110
2020-06-26 14:36,111
2020-06-26 14:51,113
2020-06-26 15:06,114
2020-06-26 15:21,111
2020-06-26 15:36,111
2020-06-26 15:51,116
2020-06-26 16:06,120
2020-06-26 16:22,121
2020-06-26 16:37,128
2020-06-26 16:52,129
2020-06-26 17:07,114
2020-06-26 17:22,100
2020-06-26 17:37,105
2020-06-26 17:52,121
2020-06-26 18:07,123
2020-06-26 18:22,121
2020-06-26 18:38,124
2020-06-26 18:53,117
2020-06-26 19:08,117
2020-06-26 19:23,119
2020-06-26 19:38,109
2020-06-26 19:53,104
2020-06-26 20:08,100
2020-06-26 20:23,100
2020-06-26 20:38,107
2020-06-26 20:53,112
2020-06-26 21:08,115
2020-06-26 21:26,115
2020-06-26 21:41,115
2020-06-26 21:56,118
2020-06-26 22:11,113
2020-06-26 22:26,106
2020-06-26 22:41,100
2020-06-26 22:56,100
2020-06-26 23:11,109
2020-06-26 23:26,117
2020-06-26 23:41,117
2020-06-26 23:56,113
2020-06-27 0:11,105
2020-06-27 0:26,108
2020-06-27 0:41,114
2020-06-27 0:56,116
2020-06-27 1:11,112
2020-06-27 1:26,110
2020-06-27 1:41,112
2020-06-27 1:56,110
2020-06-27 2:11,105
2020-06-27 2:26,105
2020-06-27 2:41,110
2020-06-27 2:56,113
2020-06-27 3:11,108
2020-06-27 3:26,100
2020-06-27 3:41,96
2020-06-27 3:56,102
2020-06-27 4:11,107
2020-06-27 4:26,107
2020-06-27 4:41,110
2020-06-27 4:56,111
2020-06-27 5:15,110
2020-06-27 5:30,112
2020-06-27 5:45,109
2020-06-27 6:00,106
2020-06-27 6:15,106
2020-06-27 6:30,116
2020-06-27 6:45,141
2020-06-27 7:00,157
2020-06-27 7:15,137
2020-06-27 7:30,107
2020-06-27 7:45,107
2020-06-27 8:00,115
2020-06-27 8:15,119
2020-06-27 8:30,128
2020-06-27 8:45,134
2020-06-27 9:00,125
2020-06-27 9:15,114
2020-06-27 9:30,113
2020-06-27 9:45,116
2020-06-27 10:00,117
2020-06-27 10:15,112
2020-06-27 10:30,115
2020-06-27 10:45,122
2020-06-27 11:00,122
2020-06-27 11:15,125
2020-06-27 11:30,134
2020-06-27 11:45,134
2020-06-27 12:00,125
2020-06-27 12:15,116
2020-06-27 12:29,123
2020-06-27 12:44,126
2020-06-27 13:00,117
2020-06-27 13:15,113
2020-06-27 13:30,104
2020-06-27 13:45,94
2020-06-27 14:00,97
2020-06-27 14:15,114
2020-06-27 14:30,124
2020-06-27 14:45,115
2020-06-27 15:00,108
2020-06-27 15:17,114
2020-06-27 15:32,114
2020-06-27 15:47,122
2020-06-27 16:02,123
2020-06-27 16:17,120
2020-06-27 16:32,122
2020-06-27 16:47,117
2020-06-27 17:02,109
2020-06-27 17:17,100
2020-06-27 17:32,89
2020-06-27 17:47,96
2020-06-27 18:02,100
2020-06-27 18:17,98
2020-06-27 18:33,104
2020-06-27 18:48,102
2020-06-27 19:03,98
2020-06-27 19:18,98
2020-06-27 19:33,101
2020-06-27 19:48,101
2020-06-27 20:03,106
2020-06-27 20:18,115
2020-06-27 20:33,120
2020-06-27 20:50,116
2020-06-27 21:05,112
2020-06-27 21:20,109
2020-06-27 21:35,105
2020-06-27 21:50,103
2020-06-27 22:05,102
2020-06-27 22:20,100
2020-06-27 22:35,101
2020-06-27 22:50,116
2020-06-27 23:05,125
2020-06-27 23:20,114
2020-06-27 23:35,107
2020-06-27 23:50,111
2020-06-28 0:05,110
2020-06-28 0:20,110
2020-06-28 0:35,108
2020-06-28 0:51,97
2020-06-28 1:06,87
2020-06-28 1:21,93
2020-06-28 1:36,99
2020-06-28 1:51,102
2020-06-28 2:06,101
2020-06-28 2:21,99
2020-06-28 2:36,104
2020-06-28 2:51,101
2020-06-28 3:06,93
2020-06-28 3:21,96
2020-06-28 3:36,97
2020-06-28 3:51,101
2020-06-28 4:06,103
2020-06-28 4:21,103
2020-06-28 4:36,105
2020-06-28 4:51,108
2020-06-28 5:06,112
2020-06-28 5:21,110
2020-06-28 5:36,105
2020-06-28 5:52,111
2020-06-28 6:07,109
2020-06-28 6:22,108
2020-06-28 6:37,112
2020-06-28 6:53,117
2020-06-28 7:08,115
2020-06-28 7:23,114
2020-06-28 7:38,118
2020-06-28 7:53,120
2020-06-28 8:08,118
2020-06-28 8:23,117
2020-06-28 8:38,120
2020-06-28 8:53,121
2020-06-28 9:08,119
2020-06-28 9:23,117
2020-06-28 9:38,119
2020-06-28 9:53,126
2020-06-28 10:08,125
2020-06-28 10:24,113
2020-06-28 10:39,114
2020-06-28 10:54,122
2020-06-28 11:09,129
2020-06-28 11:24,126
2020-06-28 11:39,119
2020-06-28 11:54,118
2020-06-28 12:09,119
2020-06-28 12:26,118
2020-06-28 12:41,114
2020-06-28 12:56,114
2020-06-28 13:11,110
2020-06-28 13:26,109
2020-06-28 13:41,113
2020-06-28 13:56,118
2020-06-28 14:11,129
2020-06-28 14:26,137
2020-06-28 14:41,141
2020-06-28 14:56,128
2020-06-28 15:11,126
2020-06-28 15:26,128
2020-06-28 15:41,132
2020-06-28 15:56,127
2020-06-28 16:11,115
2020-06-28 16:26,108
2020-06-28 16:41,105
2020-06-28 16:56,102
2020-06-28 17:11,102
2020-06-28 17:27,113
2020-06-28 17:42,118
2020-06-28 17:56,117
2020-06-28 18:11,120
2020-06-28 18:27,123
2020-06-28 18:42,113
2020-06-28 18:57,103
2020-06-28 19:13,108
2020-06-28 19:28,112
2020-06-28 19:43,113
2020-06-28 19:58,118
2020-06-28 20:13,107
2020-06-28 20:28,97
2020-06-28 20:43,108
2020-06-28 20:58,114
2020-06-28 21:13,110
2020-06-28 21:31,109
2020-06-28 21:46,107
2020-06-28 22:01,107
2020-06-28 22:16,106
2020-06-28 22:31,105
2020-06-28 22:46,108
2020-06-28 23:01,107
2020-06-28 23:16,103
2020-06-28 23:31,102
2020-06-28 23:46,100
2020-06-29 0:01,100
2020-06-29 0:16,102
2020-06-29 0:31,102
2020-06-29 0:46,102
2020-06-29 1:01,101
2020-06-29 1:16,99
2020-06-29 1:31,101
2020-06-29 1:46,104
2020-06-29 2:01,108
2020-06-29 2:16,105
2020-06-29 2:31,101
2020-06-29 2:46,101
2020-06-29 3:01,103
2020-06-29 3:16,105
2020-06-29 3:31,101
2020-06-29 3:46,96
2020-06-29 4:01,97
2020-06-29 4:16,97
2020-06-29 4:31,100
2020-06-29 4:46,105
2020-06-29 5:04,102
2020-06-29 5:19,104
2020-06-29 5:34,105
2020-06-29 5:49,106
2020-06-29 6:04,110
2020-06-29 6:19,107
2020-06-29 6:34,110
2020-06-29 6:49,133
2020-06-29 7:04,155
2020-06-29 7:19,158
2020-06-29 7:34,132
2020-06-29 7:49,100
2020-06-29 8:04,92
2020-06-29 8:19,96
2020-06-29 8:34,99
2020-06-29 8:49,100
2020-06-29 9:04,99
2020-06-29 9:19,100
2020-06-29 9:33,99
2020-06-29 9:50,103
2020-06-29 10:05,101
2020-06-29 10:20,99
2020-06-29 10:35,98
2020-06-29 10:50,99
2020-06-29 11:05,100
2020-06-29 11:20,104
2020-06-29 11:35,114
2020-06-29 11:50,130
2020-06-29 12:05,150
2020-06-29 12:20,167
2020-06-29 12:35,172
2020-06-29 12:50,176
2020-06-29 13:05,179
2020-06-29 13:20,170
2020-06-29 13:35,155
2020-06-29 13:50,142
2020-06-29 14:05,115
2020-06-29 14:21,101
2020-06-29 14:36,101
2020-06-29 14:51,110
2020-06-29 15:06,122
2020-06-29 15:21,128
2020-06-29 15:36,127
2020-06-29 15:51,118
2020-06-29 16:06,109
2020-06-29 16:21,106
2020-06-29 16:36,102
2020-06-29 16:51,95
2020-06-29 17:06,92
2020-06-29 17:21,88
2020-06-29 17:37,85
2020-06-29 17:52,84
2020-06-29 18:07,88
2020-06-29 18:22,92
2020-06-29 18:38,92
2020-06-29 18:53,91
2020-06-29 19:08,94
2020-06-29 19:23,109
2020-06-29 19:56,118
2020-06-29 20:11,113
2020-06-29 20:26,112
2020-06-29 20:41,116
2020-06-29 20:56,122
2020-06-29 21:11,121
2020-06-29 21:26,110
2020-06-29 21:41,106
2020-06-29 21:56,112
2020-06-29 22:11,116
2020-06-29 22:26,123
2020-06-29 22:41,124
2020-06-29 22:56,125
2020-06-29 23:11,129
2020-06-29 23:26,138
2020-06-29 23:41,137
2020-06-29 23:56,127
2020-06-30 0:11,126
2020-06-30 0:26,125
2020-06-30 0:41,127
2020-06-30 0:56,132
2020-06-30 1:11,128
2020-06-30 1:26,111
2020-06-30 1:41,99
2020-06-30 1:56,98
2020-06-30 2:11,99
2020-06-30 2:26,101
2020-06-30 2:41,104
2020-06-30 2:56,108
2020-06-30 3:11,105
2020-06-30 3:26,99
2020-06-30 3:41,100
2020-06-30 3:56,102
2020-06-30 4:12,107
2020-06-30 4:27,109
2020-06-30 4:42,108
2020-06-30 4:57,107
2020-06-30 5:12,106
2020-06-30 5:27,108
2020-06-30 5:42,108
2020-06-30 5:57,105
2020-06-30 6:12,108
2020-06-30 6:27,112
2020-06-30 6:42,123
2020-06-30 6:57,132
2020-06-30 7:13,149
2020-06-30 7:28,157
2020-06-30 7:43,151
2020-06-30 7:58,148
2020-06-30 8:13,142
2020-06-30 8:28,121
2020-06-30 8:43,105
2020-06-30 8:58,107
2020-06-30 9:13,106
2020-06-30 9:28,98
2020-06-30 9:43,92
2020-06-30 9:58,90
2020-06-30 10:13,90
2020-06-30 10:29,94
2020-06-30 10:44,95
2020-06-30 10:59,96
2020-06-30 11:15,93
2020-06-30 11:30,92
2020-06-30 11:45,101
2020-06-30 12:00,124
2020-06-30 12:15,147
2020-06-30 12:31,151
2020-06-30 12:46,139
2020-06-30 13:01,128
2020-06-30 13:16,127
2020-06-30 13:31,126
2020-06-30 13:46,123
2020-06-30 14:01,123
2020-06-30 14:16,120
2020-06-30 14:31,119
2020-06-30 14:46,119
2020-06-30 15:02,118
2020-06-30 15:17,110
2020-06-30 15:32,109
2020-06-30 15:47,110
2020-06-30 16:02,108
2020-06-30 16:17,108
2020-06-30 16:32,108
2020-06-30 16:47,113
2020-06-30 17:02,119
2020-06-30 17:17,115
2020-06-30 20:51,119
2020-06-30 21:06,102
2020-06-30 21:21,92
2020-06-30 21:36,90
2020-06-30 21:51,90
2020-06-30 22:06,89
2020-06-30 22:21,89
2020-06-30 22:36,91
2020-06-30 22:51,91
2020-06-30 23:06,89
2020-06-30 23:21,89
2020-06-30 23:36,91
2020-06-30 23:51,92
2020-07-01 0:06,93
2020-07-01 0:21,93
2020-07-01 0:36,92
2020-07-01 0:51,94
2020-07-01 1:06,96
2020-07-01 1:21,93
2020-07-01 1:36,90
2020-07-01 1:51,94
2020-07-01 2:06,97
2020-07-01 2:21,96
2020-07-01 2:36,94
2020-07-01 2:51,96
2020-07-01 3:06,100
2020-07-01 3:21,97
2020-07-01 3:36,94
2020-07-01 3:51,93
2020-07-01 4:06,94
2020-07-01 4:21,97
2020-07-01 4:37,104
2020-07-01 4:52,98
2020-07-01 5:07,98
2020-07-01 5:22,99
2020-07-01 5:37,100
2020-07-01 5:52,99
2020-07-01 6:07,103
2020-07-01 6:23,114
2020-07-01 6:38,127
2020-07-01 6:53,129
2020-07-01 7:08,124
2020-07-01 7:23,127
2020-07-01 7:38,132
2020-07-01 7:53,128
2020-07-01 8:08,121
2020-07-01 8:23,122
2020-07-01 8:38,117
2020-07-01 8:54,111
2020-07-01 9:09,117
2020-07-01 9:24,113
2020-07-01 9:39,108
2020-07-01 9:54,112
2020-07-01 10:09,117
2020-07-01 10:24,125
2020-07-01 10:40,128
2020-07-01 10:55,121
2020-07-01 11:10,116
2020-07-01 11:25,113
2020-07-01 11:40,112
2020-07-01 11:54,112
2020-07-01 12:11,98
2020-07-01 12:26,99
2020-07-01 12:41,105
2020-07-01 12:56,116
2020-07-01 13:11,124
2020-07-01 13:26,127
2020-07-01 13:41,130
2020-07-01 13:56,126
2020-07-01 14:11,116
2020-07-01 14:26,119
2020-07-01 14:41,132
2020-07-01 14:56,140
2020-07-01 15:12,133
2020-07-01 15:27,129
2020-07-01 15:42,124
2020-07-01 15:57,112
2020-07-01 16:12,104
2020-07-01 16:27,102
2020-07-01 16:42,101
2020-07-01 16:57,100
2020-07-01 17:12,96
2020-07-01 17:27,91
2020-07-01 17:42,91
2020-07-01 17:57,91
2020-07-01 18:12,91
2020-07-01 21:32,97
2020-07-01 21:47,95
2020-07-01 22:02,97
2020-07-01 22:17,102
2020-07-01 22:32,111
2020-07-01 22:47,117
2020-07-01 23:02,116
2020-07-01 23:17,113
2020-07-01 23:32,112
2020-07-01 23:47,108
2020-07-02 0:02,105
2020-07-02 0:17,101
2020-07-02 0:32,95
2020-07-02 0:47,96
2020-07-02 1:02,104
2020-07-02 1:17,103
2020-07-02 1:32,96
2020-07-02 1:47,94
2020-07-02 2:02,94
2020-07-02 2:17,93
2020-07-02 2:32,95
2020-07-02 2:47,97
2020-07-02 3:02,96
2020-07-02 3:17,94
2020-07-02 3:32,95
2020-07-02 3:47,99
2020-07-02 4:02,99
2020-07-02 4:17,94
2020-07-02 4:32,92
2020-07-02 4:47,90
2020-07-02 5:02,92
2020-07-02 5:18,106
2020-07-02 5:33,111
2020-07-02 5:48,102
2020-07-02 6:03,89
2020-07-02 6:18,87
2020-07-02 6:33,94
2020-07-02 6:48,102
2020-07-02 7:03,107
2020-07-02 7:18,104
2020-07-02 7:33,97
2020-07-02 7:48,91
2020-07-02 8:03,90
2020-07-02 8:18,91
2020-07-02 8:33,87
2020-07-02 8:48,88
2020-07-02 9:03,90
2020-07-02 9:18,92
2020-07-02 9:34,89
2020-07-02 9:49,85
2020-07-02 10:04,84
2020-07-02 10:19,86
2020-07-02 10:34,87
2020-07-02 10:50,93
2020-07-02 11:05,94
2020-07-02 11:20,96
2020-07-02 11:35,107
2020-07-02 11:50,119
2020-07-02 12:05,114
2020-07-02 12:20,113
2020-07-02 12:35,117
2020-07-02 12:50,108
2020-07-02 13:05,109
2020-07-02 13:20,129
2020-07-02 13:35,144
2020-07-02 13:50,136
2020-07-02 14:05,104
2020-07-02 14:20,95
2020-07-02 14:35,96
2020-07-02 14:51,106
2020-07-02 15:06,120
2020-07-02 15:21,123
2020-07-02 15:36,116
2020-07-02 15:51,108
2020-07-02 16:07,104
2020-07-02 16:22,98
2020-07-02 16:37,96
2020-07-02 16:52,95
2020-07-02 17:07,93
2020-07-02 17:22,87
2020-07-02 17:37,81
2020-07-02 17:52,80
2020-07-02 18:07,81
2020-07-02 18:22,81
2020-07-02 18:37,80
2020-07-02 18:52,81
2020-07-02 19:08,89
2020-07-02 19:23,103
2020-07-02 19:38,120
2020-07-02 19:53,134
2020-07-02 20:08,142
2020-07-02 20:23,146
2020-07-02 21:12,143
2020-07-02 21:27,132
2020-07-02 21:42,124
2020-07-02 21:57,128
2020-07-02 22:12,125
2020-07-02 22:27,110
2020-07-02 22:42,110
2020-07-02 22:57,120
2020-07-02 23:12,129
2020-07-02 23:27,128
2020-07-02 23:42,115
2020-07-02 23:57,102
2020-07-03 0:12,103
2020-07-03 0:27,104
2020-07-03 0:42,93
2020-07-03 0:57,84
2020-07-03 1:12,86
2020-07-03 1:27,84
2020-07-03 1:42,81
2020-07-03 1:57,83
2020-07-03 2:12,83
2020-07-03 2:27,83
2020-07-03 2:42,85
2020-07-03 2:57,89
2020-07-03 3:12,89
2020-07-03 3:27,86
2020-07-03 3:42,84
2020-07-03 3:57,86
2020-07-03 4:12,84
2020-07-03 4:27,84
2020-07-03 4:42,86
2020-07-03 4:57,83
2020-07-03 5:11,88
2020-07-03 5:26,88
2020-07-03 5:44,90
2020-07-03 5:59,92
2020-07-03 6:14,94
2020-07-03 6:29,93
2020-07-03 6:44,93
2020-07-03 6:59,93
2020-07-03 7:14,95
2020-07-03 7:29,95
2020-07-03 7:44,92
2020-07-03 7:59,92
2020-07-03 8:14,91
2020-07-03 8:29,91
2020-07-03 8:44,92
2020-07-03 8:59,96
2020-07-03 9:14,106
2020-07-03 9:29,113
2020-07-03 9:44,104
2020-07-03 9:59,95
2020-07-03 10:14,90
2020-07-03 10:29,87
2020-07-03 10:44,89
2020-07-03 10:59,90
2020-07-03 11:14,97
2020-07-03 11:30,115
2020-07-03 11:45,112
2020-07-03 12:00,96
2020-07-03 12:15,85
2020-07-03 12:30,87
2020-07-03 12:45,106
2020-07-03 13:00,135
2020-07-03 13:15,159
2020-07-03 13:30,170
2020-07-03 13:46,176
2020-07-03 14:01,163
2020-07-03 14:16,155
2020-07-03 14:32,144
2020-07-03 14:47,130
2020-07-03 15:02,121
2020-07-03 15:17,119
2020-07-03 15:32,118
2020-07-03 15:47,113
2020-07-03 16:02,111
2020-07-03 16:17,109
2020-07-03 16:32,107
2020-07-03 16:47,100
2020-07-03 17:02,90
2020-07-03 17:17,85
2020-07-03 17:32,85
2020-07-03 17:47,89
2020-07-03 18:02,87
2020-07-03 18:18,82
2020-07-03 18:33,85
2020-07-03 18:48,90
2020-07-03 19:03,95
2020-07-03 19:18,96
2020-07-03 19:33,104
2020-07-03 19:48,122
2020-07-03 20:03,153
2020-07-03 20:18,164
2020-07-03 20:34,155
2020-07-03 20:49,148
2020-07-03 21:04,158
2020-07-03 21:19,161
2020-07-03 21:34,146
2020-07-03 21:49,137
2020-07-03 22:06,122
2020-07-03 22:21,115
2020-07-03 22:36,117
2020-07-03 22:51,125
2020-07-03 23:06,132
2020-07-03 23:21,134
2020-07-03 23:36,122
2020-07-03 23:51,103
2020-07-04 0:06,109
2020-07-04 0:21,123
2020-07-04 0:36,125
2020-07-04 0:51,122
2020-07-04 1:06,115
2020-07-04 1:21,98
2020-07-04 1:36,89
2020-07-04 1:51,87
2020-07-04 2:06,87
2020-07-04 2:21,88
2020-07-04 2:36,88
2020-07-04 2:51,87
2020-07-04 3:06,88
2020-07-04 3:21,90
2020-07-04 3:36,89
2020-07-04 3:51,89
2020-07-04 4:06,92
2020-07-04 4:21,90
2020-07-04 4:37,92
2020-07-04 4:52,92
2020-07-04 5:07,92
2020-07-04 5:22,95
2020-07-04 5:37,95
2020-07-04 5:53,95
2020-07-04 6:08,96
2020-07-04 6:23,100
2020-07-04 6:38,97
2020-07-04 6:53,95
2020-07-04 7:08,93
2020-07-04 7:23,93
2020-07-04 7:38,95
2020-07-04 7:53,94
2020-07-04 8:08,95
2020-07-04 8:23,96
2020-07-04 8:39,102
2020-07-04 8:54,100
2020-07-04 9:09,94
2020-07-04 9:24,93
2020-07-04 9:40,96
2020-07-04 9:55,93
2020-07-04 10:10,97
2020-07-04 10:25,118
2020-07-04 10:40,138
2020-07-04 10:55,138
2020-07-04 11:10,123
2020-07-04 11:25,105
2020-07-04 11:40,93
2020-07-04 11:55,91
2020-07-04 12:10,87
2020-07-04 12:25,89
2020-07-04 12:40,93
2020-07-04 12:55,99
2020-07-04 13:10,119
2020-07-04 13:25,131
2020-07-04 13:43,129
2020-07-04 13:58,123
2020-07-04 14:13,121
2020-07-04 14:28,122
2020-07-04 14:43,115
2020-07-04 14:58,107
2020-07-04 15:13,111
2020-07-04 15:28,118
2020-07-04 15:43,124
2020-07-04 15:58,121
2020-07-04 16:13,114
2020-07-04 16:28,111
2020-07-04 16:43,107
2020-07-04 16:58,103
2020-07-04 17:13,114
2020-07-04 17:28,122
2020-07-04 17:43,117
2020-07-04 17:58,103
2020-07-04 18:13,88
2020-07-04 18:28,82
2020-07-04 18:42,97
2020-07-04 18:57,115
2020-07-04 19:12,116
2020-07-04 19:28,88
2020-07-04 19:43,77
2020-07-04 19:58,85
2020-07-04 20:13,91
2020-07-04 20:28,94
2020-07-04 20:43,94
2020-07-04 20:58,94
2020-07-04 21:33,101
2020-07-04 21:48,105
2020-07-04 22:03,106
2020-07-04 22:18,91
2020-07-04 22:33,84
2020-07-04 22:48,89
2020-07-04 23:03,92
2020-07-04 23:18,88
2020-07-04 23:33,87
2020-07-04 23:48,88
2020-07-05 0:03,87
2020-07-05 0:18,86
2020-07-05 0:33,87
2020-07-05 0:48,89
2020-07-05 1:03,90
2020-07-05 1:18,87
2020-07-05 1:33,83
2020-07-05 1:48,87
2020-07-05 2:03,91
2020-07-05 2:18,96
2020-07-05 2:33,98
2020-07-05 2:48,89
2020-07-05 3:03,88
2020-07-05 3:18,90
2020-07-05 3:33,90
2020-07-05 3:48,90
2020-07-05 4:03,90
2020-07-05 4:18,90
2020-07-05 4:33,92
2020-07-05 4:48,91
2020-07-05 5:03,87
2020-07-05 5:17,90
2020-07-05 5:32,91
2020-07-05 5:48,90
2020-07-05 6:03,94
2020-07-05 6:20,91
2020-07-05 6:35,90
2020-07-05 6:50,88
2020-07-05 7:05,90
2020-07-05 7:20,90
2020-07-05 7:35,87
2020-07-05 7:50,87
2020-07-05 8:05,87
2020-07-05 8:20,86
2020-07-05 8:35,87
2020-07-05 8:50,88
2020-07-05 9:05,83
2020-07-05 9:20,87
2020-07-05 9:35,92
2020-07-05 9:50,93
2020-07-05 10:05,111
2020-07-05 10:20,137
2020-07-05 10:34,150
2020-07-05 10:49,156
2020-07-05 11:04,162
2020-07-05 11:20,162
2020-07-05 11:35,167
2020-07-05 11:50,158
2020-07-05 12:07,144
2020-07-05 12:22,137
2020-07-05 12:37,131
2020-07-05 12:52,125
2020-07-05 13:07,125
2020-07-05 13:22,131
2020-07-05 13:37,135
2020-07-05 13:52,132
2020-07-05 14:07,125
2020-07-05 14:22,118
2020-07-05 14:37,113
2020-07-05 14:52,109
2020-07-05 15:07,107
2020-07-05 15:21,108
2020-07-05 15:36,107
2020-07-05 15:53,98
2020-07-05 16:08,92
2020-07-05 16:23,96
2020-07-05 16:38,92
2020-07-05 16:53,78
2020-07-05 17:08,68
2020-07-05 17:23,67
2020-07-05 17:38,74
2020-07-05 17:53,79
2020-07-05 18:08,82
2020-07-05 18:23,84
2020-07-05 18:38,84
2020-07-05 18:53,97
2020-07-05 19:08,126
2020-07-05 19:23,141
2020-07-05 19:38,139
2020-07-05 19:53,133
2020-07-05 20:08,127
2020-07-05 20:24,126
2020-07-05 20:39,126
2020-07-05 20:54,130
2020-07-05 21:09,139
2020-07-05 21:24,137
2020-07-05 21:39,124
2020-07-05 21:54,109
2020-07-05 22:09,99
2020-07-05 22:24,103
2020-07-05 22:39,110
2020-07-05 22:56,117
2020-07-05 23:11,119
2020-07-05 23:26,114
2020-07-05 23:41,108
2020-07-05 23:56,108
2020-07-06 0:11,113
2020-07-06 0:28,119
2020-07-06 0:43,114
2020-07-06 0:58,102
2020-07-06 1:13,89
2020-07-06 1:28,84
2020-07-06 1:43,87
2020-07-06 1:58,91
2020-07-06 2:13,93
2020-07-06 2:28,92
2020-07-06 2:43,94
2020-07-06 2:58,94
2020-07-06 3:13,94
2020-07-06 3:28,97
2020-07-06 3:43,99
2020-07-06 3:58,98
2020-07-06 4:13,98
2020-07-06 4:28,96
2020-07-06 4:43,94
2020-07-06 4:58,96
2020-07-06 5:13,97
2020-07-06 5:28,94
2020-07-06 5:43,94
2020-07-06 5:58,94
2020-07-06 6:13,93
2020-07-06 6:28,96
2020-07-06 6:43,97
2020-07-06 6:58,100
2020-07-06 7:13,117
2020-07-06 7:28,126
2020-07-06 7:44,123
2020-07-06 7:59,101
2020-07-06 8:14,87
2020-07-06 8:29,87
2020-07-06 8:44,90
2020-07-06 8:59,91
2020-07-06 9:14,90
2020-07-06 9:29,89
2020-07-06 9:45,90
2020-07-06 10:00,89
2020-07-06 10:15,87
2020-07-06 10:30,87
2020-07-06 10:45,91
2020-07-06 11:00,95
2020-07-06 11:15,93
2020-07-06 11:30,91
2020-07-06 11:45,92
2020-07-06 12:00,92
2020-07-06 12:15,95
2020-07-06 12:31,119
2020-07-06 12:46,147
2020-07-06 13:01,155
2020-07-06 13:16,142
2020-07-06 13:31,138
2020-07-06 13:46,134
2020-07-06 14:02,123
2020-07-06 14:17,117
2020-07-06 14:32,107
2020-07-06 14:47,103
2020-07-06 15:04,116
2020-07-06 15:19,122
2020-07-06 15:34,123
2020-07-06 15:49,121
2020-07-06 16:04,118
2020-07-06 16:19,116
2020-07-06 16:34,117
2020-07-06 16:49,109
2020-07-06 17:04,99
2020-07-06 17:19,104
2020-07-06 17:34,119
2020-07-06 17:49,129
2020-07-06 18:04,124
2020-07-06 18:19,112
2020-07-06 18:34,110
2020-07-06 18:49,110
2020-07-06 19:04,109
2020-07-06 19:19,110
2020-07-06 19:34,111
2020-07-06 19:49,106
2020-07-06 20:04,100
2020-07-06 20:19,97
2020-07-06 20:34,97
2020-07-06 20:49,97
2020-07-06 21:04,94
2020-07-06 21:19,92
2020-07-06 21:34,92
2020-07-06 21:50,89
2020-07-06 22:38,94
2020-07-06 22:53,92
2020-07-06 23:08,93
2020-07-06 23:23,95
2020-07-06 23:38,93
2020-07-06 23:53,90
2020-07-07 0:08,89
2020-07-07 0:23,91
2020-07-07 0:38,93
2020-07-07 0:53,91
2020-07-07 1:08,89
2020-07-07 1:23,91
2020-07-07 1:38,94
2020-07-07 1:53,95
2020-07-07 2:08,92
2020-07-07 2:23,92
2020-07-07 2:38,93
2020-07-07 2:53,93
2020-07-07 3:08,97
2020-07-07 3:23,93
2020-07-07 3:38,91
2020-07-07 3:53,92
2020-07-07 4:08,92
2020-07-07 4:23,91
2020-07-07 4:38,87
2020-07-07 4:53,86
2020-07-07 5:08,91
2020-07-07 5:23,89
2020-07-07 5:38,86
2020-07-07 5:53,88
2020-07-07 6:08,92
2020-07-07 6:23,96
2020-07-07 6:38,94
2020-07-07 6:53,91
2020-07-07 7:08,90
2020-07-07 7:23,91
2020-07-07 7:38,95
2020-07-07 7:55,97
2020-07-07 8:10,98
2020-07-07 8:25,101
2020-07-07 8:40,105
2020-07-07 8:55,113
2020-07-07 9:10,116
2020-07-07 9:25,115
2020-07-07 9:40,116
2020-07-07 9:55,118
2020-07-07 10:10,119
2020-07-07 10:25,114
2020-07-07 10:40,106
2020-07-07 10:55,104
2020-07-07 11:10,105
2020-07-07 11:25,105
2020-07-07 11:40,107
2020-07-07 11:55,111
2020-07-07 12:10,111
2020-07-07 12:25,107
2020-07-07 12:43,104
2020-07-07 12:58,104
2020-07-07 13:13,102
2020-07-07 13:28,102
2020-07-07 13:43,96
2020-07-07 13:58,89
2020-07-07 14:13,92
2020-07-07 14:28,102
2020-07-07 14:43,105
2020-07-07 14:58,105
2020-07-07 15:13,117
2020-07-07 15:28,126
2020-07-07 15:43,125
2020-07-07 15:58,119
2020-07-07 16:12,104
2020-07-07 16:27,103
2020-07-07 16:42,108
2020-07-07 16:58,114
2020-07-07 17:14,113
2020-07-07 17:29,108
2020-07-07 17:44,103
2020-07-07 17:59,101
2020-07-07 18:14,97
2020-07-07 18:29,91
2020-07-07 18:44,87
2020-07-07 18:59,87
2020-07-07 19:15,90
2020-07-07 19:30,87
2020-07-07 19:45,93
2020-07-07 20:00,113
2020-07-07 20:15,138
2020-07-07 20:30,154
2020-07-07 20:45,158
2020-07-07 21:00,156
2020-07-07 21:15,144
2020-07-07 21:30,133
2020-07-07 21:45,127
2020-07-07 21:59,113
2020-07-07 22:33,82
2020-07-07 22:48,73
2020-07-07 23:03,68
2020-07-07 23:18,68
2020-07-07 23:33,70
2020-07-07 23:48,72
2020-07-08 0:03,77
2020-07-08 0:18,80
2020-07-08 0:33,82
2020-07-08 0:48,83
2020-07-08 1:03,84
2020-07-08 1:18,84
2020-07-08 1:33,84
2020-07-08 1:48,88
2020-07-08 2:03,91
2020-07-08 2:18,90
2020-07-08 2:33,86
2020-07-08 2:48,82
2020-07-08 3:03,77
2020-07-08 3:18,70
2020-07-08 3:33,72
2020-07-08 3:48,84
2020-07-08 4:03,90
2020-07-08 4:18,89
2020-07-08 4:33,86
2020-07-08 4:48,86
2020-07-08 5:03,84
2020-07-08 5:18,85
2020-07-08 5:33,88
2020-07-08 5:48,88
2020-07-08 6:03,89
2020-07-08 6:19,93
2020-07-08 6:34,94
2020-07-08 6:49,93
2020-07-08 7:04,97
2020-07-08 7:19,113
2020-07-08 7:35,131
2020-07-08 7:50,125
2020-07-08 8:05,102
2020-07-08 8:20,82
2020-07-08 8:35,80
2020-07-08 8:50,89
2020-07-08 9:05,100
2020-07-08 9:20,103
2020-07-08 9:35,94
2020-07-08 9:50,83
2020-07-08 10:05,82
2020-07-08 10:20,86
2020-07-08 10:35,86
2020-07-08 10:51,88
2020-07-08 11:06,86
2020-07-08 11:21,83
2020-07-08 11:36,83
2020-07-08 11:51,84
2020-07-08 12:06,84
2020-07-08 12:21,109
2020-07-08 12:36,158
2020-07-08 12:51,187
2020-07-08 13:06,175
2020-07-08 13:21,151
2020-07-08 13:36,132
2020-07-08 13:51,128
2020-07-08 14:07,125
2020-07-08 14:22,126
2020-07-08 14:37,130
2020-07-08 14:54,114
2020-07-08 15:09,100
2020-07-08 15:30,173
2020-07-08 15:45,169
2020-07-08 16:00,155
2020-07-08 16:15,136
2020-07-08 16:30,120
2020-07-08 16:45,111
2020-07-08 17:00,97
2020-07-08 17:15,76
2020-07-08 17:30,66
2020-07-08 17:45,58
2020-07-08 18:00,46
2020-07-08 18:15,40
2020-07-08 18:30,40
2020-07-08 18:45,40
2020-07-08 19:00,40
2020-07-08 19:15,40
2020-07-08 19:30,40
2020-07-08 19:45,40
2020-07-08 20:01,40
2020-07-08 20:16,40
2020-07-08 20:31,40
2020-07-08 20:46,52
2020-07-08 21:01,76
2020-07-08 21:16,87
2020-07-08 21:31,92
2020-07-09 0:49,88
2020-07-09 1:04,91
2020-07-09 1:19,97
2020-07-09 1:34,98
2020-07-09 1:49,99
2020-07-09 2:04,101
2020-07-09 2:19,101
2020-07-09 2:34,106
2020-07-09 2:49,113
2020-07-09 3:04,115
2020-07-09 3:19,106
2020-07-09 3:34,100
2020-07-09 3:49,98
2020-07-09 4:04,101
2020-07-09 4:19,111
2020-07-09 4:34,109
2020-07-09 4:49,100
2020-07-09 5:04,94
2020-07-09 5:19,96
2020-07-09 5:34,101
2020-07-09 5:49,106
2020-07-09 6:04,113
2020-07-09 6:19,116
2020-07-09 6:34,116
2020-07-09 6:49,117
2020-07-09 7:04,120
2020-07-09 7:19,124
2020-07-09 7:34,130
2020-07-09 7:49,137
2020-07-09 8:04,151
2020-07-09 8:19,173
2020-07-09 8:34,193
2020-07-09 8:49,197
2020-07-09 9:05,214
2020-07-09 9:20,231
2020-07-09 9:35,232
2020-07-09 9:50,231
2020-07-09 10:05,231
2020-07-09 10:20,223
2020-07-09 10:35,212
2020-07-09 10:50,201
2020-07-09 11:05,182
2020-07-09 11:20,161
2020-07-09 11:35,137
2020-07-09 11:50,107
2020-07-09 12:05,87
2020-07-09 12:20,78
2020-07-09 12:35,73
2020-07-09 12:50,82
2020-07-09 13:05,96
2020-07-09 13:23,100
2020-07-09 13:38,105
2020-07-09 13:53,105
2020-07-09 14:08,105
2020-07-09 14:23,103
2020-07-09 14:38,100
2020-07-09 14:53,101
2020-07-09 15:08,104
2020-07-09 15:23,108
2020-07-09 15:38,112
2020-07-09 15:53,112
2020-07-09 16:08,105
2020-07-09 16:23,94
2020-07-09 16:38,91
2020-07-09 16:53,102
2020-07-09 17:08,112
2020-07-09 17:23,114
2020-07-09 17:38,114
2020-07-09 17:53,116
2020-07-09 18:08,117
2020-07-09 18:23,118
2020-07-09 18:38,121
2020-07-09 18:53,123
2020-07-09 19:08,119
2020-07-09 19:23,123
2020-07-09 19:38,152
2020-07-09 19:53,191
2020-07-09 20:08,210
2020-07-09 20:23,215
2020-07-09 20:38,221
2020-07-09 20:53,225
2020-07-09 21:08,231
2020-07-09 21:23,236
2020-07-09 21:38,233
2020-07-09 21:53,227
2020-07-09 22:09,218
2020-07-09 22:24,229
2020-07-09 22:39,231
2020-07-09 22:53,219
2020-07-09 23:08,206
2020-07-09 23:56,158
2020-07-10 0:11,147
2020-07-10 0:26,135
2020-07-10 0:41,128
2020-07-10 0:56,128
2020-07-10 1:11,130
2020-07-10 1:26,130
2020-07-10 1:41,127
2020-07-10 1:56,122
2020-07-10 2:11,121
2020-07-10 2:26,120
2020-07-10 2:41,119
2020-07-10 2:56,121
2020-07-10 3:11,125
2020-07-10 3:26,122
2020-07-10 3:41,120
2020-07-10 3:56,122
2020-07-10 4:11,125
2020-07-10 4:26,124
2020-07-10 4:41,121
2020-07-10 4:56,121
2020-07-10 5:11,121
2020-07-10 5:26,119
2020-07-10 5:41,121
2020-07-10 5:56,124
2020-07-10 6:11,122
2020-07-10 6:26,122
2020-07-10 6:41,125
2020-07-10 6:56,128
2020-07-10 7:11,130
2020-07-10 7:26,131
2020-07-10 7:41,131
2020-07-10 7:58,132
2020-07-10 8:13,132
2020-07-10 8:28,137
2020-07-10 8:43,151
2020-07-10 8:58,169
2020-07-10 9:13,183
2020-07-10 9:28,197
2020-07-10 9:43,207
2020-07-10 9:58,213
2020-07-10 10:13,233
2020-07-10 10:28,254
2020-07-10 10:43,262
2020-07-10 10:58,263
2020-07-10 11:13,256
2020-07-10 11:28,241
2020-07-10 11:43,214
2020-07-10 11:58,186
2020-07-10 12:13,174
2020-07-10 12:28,167
2020-07-10 12:43,154
2020-07-10 12:59,132
2020-07-10 13:14,110
2020-07-10 13:29,107
2020-07-10 13:43,140
2020-07-10 13:58,171
2020-07-10 14:14,204
2020-07-10 14:29,224
2020-07-10 14:44,227
2020-07-10 14:59,219
2020-07-10 15:14,205
2020-07-10 15:29,179
2020-07-10 15:44,154
2020-07-10 15:59,148
2020-07-10 16:14,151
2020-07-10 16:29,151
2020-07-10 16:45,148
2020-07-10 17:00,149
2020-07-10 17:15,148
2020-07-10 17:30,136
2020-07-10 17:45,126
2020-07-10 18:00,122
2020-07-10 18:15,119
2020-07-10 18:30,117
2020-07-10 18:45,112
2020-07-10 19:00,106
2020-07-10 19:15,105
2020-07-10 19:30,106
2020-07-10 19:46,100
2020-07-10 20:01,99
2020-07-10 20:16,109
2020-07-10 20:31,120
2020-07-10 20:46,123
2020-07-10 21:01,123
2020-07-10 21:16,122
2020-07-10 21:31,124
2020-07-10 21:46,133
2020-07-10 22:01,152
2020-07-10 22:16,182
2020-07-10 22:31,206
2020-07-10 22:46,222
2020-07-10 23:01,231
2020-07-10 23:16,230
2020-07-10 23:32,214
2020-07-10 23:47,209
2020-07-11 0:01,204
2020-07-11 0:17,195
2020-07-11 0:32,180
2020-07-11 1:04,169
2020-07-11 1:19,169
2020-07-11 1:34,162
2020-07-11 1:49,157
2020-07-11 2:04,159
2020-07-11 2:19,163
2020-07-11 2:34,167
2020-07-11 2:49,170
2020-07-11 3:04,170
2020-07-11 3:19,167
2020-07-11 3:34,165
2020-07-11 3:49,159
2020-07-11 4:04,150
2020-07-11 4:19,143
2020-07-11 4:34,139
2020-07-11 4:49,136
2020-07-11 5:04,137
2020-07-11 5:19,140
2020-07-11 5:34,139
2020-07-11 5:49,139
2020-07-11 6:04,136
2020-07-11 6:19,129
2020-07-11 6:34,122
2020-07-11 6:49,120
2020-07-11 7:04,120
2020-07-11 7:19,118
2020-07-11 7:34,111
2020-07-11 7:49,111
2020-07-11 8:04,114
2020-07-11 8:19,114
2020-07-11 8:34,118
2020-07-11 8:50,117
2020-07-11 9:05,120
2020-07-11 9:20,123
2020-07-11 9:35,122
2020-07-11 9:50,133
2020-07-11 10:05,164
2020-07-11 10:20,187
2020-07-11 10:37,203
2020-07-11 10:52,203
2020-07-11 11:07,199
2020-07-11 11:22,200
2020-07-11 11:37,211
2020-07-11 11:52,220
2020-07-11 12:07,213
2020-07-11 12:22,199
2020-07-11 12:37,192
2020-07-11 12:52,182
2020-07-11 13:07,156
2020-07-11 13:22,125
2020-07-11 13:37,104
2020-07-11 13:52,97
2020-07-11 14:07,98
2020-07-11 14:22,101
2020-07-11 14:37,101
2020-07-11 14:52,101
2020-07-11 15:07,101
2020-07-11 15:22,101
2020-07-11 15:37,100
2020-07-11 15:52,97
2020-07-11 16:07,98
2020-07-11 16:22,94
2020-07-11 16:37,89
2020-07-11 16:52,90
2020-07-11 17:07,90
2020-07-11 17:22,91
2020-07-11 17:37,93
2020-07-11 17:52,92
2020-07-11 18:07,95
2020-07-11 18:22,98
2020-07-11 18:37,100
2020-07-11 18:52,108
2020-07-11 19:07,117
2020-07-11 19:22,124
2020-07-11 19:38,136
2020-07-11 19:53,145
2020-07-11 20:09,154
2020-07-11 20:24,168
2020-07-11 20:39,174
2020-07-11 20:53,174
2020-07-11 21:08,174
2020-07-11 21:24,178
2020-07-11 21:39,176
2020-07-11 21:54,169
2020-07-11 22:09,161
2020-07-11 23:41,102
2020-07-11 23:56,92
2020-07-12 0:11,88
2020-07-12 0:26,93
2020-07-12 0:41,93
2020-07-12 0:56,87
2020-07-12 1:11,83
2020-07-12 1:26,77
2020-07-12 1:41,71
2020-07-12 1:56,81
2020-07-12 2:11,97
2020-07-12 2:26,96
2020-07-12 2:41,95
2020-07-12 2:56,99
2020-07-12 3:11,98
2020-07-12 3:26,96
2020-07-12 3:41,100
2020-07-12 3:56,104
2020-07-12 4:11,101
2020-07-12 4:26,98
2020-07-12 4:41,96
2020-07-12 4:56,89
2020-07-12 5:11,75
2020-07-12 5:26,67
2020-07-12 5:41,75
2020-07-12 5:56,89
2020-07-12 6:11,101
2020-07-12 6:26,102
2020-07-12 6:41,100
2020-07-12 6:56,105
2020-07-12 7:11,104
2020-07-12 7:26,103
2020-07-12 7:41,103
2020-07-12 7:56,104
2020-07-12 8:11,110
2020-07-12 8:27,112
2020-07-12 8:42,110
2020-07-12 8:57,112
2020-07-12 9:12,114
2020-07-12 9:27,123
2020-07-12 9:42,144
2020-07-12 9:57,175
2020-07-12 10:12,186
2020-07-12 10:27,185
2020-07-12 10:42,175
2020-07-12 10:57,167
2020-07-12 11:12,165
2020-07-12 11:28,167
2020-07-12 11:43,168
2020-07-12 11:58,167
2020-07-12 12:13,167
2020-07-12 12:28,166
2020-07-12 12:44,145
2020-07-12 12:59,135
2020-07-12 13:14,132
2020-07-12 13:29,122
2020-07-12 13:44,108
2020-07-12 13:59,88
2020-07-12 14:14,89
2020-07-12 14:29,98
2020-07-12 14:44,97
2020-07-12 14:59,90
2020-07-12 15:14,89
2020-07-12 15:29,96
2020-07-12 15:44,106
2020-07-12 15:59,121
2020-07-12 16:14,144
2020-07-12 16:29,154
2020-07-12 16:44,155
2020-07-12 16:59,168
2020-07-12 17:14,186
2020-07-12 17:30,189
2020-07-12 17:45,191
2020-07-12 18:00,192
2020-07-12 18:15,190
2020-07-12 18:30,183
2020-07-12 18:45,173
2020-07-12 19:00,167
2020-07-12 19:15,167
2020-07-12 19:31,171
2020-07-12 19:46,166
2020-07-12 20:01,170
2020-07-12 20:16,178
2020-07-12 20:30,160
2020-07-12 20:45,169
2020-07-12 21:00,177
2020-07-12 21:15,172
2020-07-12 21:31,161
2020-07-12 21:46,148
2020-07-12 22:01,140
2020-07-12 22:16,133
2020-07-12 22:31,129
2020-07-12 22:46,128
2020-07-13 2:35,105
2020-07-13 2:50,103
2020-07-13 3:05,100
2020-07-13 3:20,92
2020-07-13 3:35,93
2020-07-13 3:50,100
2020-07-13 4:05,98
2020-07-13 4:20,97
2020-07-13 4:35,101
2020-07-13 4:50,108
2020-07-13 5:05,109
2020-07-13 5:20,107
2020-07-13 5:35,110
2020-07-13 5:50,114
2020-07-13 6:05,114
2020-07-13 6:20,114
2020-07-13 6:35,114
2020-07-13 6:50,111
2020-07-13 7:05,110
2020-07-13 7:20,110
2020-07-13 7:35,112
2020-07-13 7:50,113
2020-07-13 8:05,115
2020-07-13 8:20,131
2020-07-13 8:35,165
2020-07-13 8:50,189
2020-07-13 9:05,196
2020-07-13 9:20,200
2020-07-13 9:35,197
2020-07-13 9:50,190
2020-07-13 10:05,178
2020-07-13 10:20,163
2020-07-13 10:35,143
2020-07-13 10:50,127
2020-07-13 11:06,112
2020-07-13 11:21,101
2020-07-13 11:36,98
2020-07-13 11:51,97
2020-07-13 12:07,92
2020-07-13 12:22,94
2020-07-13 12:37,99
2020-07-13 12:52,100
2020-07-13 13:07,96
2020-07-13 13:22,96
2020-07-13 13:37,113
2020-07-13 13:52,134
2020-07-13 14:07,131
2020-07-13 14:22,125
2020-07-13 14:37,128
2020-07-13 14:52,126
2020-07-13 15:07,123
2020-07-13 15:22,122
2020-07-13 15:37,122
2020-07-13 15:52,117
2020-07-13 16:07,109
2020-07-13 16:22,105
2020-07-13 16:37,102
2020-07-13 16:52,101
2020-07-13 17:07,103
2020-07-13 17:22,106
2020-07-13 17:37,106
2020-07-13 17:53,111
2020-07-13 18:08,113
2020-07-13 18:23,109
2020-07-13 18:38,110
2020-07-13 18:53,120
2020-07-13 19:08,131
2020-07-13 19:23,132
2020-07-13 19:38,134
2020-07-13 19:53,146
2020-07-13 20:08,155
2020-07-13 20:23,165
2020-07-13 20:38,174
2020-07-13 20:53,186
2020-07-13 21:08,198
2020-07-13 21:23,205
2020-07-13 21:38,214
2020-07-13 21:53,206
2020-07-13 22:09,218
2020-07-13 22:24,233
2020-07-13 22:56,212
2020-07-13 23:11,197
2020-07-13 23:26,187
2020-07-13 23:41,178
2020-07-13 23:56,169
2020-07-14 0:11,168
2020-07-14 0:26,166
2020-07-14 0:41,152
2020-07-14 0:56,139
2020-07-14 1:11,132
2020-07-14 1:26,129
2020-07-14 1:41,125
2020-07-14 1:56,121
2020-07-14 2:11,123
2020-07-14 2:26,134
2020-07-14 2:41,140
2020-07-14 2:56,134
2020-07-14 3:11,131
2020-07-14 3:26,134
2020-07-14 3:41,137
2020-07-14 3:56,135
2020-07-14 4:11,131
2020-07-14 4:26,129
2020-07-14 4:41,130
2020-07-14 4:56,125
2020-07-14 5:11,117
2020-07-14 5:26,114
2020-07-14 5:41,111
2020-07-14 5:56,109
2020-07-14 6:11,110
2020-07-14 6:26,110
2020-07-14 6:41,117
2020-07-14 6:57,118
2020-07-14 7:12,117
2020-07-14 7:27,120
2020-07-14 7:42,142
2020-07-14 7:57,165
2020-07-14 8:12,172
2020-07-14 8:27,173
2020-07-14 8:43,180
2020-07-14 8:58,183
2020-07-14 9:13,178
2020-07-14 9:28,173
2020-07-14 9:43,170
2020-07-14 9:58,163
2020-07-14 10:13,153
2020-07-14 10:28,143
2020-07-14 10:42,131
2020-07-14 10:58,117
2020-07-14 11:13,107
2020-07-14 11:28,99
2020-07-14 11:43,97
2020-07-14 11:58,97
2020-07-14 12:13,96
2020-07-14 12:28,95
2020-07-14 12:44,99
2020-07-14 12:59,98
2020-07-14 13:14,100
2020-07-14 13:29,104
2020-07-14 13:44,112
2020-07-14 13:59,147
2020-07-14 14:13,161
2020-07-14 14:28,163
2020-07-14 14:44,159
2020-07-14 14:59,154
2020-07-14 15:15,146
2020-07-14 15:30,138
2020-07-14 15:45,128
2020-07-14 16:00,117
2020-07-14 16:15,110
2020-07-14 16:30,107
2020-07-14 16:45,107
2020-07-14 17:00,105
2020-07-14 17:15,102
2020-07-14 17:30,101
2020-07-14 17:45,102
2020-07-14 18:00,95
2020-07-14 18:15,94
2020-07-14 18:30,98
2020-07-14 18:45,97
2020-07-14 19:00,97
2020-07-14 19:16,105
2020-07-14 19:31,122
2020-07-14 19:46,142
2020-07-14 20:01,153
2020-07-14 20:16,151
2020-07-14 20:31,141
2020-07-14 20:46,138
2020-07-14 21:01,135
2020-07-14 21:16,124
2020-07-14 21:31,128
2020-07-14 21:46,154
2020-07-14 22:01,177
2020-07-14 22:16,176
2020-07-14 22:31,165
2020-07-14 22:48,147
2020-07-14 23:03,128
2020-07-14 23:18,120
2020-07-14 23:33,115
2020-07-14 23:48,108
2020-07-15 0:03,105
2020-07-15 0:18,102
2020-07-15 0:33,101
2020-07-15 0:48,102
2020-07-15 1:03,99
2020-07-15 1:18,98
2020-07-15 1:33,98
2020-07-15 1:48,106
2020-07-15 2:03,110
2020-07-15 2:18,107
2020-07-15 2:33,106
2020-07-15 2:48,109
2020-07-15 3:03,109
2020-07-15 3:18,110
2020-07-15 3:33,111
2020-07-15 3:48,107
2020-07-15 4:03,103
2020-07-15 4:18,107
2020-07-15 4:33,110
2020-07-15 4:48,110
2020-07-15 5:03,106
2020-07-15 5:18,105
2020-07-15 5:33,113
2020-07-15 5:49,117
2020-07-15 6:04,115
2020-07-15 6:19,116
2020-07-15 6:35,114
2020-07-15 6:50,117
2020-07-15 7:04,127
2020-07-15 7:19,146
2020-07-15 7:34,166
2020-07-15 7:49,170
2020-07-15 8:04,168
2020-07-15 8:19,172
2020-07-15 8:34,187
2020-07-15 8:49,213
2020-07-15 9:05,238
2020-07-15 9:20,230
2020-07-15 9:35,224
2020-07-15 9:50,227
2020-07-15 10:05,219
2020-07-15 10:20,205
2020-07-15 10:35,190
2020-07-15 10:50,172
2020-07-15 11:05,143
2020-07-15 11:21,117
2020-07-15 11:36,117
2020-07-15 11:51,117
2020-07-15 12:06,106
2020-07-15 12:21,90
2020-07-15 12:36,74
2020-07-15 12:51,84
2020-07-15 13:06,92
2020-07-15 13:21,98
2020-07-15 13:36,99
2020-07-15 13:52,115
2020-07-15 14:07,131
2020-07-15 14:22,119
2020-07-15 14:37,101
2020-07-15 14:52,99
2020-07-15 15:07,107
2020-07-15 15:22,109
2020-07-15 15:37,106
2020-07-15 15:53,107
2020-07-15 16:08,110
2020-07-15 16:23,111
2020-07-15 16:38,109
2020-07-15 16:53,107
2020-07-15 17:08,106
2020-07-15 17:23,108
2020-07-15 17:38,108
2020-07-15 17:53,110
2020-07-15 18:08,115
2020-07-15 18:23,114
2020-07-15 18:38,111
2020-07-15 18:53,116
2020-07-15 19:08,133
2020-07-15 19:23,154
2020-07-15 19:38,163
2020-07-15 19:53,163
2020-07-15 20:09,165
2020-07-15 20:24,181
2020-07-15 20:39,196
2020-07-15 20:53,208
2020-07-15 21:08,215
2020-07-15 21:23,206
2020-07-15 21:39,178
2020-07-15 21:54,167
2020-07-15 22:08,175
2020-07-15 22:24,189
2020-07-15 22:39,187
2020-07-15 22:54,183
2020-07-15 23:09,192
2020-07-15 23:24,158
2020-07-15 23:39,159
2020-07-15 23:56,163
2020-07-16 0:11,144
2020-07-16 0:26,135
2020-07-16 0:41,128
2020-07-16 0:56,121
2020-07-16 1:11,122
2020-07-16 1:26,122
2020-07-16 1:41,121
2020-07-16 1:56,125
2020-07-16 2:11,131
2020-07-16 2:26,129
2020-07-16 2:41,127
2020-07-16 2:56,130
2020-07-16 3:11,133
2020-07-16 3:26,134
2020-07-16 3:41,127
2020-07-16 3:56,122
2020-07-16 4:11,123
2020-07-16 4:26,122
2020-07-16 4:41,118
2020-07-16 4:56,116
2020-07-16 5:11,117
2020-07-16 5:26,120
2020-07-16 5:41,115
2020-07-16 5:56,114
2020-07-16 6:11,120
2020-07-16 6:26,122
2020-07-16 6:41,120
2020-07-16 6:56,119
2020-07-16 7:11,122
2020-07-16 7:26,123
2020-07-16 7:42,124
2020-07-16 7:57,124
2020-07-16 8:12,128
2020-07-16 8:27,152
2020-07-16 8:42,174
2020-07-16 8:58,194
2020-07-16 9:13,224
2020-07-16 9:28,229
2020-07-16 9:43,236
2020-07-16 9:58,243
2020-07-16 10:13,239
2020-07-16 10:28,235
2020-07-16 10:43,229
2020-07-16 10:58,209
2020-07-16 11:13,172
2020-07-16 11:28,146
2020-07-16 11:43,142
2020-07-16 11:58,149
2020-07-16 12:13,145
2020-07-16 12:28,121
2020-07-16 12:43,95
2020-07-16 12:58,78
2020-07-16 13:14,68
2020-07-16 13:29,59
2020-07-16 13:44,57
2020-07-16 13:59,62
2020-07-16 14:14,68
2020-07-16 14:29,85
2020-07-16 14:44,112
2020-07-16 14:59,118
2020-07-16 15:14,116
2020-07-16 15:29,108
2020-07-16 15:44,94
2020-07-16 15:59,79
2020-07-16 16:14,89
2020-07-16 16:29,99
2020-07-16 16:45,101
2020-07-16 17:00,100
2020-07-16 17:15,97
2020-07-16 17:30,94
2020-07-16 17:45,93
2020-07-16 18:00,92
2020-07-16 18:15,89
2020-07-16 18:30,89
2020-07-16 18:45,92
2020-07-16 19:00,94
2020-07-16 19:15,93
2020-07-16 19:30,93
2020-07-16 19:45,97
2020-07-16 20:00,104
2020-07-16 20:15,133
2020-07-16 20:30,173
2020-07-16 20:46,211
2020-07-16 21:01,217
2020-07-16 21:16,195
2020-07-16 21:31,172
2020-07-16 21:46,197
2020-07-16 22:02,183
2020-07-16 22:16,148
2020-07-16 22:31,134
2020-07-16 22:47,129
2020-07-16 23:02,127
2020-07-16 23:18,128
2020-07-16 23:33,131
2020-07-16 23:48,126
2020-07-17 0:03,114
2020-07-17 0:18,97
2020-07-17 0:33,86
2020-07-17 0:48,99
2020-07-17 1:03,109
2020-07-17 1:18,97
2020-07-17 1:33,88
2020-07-17 1:48,101
2020-07-17 2:03,102
2020-07-17 2:18,91
2020-07-17 2:33,87
2020-07-17 2:48,87
2020-07-17 3:03,85
2020-07-17 3:18,83
2020-07-17 3:33,83
2020-07-17 3:48,81
2020-07-17 4:03,83
2020-07-17 4:18,87
2020-07-17 4:33,78
2020-07-17 4:48,69
2020-07-17 5:03,81
2020-07-17 5:18,94
2020-07-17 5:34,100
2020-07-17 5:49,104
2020-07-17 6:04,108
2020-07-17 6:19,111
2020-07-17 6:34,111
2020-07-17 6:49,107
2020-07-17 7:04,103
2020-07-17 7:19,105
2020-07-17 7:34,111
2020-07-17 7:49,116
2020-07-17 8:04,133
2020-07-17 8:19,166
2020-07-17 8:34,199
2020-07-17 8:50,218
2020-07-17 9:05,242
2020-07-17 9:20,252
2020-07-17 9:35,257
2020-07-17 9:50,254
2020-07-17 10:05,242
2020-07-17 10:20,230
2020-07-17 10:35,207
2020-07-17 10:51,163
2020-07-17 11:06,131
2020-07-17 11:21,115
2020-07-17 11:36,103
2020-07-17 11:51,97
2020-07-17 12:06,94
2020-07-17 12:21,86
2020-07-17 12:36,86
2020-07-17 12:51,100
2020-07-17 13:06,100
2020-07-17 13:21,102
2020-07-17 13:36,103
2020-07-17 13:51,101
2020-07-17 14:07,97
2020-07-17 14:22,93
2020-07-17 14:36,93
2020-07-17 14:52,95
2020-07-17 15:07,98
2020-07-17 15:22,100
2020-07-17 15:37,99
2020-07-17 15:52,100
2020-07-17 16:07,102
2020-07-17 16:22,100
2020-07-17 16:37,99
2020-07-17 16:52,96
2020-07-17 17:07,88
2020-07-17 17:23,96
2020-07-17 17:38,103
2020-07-17 17:53,102
2020-07-17 18:08,100
2020-07-17 18:23,100
2020-07-17 18:38,101
2020-07-17 18:53,98
2020-07-17 19:08,94
2020-07-17 19:23,89
2020-07-17 19:38,87
2020-07-17 19:53,87
2020-07-17 20:08,87
2020-07-17 20:23,89
2020-07-17 20:38,104
2020-07-17 20:53,137
2020-07-17 21:08,161
2020-07-17 21:23,165
2020-07-17 21:38,166
2020-07-17 21:53,175
2020-07-17 22:08,185
2020-07-17 22:24,184
2020-07-17 22:39,189
2020-07-17 22:54,190
2020-07-17 23:09,165
2020-07-17 23:24,146
2020-07-17 23:39,125
2020-07-17 23:54,132
2020-07-18 0:26,128
2020-07-18 0:41,121
2020-07-18 0:56,120
2020-07-18 1:11,124
2020-07-18 1:26,117
2020-07-18 1:41,109
2020-07-18 1:56,114
2020-07-18 2:11,118
2020-07-18 2:26,121
2020-07-18 2:41,122
2020-07-18 2:56,121
2020-07-18 3:11,121
2020-07-18 3:26,121
2020-07-18 3:41,118
2020-07-18 3:56,115
2020-07-18 4:11,115
2020-07-18 4:26,114
2020-07-18 4:41,117
2020-07-18 4:56,119
2020-07-18 5:11,119
2020-07-18 5:26,120
2020-07-18 5:41,119
2020-07-18 5:56,117
2020-07-18 6:11,111
2020-07-18 6:26,108
2020-07-18 6:41,107
2020-07-18 6:56,106
2020-07-18 7:11,107
2020-07-18 7:26,109
2020-07-18 7:41,110
2020-07-18 7:56,112
2020-07-18 8:12,115
2020-07-18 8:27,116
2020-07-18 8:42,119
2020-07-18 8:57,123
2020-07-18 9:12,124
2020-07-18 9:27,134
2020-07-18 9:42,156
2020-07-18 9:57,177
2020-07-18 10:13,190
2020-07-18 10:28,200
2020-07-18 10:43,217
2020-07-18 10:58,227
2020-07-18 11:13,190
2020-07-18 11:27,156
2020-07-18 11:42,142
2020-07-18 11:58,138
2020-07-18 12:13,131
2020-07-18 12:29,115
2020-07-18 12:44,103
2020-07-18 12:59,95
2020-07-18 13:14,94
2020-07-18 13:29,108
2020-07-18 13:44,119
2020-07-18 13:59,132
2020-07-18 14:14,162
2020-07-18 14:29,174
2020-07-18 14:44,170
2020-07-18 14:59,160
2020-07-18 15:14,152
2020-07-18 15:29,151
2020-07-18 15:45,161
2020-07-18 16:00,166
2020-07-18 16:15,160
2020-07-18 16:30,153
2020-07-18 16:45,148
2020-07-18 17:00,153
2020-07-18 17:15,159
2020-07-18 17:30,150
2020-07-18 17:45,132
2020-07-18 18:00,114
2020-07-18 18:15,99
2020-07-18 18:30,102
2020-07-18 18:45,108
2020-07-18 19:00,105
2020-07-18 19:15,103
2020-07-18 19:30,100
2020-07-18 19:45,95
2020-07-18 20:00,92
2020-07-18 20:16,97
2020-07-18 20:31,109
2020-07-18 20:46,122
2020-07-18 21:01,138
2020-07-18 21:16,145
2020-07-18 21:31,144
2020-07-18 21:46,152
2020-07-18 22:02,130
2020-07-18 22:16,136
2020-07-18 22:31,143
2020-07-18 22:46,143
2020-07-18 23:01,144
2020-07-18 23:18,147
2020-07-18 23:33,135
2020-07-18 23:48,122
2020-07-19 0:03,113
2020-07-19 0:18,108
2020-07-19 0:33,105
2020-07-19 0:48,99
2020-07-19 1:03,98
2020-07-19 1:18,97
2020-07-19 1:33,98
2020-07-19 1:48,99
2020-07-19 2:03,99
2020-07-19 2:18,100
2020-07-19 2:33,97
2020-07-19 2:48,99
2020-07-19 3:03,107
2020-07-19 3:18,110
2020-07-19 3:33,106
2020-07-19 3:48,99
2020-07-19 4:03,91
2020-07-19 4:18,91
2020-07-19 4:33,101
2020-07-19 4:48,104
2020-07-19 5:03,103
2020-07-19 5:18,99
2020-07-19 5:34,100
2020-07-19 5:49,98
2020-07-19 6:05,100
2020-07-19 6:20,105
2020-07-19 6:35,105
2020-07-19 6:50,104
2020-07-19 7:05,105
2020-07-19 7:20,105
2020-07-19 7:35,103
2020-07-19 7:50,100
2020-07-19 8:05,102
2020-07-19 8:20,105
2020-07-19 8:35,105
2020-07-19 8:50,107
2020-07-19 9:05,110
2020-07-19 9:20,117
2020-07-19 9:35,142
2020-07-19 9:50,161
2020-07-19 10:05,170
2020-07-19 10:20,173
2020-07-19 10:35,171
2020-07-19 10:50,178
2020-07-19 11:05,182
2020-07-19 11:20,204
2020-07-19 11:35,230
2020-07-19 11:50,238
2020-07-19 12:06,228
2020-07-19 12:21,218
2020-07-19 12:36,204
2020-07-19 12:51,202
2020-07-19 13:06,190
2020-07-19 13:21,169
2020-07-19 13:37,154
2020-07-19 13:51,142
2020-07-19 14:06,119
2020-07-19 14:21,105
2020-07-19 14:36,107
2020-07-19 14:51,110
2020-07-19 15:07,111
2020-07-19 15:22,107
2020-07-19 15:37,104
2020-07-19 15:52,105
2020-07-19 16:06,104
2020-07-19 16:21,111
2020-07-19 16:37,136
2020-07-19 16:52,151
2020-07-19 17:07,159
2020-07-19 17:22,157
2020-07-19 17:37,141
2020-07-19 17:52,118
2020-07-19 18:07,110
2020-07-19 18:23,100
2020-07-19 18:38,92
2020-07-19 18:53,102
2020-07-19 19:08,136
2020-07-19 19:23,141
2020-07-19 19:38,141
2020-07-19 19:53,136
2020-07-19 20:08,122
2020-07-19 20:23,107
2020-07-19 20:38,96
2020-07-19 20:53,103
2020-07-19 21:08,105
2020-07-19 21:23,100
2020-07-19 21:38,99
2020-07-19 21:53,100
2020-07-19 22:08,106
2020-07-19 22:25,125
2020-07-19 22:40,131
2020-07-19 22:55,124
2020-07-19 23:10,116
2020-07-19 23:25,113
2020-07-19 23:40,110
2020-07-19 23:55,107
2020-07-20 0:10,103
2020-07-20 0:25,99
2020-07-20 0:40,99
2020-07-20 0:55,101
2020-07-20 1:10,104
2020-07-20 1:25,104
2020-07-20 1:40,101
2020-07-20 1:55,99
2020-07-20 2:10,93
2020-07-20 2:25,88
2020-07-20 2:40,89
2020-07-20 2:55,89
2020-07-20 3:10,87
2020-07-20 3:25,93
2020-07-20 3:40,95
2020-07-20 3:57,98
2020-07-20 4:12,100
2020-07-20 4:27,102
2020-07-20 4:42,103
2020-07-20 4:57,103
2020-07-20 5:12,103
2020-07-20 5:27,103
2020-07-20 5:42,104
2020-07-20 5:57,104
2020-07-20 6:12,103
2020-07-20 6:27,105
2020-07-20 6:42,109
2020-07-20 6:57,113
2020-07-20 7:12,114
2020-07-20 7:27,114
2020-07-20 7:42,116
2020-07-20 7:57,134
2020-07-20 8:12,167
2020-07-20 8:27,192
2020-07-20 8:42,204
2020-07-20 8:57,223
2020-07-20 9:12,237
2020-07-20 9:27,238
2020-07-20 9:42,233
2020-07-20 9:57,218
2020-07-20 10:13,192
2020-07-20 10:28,165
2020-07-20 10:43,148
2020-07-20 10:58,135
2020-07-20 11:13,130
2020-07-20 11:28,125
2020-07-20 11:43,116
2020-07-20 11:58,100
2020-07-20 12:13,91
2020-07-20 12:28,92
2020-07-20 12:44,89
2020-07-20 12:59,85
2020-07-20 13:13,91
2020-07-20 13:28,102
2020-07-20 13:43,106
2020-07-20 13:59,95
2020-07-20 14:14,90
2020-07-20 14:29,89
2020-07-20 14:44,94
2020-07-20 14:59,101
2020-07-20 15:14,108
2020-07-20 15:29,117
2020-07-20 15:46,116
2020-07-20 16:01,111
2020-07-20 16:16,109
2020-07-20 16:31,106
2020-07-20 16:46,100
2020-07-20 17:01,94
2020-07-20 17:16,89
2020-07-20 17:31,86
2020-07-20 17:46,87
2020-07-20 18:01,90
2020-07-20 18:16,94
2020-07-20 18:31,95
2020-07-20 18:46,99
2020-07-20 19:01,127
2020-07-20 19:16,170
2020-07-20 19:30,205
2020-07-20 19:45,198
2020-07-20 20:00,185
2020-07-20 20:15,172
2020-07-20 20:30,164
2020-07-20 20:45,165
2020-07-20 21:01,158
2020-07-20 21:16,150
2020-07-20 21:31,117
2020-07-21 0:04,99
2020-07-21 0:19,94
2020-07-21 0:34,89
2020-07-21 0:49,87
2020-07-21 1:04,87
2020-07-21 1:19,87
2020-07-21 1:34,88
2020-07-21 1:49,91
2020-07-21 2:04,94
2020-07-21 2:19,93
2020-07-21 2:34,92
2020-07-21 2:49,98
2020-07-21 3:04,97
2020-07-21 3:19,92
2020-07-21 3:34,91
2020-07-21 3:49,89
2020-07-21 4:04,91
2020-07-21 4:19,96
2020-07-21 4:34,103
2020-07-21 4:49,103
2020-07-21 5:04,98
2020-07-21 5:19,98
2020-07-21 5:34,96
2020-07-21 5:49,88
2020-07-21 6:04,84
2020-07-21 6:19,91
2020-07-21 6:34,94
2020-07-21 6:49,90
2020-07-21 7:04,93
2020-07-21 7:19,101
2020-07-21 7:34,104
2020-07-21 7:49,109
2020-07-21 8:04,124
2020-07-21 8:19,157
2020-07-21 8:34,193
2020-07-21 8:49,213
2020-07-21 9:05,230
2020-07-21 9:20,214
2020-07-21 9:35,185
2020-07-21 9:50,181
2020-07-21 10:05,179
2020-07-21 10:20,167
2020-07-21 10:35,158
2020-07-21 10:50,152
2020-07-21 11:05,132
2020-07-21 11:20,107
2020-07-21 11:35,102
2020-07-21 11:51,92
2020-07-21 12:06,81
2020-07-21 12:21,77
2020-07-21 12:36,86
2020-07-21 12:51,86
2020-07-21 13:06,86
2020-07-21 13:21,96
2020-07-21 13:36,96
2020-07-21 13:51,94
2020-07-21 14:06,101
2020-07-21 14:21,103
2020-07-21 14:36,103
2020-07-21 14:51,101
2020-07-21 15:06,98
2020-07-21 15:21,105
2020-07-21 15:37,135
2020-07-21 15:52,151
2020-07-21 16:07,128
2020-07-21 16:22,105
2020-07-21 16:37,102
2020-07-21 16:52,106
2020-07-21 17:07,110
2020-07-21 17:23,117
2020-07-21 17:38,118
2020-07-21 17:53,113
2020-07-21 18:08,109
2020-07-21 18:23,105
2020-07-21 18:38,101
2020-07-21 18:53,97
2020-07-21 19:08,98
2020-07-21 19:23,99
2020-07-21 19:38,98
2020-07-21 19:53,93
2020-07-21 20:08,97
2020-07-21 20:23,112
2020-07-21 20:38,113
2020-07-21 20:53,118
2020-07-21 21:08,136
2020-07-21 21:23,150
2020-07-21 21:39,144
2020-07-21 21:54,147
2020-07-21 22:09,165
2020-07-21 22:24,179
2020-07-21 22:39,185
2020-07-21 22:54,185
2020-07-21 23:09,171
2020-07-21 23:24,157
2020-07-21 23:39,153
2020-07-21 23:57,134
2020-07-22 0:12,126
2020-07-22 0:27,125
2020-07-22 0:42,123
2020-07-22 0:57,119
2020-07-22 1:12,116
2020-07-22 1:27,113
2020-07-22 1:42,112
2020-07-22 1:57,109
2020-07-22 2:12,107
2020-07-22 2:27,108
2020-07-22 2:42,107
2020-07-22 2:57,105
2020-07-22 3:12,98
2020-07-22 3:27,94
2020-07-22 3:42,98
2020-07-22 3:57,99
2020-07-22 4:12,98
2020-07-22 4:27,98
2020-07-22 4:42,97
2020-07-22 4:57,96
2020-07-22 5:12,93
2020-07-22 5:27,91
2020-07-22 5:42,95
2020-07-22 5:57,98
2020-07-22 6:11,98
2020-07-22 6:26,100
2020-07-22 6:41,104
2020-07-22 6:56,110
2020-07-22 7:11,116
2020-07-22 7:26,125
2020-07-22 7:42,156
2020-07-22 7:57,176
2020-07-22 8:12,162
2020-07-22 8:27,149
2020-07-22 8:43,148
2020-07-22 8:58,148
2020-07-22 9:13,144
2020-07-22 9:28,137
2020-07-22 9:43,139
2020-07-22 9:58,137
2020-07-22 10:13,125
2020-07-22 10:28,112
2020-07-22 10:43,103
2020-07-22 10:58,95
2020-07-22 11:13,90
2020-07-22 11:28,85
2020-07-22 11:43,88
2020-07-22 11:58,91
2020-07-22 12:13,90
2020-07-22 12:28,100
2020-07-22 12:43,117
2020-07-23 13:51,118
2020-07-23 14:06,114
2020-07-23 14:21,108
2020-07-23 14:36,102
2020-07-23 14:51,97
2020-07-23 15:06,97
2020-07-23 15:21,95
2020-07-23 15:36,91
2020-07-23 15:51,89
2020-07-23 16:05,85
2020-07-23 16:20,81
2020-07-23 16:35,83
2020-07-23 16:50,93
2020-07-23 17:05,93
2020-07-23 17:20,87
2020-07-23 17:35,86
2020-07-23 17:50,84
2020-07-23 18:05,83
2020-07-23 18:20,83
2020-07-23 18:35,83
2020-07-23 18:50,82
2020-07-23 19:05,82
2020-07-23 19:20,84
2020-07-23 19:36,83
2020-07-23 19:51,96
2020-07-23 20:06,114
2020-07-23 20:20,129
2020-07-23 20:35,147
2020-07-23 20:50,151
2020-07-23 21:06,156
2020-07-23 21:21,168
2020-07-23 21:36,157
2020-07-23 21:51,159
2020-07-23 22:06,155
2020-07-23 22:21,134
2020-07-23 22:36,133
2020-07-23 22:51,130
2020-07-23 23:06,121
2020-07-23 23:21,115
2020-07-23 23:36,108
2020-07-23 23:51,109
2020-07-24 0:06,111
2020-07-24 0:21,111
2020-07-24 0:36,112
2020-07-24 0:51,104
2020-07-24 1:06,98
2020-07-24 1:21,104
2020-07-24 1:36,111
2020-07-24 1:51,104
2020-07-24 2:06,86
2020-07-24 2:21,85
2020-07-24 2:36,107
2020-07-24 2:51,114
2020-07-24 3:06,109
2020-07-24 3:21,104
2020-07-24 3:36,104
2020-07-24 3:51,104
2020-07-24 4:06,102
2020-07-24 4:21,98
2020-07-24 4:36,97
2020-07-24 4:51,100
2020-07-24 5:06,107
2020-07-24 5:21,107
2020-07-24 5:36,107
2020-07-24 5:51,112
2020-07-24 6:06,117
2020-07-24 6:21,111
2020-07-24 6:36,102
2020-07-24 6:51,101
2020-07-24 7:06,103
2020-07-24 7:21,104
2020-07-24 7:36,107
2020-07-24 7:51,110
2020-07-24 8:06,115
2020-07-24 8:21,122
2020-07-24 8:36,122
2020-07-24 8:51,120
2020-07-24 9:06,121
2020-07-24 9:21,125
2020-07-24 9:36,125
2020-07-24 9:51,121
2020-07-24 10:05,118
2020-07-24 10:20,118
2020-07-24 10:35,120
2020-07-24 10:50,116
2020-07-24 11:05,109
2020-07-24 11:21,109
2020-07-24 11:36,116
2020-07-24 11:51,113
2020-07-24 12:06,112
2020-07-24 12:21,151
2020-07-24 12:36,190
2020-07-24 12:51,200
2020-07-24 13:06,193
2020-07-24 13:20,179
2020-07-24 13:35,163
2020-07-24 13:50,145
2020-07-24 14:05,129
2020-07-24 14:20,115
2020-07-24 14:35,108
2020-07-24 14:51,111
2020-07-24 15:06,115
2020-07-24 15:21,126
2020-07-24 15:36,137
2020-07-24 15:51,140
2020-07-24 16:06,132
2020-07-24 16:21,119
2020-07-24 16:35,114
2020-07-24 16:50,119
2020-07-24 17:05,119
2020-07-24 17:21,116
2020-07-24 17:36,113
2020-07-24 17:51,94
2020-07-24 18:06,83
2020-07-24 18:21,91
2020-07-24 18:36,116
2020-07-24 18:51,141
2020-07-24 19:06,136
2020-07-24 19:21,120
2020-07-24 19:36,130
2020-07-24 19:51,145
2020-07-24 20:06,144
2020-07-24 20:21,137
2020-07-24 20:36,129
2020-07-24 20:51,117
2020-07-24 21:06,109
2020-07-24 21:21,107
2020-07-24 21:36,112
2020-07-24 21:51,118
2020-07-24 22:06,119
2020-07-24 22:21,117
2020-07-24 22:36,114
2020-07-24 22:51,112
2020-07-24 23:06,111
2020-07-24 23:21,111
2020-07-24 23:36,109
2020-07-24 23:51,107
2020-07-25 0:06,106
2020-07-25 0:21,105
2020-07-25 0:36,110
2020-07-25 0:51,110
2020-07-25 1:06,109
2020-07-25 1:21,111
2020-07-25 1:36,110
2020-07-25 1:51,111
2020-07-25 2:06,112
2020-07-25 2:21,111
2020-07-25 2:36,111
2020-07-25 2:51,110
2020-07-25 3:06,108
2020-07-25 3:21,108
2020-07-25 3:36,106
2020-07-25 3:51,106
2020-07-25 4:06,106
2020-07-25 4:21,104
2020-07-25 4:36,105
2020-07-25 4:51,107
2020-07-25 5:06,108
2020-07-25 5:21,110
2020-07-25 5:36,113
2020-07-25 5:51,116
2020-07-25 6:06,115
2020-07-25 6:21,118
2020-07-25 6:36,120
2020-07-25 6:51,121
2020-07-25 7:06,121
2020-07-25 7:21,119
2020-07-25 7:35,116
2020-07-25 7:50,116
2020-07-25 8:05,117
2020-07-25 8:20,115
2020-07-25 8:35,111
2020-07-25 8:50,109
2020-07-25 9:06,111
2020-07-25 9:21,114
2020-07-25 9:36,117
2020-07-25 9:51,117
2020-07-25 10:06,115
2020-07-25 10:21,113
2020-07-25 10:36,113
2020-07-25 10:51,112
2020-07-25 11:06,114
2020-07-25 11:21,116
2020-07-25 11:36,120
2020-07-25 11:51,146
2020-07-25 12:06,183
2020-07-25 12:21,200
2020-07-25 12:36,216
2020-07-25 12:51,225
2020-07-25 13:06,228
2020-07-25 13:21,225
2020-07-25 13:36,217
2020-07-25 13:51,207
2020-07-25 14:06,198
2020-07-25 14:21,194
2020-07-25 14:36,187
2020-07-25 14:51,165
2020-07-25 15:06,131
2020-07-25 15:21,96
2020-07-25 15:36,73
2020-07-25 15:51,64
2020-07-25 16:06,65
2020-07-25 16:21,65
2020-07-25 16:36,71
2020-07-25 16:51,74
2020-07-25 17:06,73
2020-07-25 17:20,78
2020-07-25 17:35,85
2020-07-25 17:51,82
2020-07-25 18:06,83
2020-07-25 18:21,88
2020-07-25 18:36,95
2020-07-25 18:51,99
2020-07-25 19:06,99
2020-07-25 19:21,98
2020-07-25 19:36,101
2020-07-25 19:51,113
2020-07-25 20:06,121
2020-07-25 20:21,116
2020-07-25 20:36,113
2020-07-25 20:51,110
2020-07-25 21:06,108
2020-07-25 21:21,112
2020-07-25 21:36,110
2020-07-25 21:51,108
2020-07-25 22:06,107
2020-07-25 22:21,103
2020-07-25 22:36,101
2020-07-25 22:51,101
2020-07-25 23:06,99
2020-07-25 23:21,97
2020-07-25 23:36,99
2020-07-25 23:51,98
2020-07-26 0:06,95
2020-07-26 0:21,96
2020-07-26 0:36,97
2020-07-26 0:51,93
2020-07-26 1:06,88
2020-07-26 1:21,90
2020-07-26 1:36,93
2020-07-26 1:51,95
2020-07-26 2:06,95
2020-07-26 2:21,92
2020-07-26 2:36,89
2020-07-26 2:51,85
2020-07-26 3:06,86
2020-07-26 3:21,90
2020-07-26 3:36,91
2020-07-26 3:51,92
2020-07-26 4:06,93
2020-07-26 4:21,91
2020-07-26 4:36,84
2020-07-26 4:51,81
2020-07-26 5:06,86
2020-07-26 5:21,93
2020-07-26 5:36,94
2020-07-26 5:51,94
2020-07-26 6:06,95
2020-07-26 6:21,92
2020-07-26 6:36,104
2020-07-26 6:51,131
2020-07-26 7:06,150
2020-07-26 7:21,165
2020-07-26 7:36,176
2020-07-26 7:51,194
2020-07-26 8:06,192
2020-07-26 8:21,188
2020-07-26 8:36,191
2020-07-26 8:51,193
2020-07-26 9:06,189
2020-07-26 9:21,177
2020-07-26 9:36,162
2020-07-26 9:51,130
2020-07-26 10:06,106
2020-07-26 10:21,112
2020-07-26 10:36,112
2020-07-26 10:51,115
2020-07-26 11:06,122
2020-07-26 11:21,121
2020-07-26 11:36,118
2020-07-26 11:52,114
2020-07-26 12:07,110
2020-07-26 12:21,111
2020-07-26 12:36,115
2020-07-26 12:51,121
2020-07-26 13:06,122
2020-07-26 13:21,122
2020-07-26 13:36,119
2020-07-26 13:51,110
2020-07-26 14:06,100
2020-07-26 14:21,96
2020-07-26 14:36,90
2020-07-26 14:51,91
2020-07-26 15:06,94
2020-07-26 15:21,92
2020-07-26 15:36,90
2020-07-26 15:51,88
2020-07-26 16:06,88
2020-07-26 16:21,92
2020-07-26 16:36,91
2020-07-26 16:51,91
2020-07-26 17:06,90
2020-07-26 17:21,90
2020-07-26 17:36,90
2020-07-26 17:51,90
2020-07-26 18:06,94
2020-07-26 18:21,90
2020-07-26 18:36,89
2020-07-26 18:51,89
2020-07-26 19:06,91
2020-07-26 19:21,91
2020-07-26 19:36,91
2020-07-26 19:51,94
2020-07-26 20:06,95
2020-07-26 20:21,88
2020-07-26 20:36,93
2020-07-26 20:51,95
2020-07-26 21:06,101
2020-07-26 21:21,108
2020-07-26 21:36,117
2020-07-26 21:52,124
2020-07-26 22:06,132
2020-07-26 22:21,137
2020-07-26 22:36,137
2020-07-26 22:52,134
2020-07-26 23:07,133
2020-07-26 23:21,135
2020-07-26 23:36,128
2020-07-26 23:51,123
2020-07-27 0:06,118
2020-07-27 0:21,114
2020-07-27 0:36,109
2020-07-27 0:51,105
2020-07-27 1:06,103
2020-07-27 1:21,103
2020-07-27 1:36,102
2020-07-27 1:51,101
2020-07-27 2:06,101
2020-07-27 2:21,100
2020-07-27 2:36,98
2020-07-27 2:51,93
2020-07-27 3:06,91
2020-07-27 3:21,93
2020-07-27 3:36,94
2020-07-27 3:52,94
2020-07-27 4:07,92
2020-07-27 4:21,93
2020-07-27 4:36,93
2020-07-27 4:51,95
2020-07-27 5:06,95
2020-07-27 5:21,94
2020-07-27 5:36,96
2020-07-27 5:51,95
2020-07-27 6:06,91
2020-07-27 6:21,89
2020-07-27 6:36,91
2020-07-27 6:51,91
2020-07-27 7:06,92
2020-07-27 7:21,95
2020-07-27 7:36,96
2020-07-27 7:51,98
2020-07-27 8:06,119
2020-07-27 8:21,150
2020-07-27 8:37,179
2020-07-27 8:51,188
2020-07-27 9:06,184
2020-07-27 9:21,188
2020-07-27 9:36,204
2020-07-27 9:51,212
2020-07-27 10:06,205
2020-07-27 10:21,186
2020-07-27 10:36,154
2020-07-27 10:51,133
2020-07-27 11:06,121
2020-07-27 11:21,112
2020-07-27 11:36,101
2020-07-27 11:51,102
2020-07-27 12:07,111
2020-07-27 12:22,110
2020-07-27 12:37,100
2020-07-27 12:51,99
2020-07-27 13:06,109
2020-07-27 13:21,117
2020-07-27 13:36,113
2020-07-27 13:51,101
2020-07-27 14:07,86
2020-07-27 14:22,92
2020-07-27 14:37,100
2020-07-27 14:51,105
2020-07-27 15:06,111
2020-07-27 15:21,111
2020-07-27 15:36,109
2020-07-27 15:51,107
2020-07-27 16:07,106
2020-07-27 16:22,104
2020-07-27 16:37,106
2020-07-27 16:52,105
2020-07-27 17:07,107
2020-07-27 17:22,102
2020-07-27 17:37,100
2020-07-27 17:52,100
2020-07-27 18:07,100
2020-07-27 18:22,101
2020-07-27 18:37,101
2020-07-27 18:51,105
2020-07-27 19:06,116
2020-07-27 19:22,124
2020-07-27 19:37,128
2020-07-27 19:52,127
2020-07-27 20:07,129
2020-07-27 20:22,141
2020-07-27 20:37,162
2020-07-27 20:51,169
2020-07-27 21:06,172
2020-07-27 21:22,162
2020-07-27 21:37,146
2020-07-27 21:52,122
2020-07-27 22:22,125
2020-07-27 22:37,123
2020-07-27 22:52,134
2020-07-27 23:07,144
2020-07-27 23:22,144
2020-07-27 23:37,141
2020-07-27 23:52,135
2020-07-28 0:07,130
2020-07-28 0:22,125
2020-07-28 0:37,119
2020-07-28 0:52,113
2020-07-28 1:07,108
2020-07-28 1:22,107
2020-07-28 1:37,106
2020-07-28 1:52,100
2020-07-28 2:07,99
2020-07-28 2:22,109
2020-07-28 2:37,115
2020-07-28 2:52,107
2020-07-28 3:07,100
2020-07-28 3:22,103
2020-07-28 3:37,106
2020-07-28 3:52,105
2020-07-28 4:07,103
2020-07-28 4:22,94
2020-07-28 4:37,93
2020-07-28 4:52,105
2020-07-28 5:07,99
2020-07-28 5:22,87
2020-07-28 5:37,92
2020-07-28 5:52,103
2020-07-28 6:06,103
2020-07-28 6:21,102
2020-07-28 6:36,99
2020-07-28 6:51,101
2020-07-28 7:06,102
2020-07-28 7:21,103
2020-07-28 7:37,108
2020-07-28 7:52,106
2020-07-28 8:07,105
2020-07-28 8:22,104
2020-07-28 8:37,105
2020-07-28 8:52,107
2020-07-28 9:07,106
2020-07-28 9:22,107
2020-07-28 9:37,107
2020-07-28 9:52,106
2020-07-28 10:07,113
2020-07-28 10:22,123
2020-07-28 10:37,123
2020-07-28 10:52,122
2020-07-28 11:07,128
2020-07-28 11:22,144
2020-07-28 11:36,170
2020-07-28 11:51,177
2020-07-28 12:07,172
2020-07-28 12:21,170
2020-07-28 12:36,155
2020-07-28 12:51,134
2020-07-28 13:07,123
2020-07-28 13:22,123
2020-07-28 13:37,131
2020-07-28 13:52,135
2020-07-28 14:07,130
2020-07-28 14:22,131
2020-07-28 14:37,139
2020-07-28 14:52,139
2020-07-28 15:07,131
2020-07-28 15:22,125
2020-07-28 15:37,121
2020-07-28 15:51,126
2020-07-28 16:06,121
2020-07-28 16:21,110
2020-07-28 16:36,121
2020-07-28 16:51,130
2020-07-28 17:06,123
2020-07-28 17:21,117
2020-07-28 17:36,123
2020-07-28 17:51,131
2020-07-28 18:06,128
2020-07-28 18:22,106
2020-07-28 18:36,78
2020-07-28 18:51,75
2020-07-28 19:06,82
2020-07-28 19:22,90
2020-07-28 19:37,88
2020-07-28 19:51,92
2020-07-28 20:06,95
2020-07-28 20:21,97
2020-07-28 20:36,97
2020-07-28 20:52,99
2020-07-28 21:07,99
2020-07-28 21:21,95
2020-07-28 21:36,94
2020-07-28 22:36,92
2020-07-28 22:51,92
2020-07-28 23:06,89
2020-07-28 23:21,89
2020-07-28 23:36,93
2020-07-28 23:51,94
2020-07-29 0:06,94
2020-07-29 0:21,95
2020-07-29 0:36,97
2020-07-29 0:51,95
2020-07-29 1:06,94
2020-07-29 1:21,95
2020-07-29 1:36,94
2020-07-29 1:51,94
2020-07-29 2:06,92
2020-07-29 2:21,87
2020-07-29 2:36,88
2020-07-29 2:51,91
2020-07-29 3:06,90
2020-07-29 3:21,88
2020-07-29 3:36,90
2020-07-29 3:51,89
2020-07-29 4:06,87
2020-07-29 4:21,83
2020-07-29 4:36,86
2020-07-29 4:51,91
2020-07-29 5:06,91
2020-07-29 5:21,89
2020-07-29 5:36,90
2020-07-29 5:51,94
2020-07-29 6:06,94
2020-07-29 6:21,92
2020-07-29 6:36,92
2020-07-29 6:51,96
2020-07-29 7:06,101
2020-07-29 7:22,117
2020-07-29 7:37,139
2020-07-29 7:51,167
2020-07-29 8:06,177
2020-07-29 8:21,179
2020-07-29 8:36,174
2020-07-29 8:51,166
2020-07-29 9:06,170
2020-07-29 9:21,170
2020-07-29 9:36,156
2020-07-29 9:51,140
2020-07-29 10:06,127
2020-07-29 10:21,115
2020-07-29 10:37,101
2020-07-29 10:52,98
2020-07-29 11:06,100
2020-07-29 11:21,97
2020-07-29 11:36,98
2020-07-29 11:51,104
2020-07-29 12:07,101
2020-07-29 12:21,89
2020-07-29 12:36,87
2020-07-29 12:51,88
2020-07-29 13:06,86
2020-07-29 13:22,83
2020-07-29 13:37,80
2020-07-29 13:51,94
2020-07-29 14:06,102
2020-07-29 14:21,102
2020-07-29 14:37,99
2020-07-29 14:52,96
2020-07-29 15:07,87
2020-07-29 15:22,84
2020-07-29 15:37,91
2020-07-29 15:52,96
2020-07-29 16:07,93
2020-07-29 16:22,90
2020-07-29 16:37,91
2020-07-29 16:52,92
2020-07-29 17:07,88
2020-07-29 17:22,86
2020-07-29 17:37,89
2020-07-29 17:52,87
2020-07-29 18:07,81
2020-07-29 18:22,79
2020-07-29 18:37,79
2020-07-29 18:52,83
2020-07-29 19:07,83
2020-07-29 19:22,82
2020-07-29 19:37,80
2020-07-29 19:52,83
2020-07-29 20:07,92
2020-07-29 20:21,115
2020-07-29 20:36,151
2020-07-29 20:52,142
2020-07-29 21:06,127
2020-07-29 21:21,121
2020-07-29 21:36,127
2020-07-29 21:51,131
2020-07-29 22:06,126
2020-07-29 22:22,112
2020-07-29 22:37,96
2020-07-29 22:52,94
2020-07-29 23:36,94
2020-07-29 23:51,93
2020-07-30 0:06,90
2020-07-30 0:21,89
2020-07-30 0:36,89
2020-07-30 0:51,87
2020-07-30 1:06,85
2020-07-30 1:21,83
2020-07-30 1:36,82
2020-07-30 1:51,82
2020-07-30 2:06,79
2020-07-30 2:21,76
2020-07-30 2:36,76
2020-07-30 2:51,78
2020-07-30 3:06,80
2020-07-30 3:21,79
2020-07-30 3:36,78
2020-07-30 3:51,78
2020-07-30 4:06,76
2020-07-30 4:21,76
2020-07-30 4:36,79
2020-07-30 4:51,79
2020-07-30 5:06,78
2020-07-30 5:21,78
2020-07-30 5:36,81
2020-07-30 5:51,81
2020-07-30 6:06,81
2020-07-30 6:21,81
2020-07-30 6:36,83
2020-07-30 6:51,86
2020-07-30 7:06,85
2020-07-30 7:22,87
2020-07-30 7:37,105
2020-07-30 7:51,139
2020-07-30 8:06,149
2020-07-30 8:22,151
2020-07-30 8:37,157
2020-07-30 8:52,161
2020-07-30 9:07,167
2020-07-30 9:22,168
2020-07-30 9:37,164
2020-07-30 9:52,154
2020-07-30 10:06,135
2020-07-30 10:21,122
2020-07-30 10:36,114
2020-07-30 10:51,105
2020-07-30 11:07,102
2020-07-30 11:22,97
2020-07-30 11:37,96
2020-07-30 11:52,99
2020-07-30 12:07,108
2020-07-30 12:21,121
2020-07-30 12:36,120
2020-07-30 12:51,118
2020-07-30 13:06,112
2020-07-30 13:21,107
2020-07-30 13:36,104
2020-07-30 13:51,101
2020-07-30 14:06,102
2020-07-30 14:21,103
2020-07-30 14:36,105
2020-07-30 14:51,102
2020-07-30 15:06,98
2020-07-30 15:21,94
2020-07-30 15:36,93
2020-07-30 15:51,96
2020-07-30 16:06,101
2020-07-30 16:21,102
2020-07-30 16:36,100
2020-07-30 16:51,100
2020-07-30 17:06,101
2020-07-30 17:21,99
2020-07-30 17:36,95
2020-07-30 17:51,95
2020-07-30 18:06,99
2020-07-30 18:21,99
2020-07-30 18:36,98
2020-07-30 18:52,102
2020-07-30 19:07,113
2020-07-30 19:22,133
2020-07-30 19:37,157
2020-07-30 19:52,173
2020-07-30 20:06,182
2020-07-30 20:21,189
2020-07-30 20:36,169
2020-07-30 20:51,138
2020-07-30 21:06,128
2020-07-30 21:21,123
2020-07-30 21:36,116
2020-07-30 21:51,106
2020-07-30 22:06,104
2020-07-30 22:21,106
2020-07-30 22:36,107
2020-07-30 22:51,105
2020-07-30 23:06,101
2020-07-30 23:21,101
2020-07-30 23:36,96
2020-07-30 23:51,95
2020-07-31 0:06,94
2020-07-31 0:21,90
2020-07-31 0:36,93
2020-07-31 0:51,93
2020-07-31 1:06,93
2020-07-31 1:21,93
2020-07-31 1:36,93
2020-07-31 1:51,93
2020-07-31 2:06,91
2020-07-31 2:21,92
2020-07-31 2:36,90
2020-07-31 2:51,89
2020-07-31 3:06,91
2020-07-31 3:21,92
2020-07-31 3:36,93
2020-07-31 3:51,95
2020-07-31 4:06,92
2020-07-31 4:21,92
2020-07-31 4:36,93
2020-07-31 4:51,92
2020-07-31 5:06,91
2020-07-31 5:21,94
2020-07-31 5:36,96
2020-07-31 5:51,95
2020-07-31 6:06,94
2020-07-31 6:21,93
2020-07-31 6:36,93
2020-07-31 6:51,96
2020-07-31 7:06,96
2020-07-31 7:21,98
2020-07-31 7:36,113
2020-07-31 7:51,151
2020-07-31 8:06,173
2020-07-31 8:21,181
2020-07-31 8:36,181
2020-07-31 8:51,179
2020-07-31 9:06,169
2020-07-31 9:21,156
2020-07-31 9:36,146
2020-07-31 9:52,130
2020-07-31 10:07,124
2020-07-31 10:21,130
2020-07-31 10:37,126
2020-07-31 10:52,112
2020-07-31 11:06,108
2020-07-31 11:21,111
2020-07-31 11:36,118
2020-07-31 11:51,123
2020-07-31 12:06,124
2020-07-31 12:21,124
2020-07-31 12:36,125
2020-07-31 12:51,131
2020-07-31 13:06,139
2020-07-31 13:21,141
2020-07-31 13:36,138
2020-07-31 13:51,138
2020-07-31 14:06,141
2020-07-31 14:21,140
2020-07-31 14:36,138
2020-07-31 14:51,139
2020-07-31 15:06,140
2020-07-31 15:21,137
2020-07-31 15:36,135
2020-07-31 15:51,134
2020-07-31 16:06,132
2020-07-31 16:21,131
2020-07-31 16:36,132
2020-07-31 16:51,147
2020-07-31 17:06,180
2020-07-31 17:21,209
2020-07-31 17:36,224
2020-07-31 17:51,225
2020-07-31 18:06,221
2020-07-31 18:21,217
2020-07-31 18:36,200
2020-07-31 18:51,181
2020-07-31 19:06,161
2020-07-31 19:22,147
2020-07-31 19:36,156
2020-07-31 19:51,139
2020-07-31 20:06,123
2020-07-31 20:21,113
2020-07-31 20:36,103
2020-07-31 20:51,108
2020-07-31 21:06,141
2020-07-31 21:21,174
2020-07-31 21:37,191
2020-07-31 21:51,156
2020-07-31 22:06,147
2020-08-01 0:51,99
2020-08-01 1:06,95
2020-08-01 1:21,93
2020-08-01 1:36,86
2020-08-01 1:51,81
2020-08-01 2:06,83
2020-08-01 2:21,84
2020-08-01 2:36,81
2020-08-01 2:51,78
2020-08-01 3:06,79
2020-08-01 3:21,81
2020-08-01 3:36,81
2020-08-01 3:51,83
2020-08-01 4:06,86
2020-08-01 4:21,88
2020-08-01 4:36,87
2020-08-01 4:51,77
2020-08-01 5:06,76
2020-08-01 5:21,88
2020-08-01 5:36,91
2020-08-01 5:51,91
2020-08-01 6:06,91
2020-08-01 6:21,92
2020-08-01 6:36,94
2020-08-01 6:51,97
2020-08-01 7:06,97
2020-08-01 7:21,97
2020-08-01 7:36,103
2020-08-01 7:51,102
2020-08-01 8:06,101
2020-08-01 8:21,107
2020-08-01 8:36,120
2020-08-01 8:51,143
2020-08-01 9:06,157
2020-08-01 9:21,170
2020-08-01 9:36,177
2020-08-01 9:51,189
2020-08-01 10:06,200
2020-08-01 10:22,189
2020-08-01 10:37,185
2020-08-01 10:51,196
2020-08-01 11:06,207
2020-08-01 11:22,214
2020-08-01 11:37,210
2020-08-01 11:51,199
2020-08-01 12:06,191
2020-08-01 12:22,175
2020-08-01 12:36,145
2020-08-01 12:51,124
2020-08-01 13:06,106
2020-08-01 13:22,89
2020-08-01 13:36,76
2020-08-01 13:51,72
2020-08-01 14:06,72
2020-08-01 14:21,85
2020-08-01 14:36,99
2020-08-01 14:51,103
2020-08-01 15:06,102
2020-08-01 15:22,103
2020-08-01 15:37,97
2020-08-01 15:52,86
2020-08-01 16:07,83
2020-08-01 16:22,87
2020-08-01 16:37,92
2020-08-01 16:52,93
2020-08-01 17:06,94
2020-08-01 17:21,97
2020-08-01 17:36,95
2020-08-01 17:51,93
2020-08-01 18:06,92
2020-08-01 18:21,92
2020-08-01 18:36,93
2020-08-01 18:51,94
2020-08-01 19:06,94
2020-08-01 19:21,94
2020-08-01 19:36,95
2020-08-01 19:51,96
2020-08-01 20:06,95
2020-08-01 20:21,93
2020-08-01 20:36,94
2020-08-01 20:51,95
2020-08-01 21:06,99
2020-08-01 21:21,102
2020-08-01 21:36,105
2020-08-01 21:51,125
2020-08-01 22:06,129
2020-08-01 22:21,122
2020-08-01 22:36,134
2020-08-01 22:51,156
2020-08-01 23:06,173
2020-08-01 23:21,184
2020-08-01 23:36,186
2020-08-01 23:51,182
2020-08-02 0:06,170
2020-08-02 0:21,150
2020-08-02 0:36,138
2020-08-02 0:51,128
2020-08-02 1:06,122
2020-08-02 1:21,119
2020-08-02 1:36,114
2020-08-02 1:51,114
2020-08-02 2:06,115
2020-08-02 2:21,113
2020-08-02 2:36,114
2020-08-02 2:51,114
2020-08-02 3:06,113
2020-08-02 3:21,115
2020-08-02 3:36,110
2020-08-02 3:51,106
2020-08-02 4:06,107
2020-08-02 4:21,106
2020-08-02 4:36,102
2020-08-02 4:51,97
2020-08-02 5:06,94
2020-08-02 5:21,94
2020-08-02 5:36,94
2020-08-02 5:51,92
2020-08-02 6:06,94
2020-08-02 6:21,99
2020-08-02 6:36,100
2020-08-02 6:51,94
2020-08-02 7:06,90
2020-08-02 7:21,91
2020-08-02 7:36,94
2020-08-02 7:51,98
2020-08-02 8:06,103
2020-08-02 8:21,113
2020-08-02 8:36,122
2020-08-02 8:51,125
2020-08-02 9:06,134
2020-08-02 9:21,149
2020-08-02 9:36,168
2020-08-02 9:51,193
2020-08-02 10:06,194
2020-08-02 10:21,182
2020-08-02 10:36,168
2020-08-02 10:51,145
2020-08-02 11:06,116
2020-08-02 11:21,105
2020-08-02 11:36,110
2020-08-02 11:51,108
2020-08-02 12:06,99
2020-08-02 12:21,88
2020-08-02 12:36,81
2020-08-02 12:51,76
2020-08-02 13:06,73
2020-08-02 13:21,74
2020-08-02 13:36,73
2020-08-02 13:51,75
2020-08-02 14:06,84
2020-08-02 14:22,91
2020-08-02 14:37,98
2020-08-02 14:52,102
2020-08-02 15:06,99
2020-08-02 15:21,100
2020-08-02 15:36,101
2020-08-02 15:51,101
2020-08-02 16:06,101
2020-08-02 16:21,99
2020-08-02 16:36,100
2020-08-02 16:51,100
2020-08-02 17:06,98
2020-08-02 17:21,98
2020-08-02 17:36,99
2020-08-02 17:51,94
2020-08-02 18:06,92
2020-08-02 18:21,93
2020-08-02 18:36,92
2020-08-02 18:51,90
2020-08-02 19:06,92
2020-08-02 19:21,90
2020-08-02 19:36,86
2020-08-02 19:51,96
2020-08-02 20:06,116
2020-08-02 20:21,122
2020-08-02 20:36,119
2020-08-02 20:51,123
2020-08-02 21:06,135
2020-08-02 21:21,145
2020-08-02 21:36,149
2020-08-02 21:51,146
2020-08-02 22:06,144
2020-08-02 22:22,149
2020-08-02 22:37,145
2020-08-02 22:52,137
2020-08-03 1:21,98
2020-08-03 1:36,99
2020-08-03 1:51,101
2020-08-03 2:06,101
2020-08-03 2:21,100
2020-08-03 2:36,102
2020-08-03 2:51,102
2020-08-03 3:06,99
2020-08-03 3:21,98
2020-08-03 3:36,100
2020-08-03 3:51,105
2020-08-03 4:06,106
2020-08-03 4:21,104
2020-08-03 4:36,106
2020-08-03 4:51,108
2020-08-03 5:06,104
2020-08-03 5:21,102
2020-08-03 5:36,102
2020-08-03 5:51,100
2020-08-03 6:06,98
2020-08-03 6:21,93
2020-08-03 6:36,94
2020-08-03 6:51,97
2020-08-03 7:06,95
2020-08-03 7:21,93
2020-08-03 7:36,98
2020-08-03 7:51,105
2020-08-03 8:06,107
2020-08-03 8:21,105
2020-08-03 8:36,107
2020-08-03 8:51,110
2020-08-03 9:06,109
2020-08-03 9:21,113
2020-08-03 9:36,114
2020-08-03 9:51,110
2020-08-03 10:06,110
2020-08-03 10:21,116
2020-08-03 10:36,121
2020-08-03 10:51,119
2020-08-03 11:06,117
2020-08-03 11:21,116
2020-08-03 11:36,117
2020-08-03 11:51,121
2020-08-03 12:06,133
2020-08-03 12:21,143
2020-08-03 12:36,154
2020-08-03 12:51,174
2020-08-03 13:06,194
2020-08-03 13:21,202
2020-08-03 13:36,196
2020-08-03 13:51,187
2020-08-03 14:06,174
2020-08-03 14:21,156
2020-08-03 14:36,134
2020-08-03 14:51,117
2020-08-03 15:06,97
2020-08-03 15:21,87
2020-08-03 15:36,90
2020-08-03 15:51,93
2020-08-03 16:06,94
2020-08-03 16:21,89
2020-08-03 16:36,80
2020-08-03 16:51,75
2020-08-03 17:06,78
2020-08-03 17:22,85
2020-08-03 17:37,99
2020-08-03 17:52,103
2020-08-03 18:07,102
2020-08-03 18:21,102
2020-08-03 18:36,101
2020-08-03 18:51,96
2020-08-03 19:06,93
2020-08-03 19:21,91
2020-08-03 19:36,92
2020-08-03 19:51,101
2020-08-03 20:06,115
2020-08-03 20:21,118
2020-08-03 20:36,115
2020-08-03 20:51,117
2020-08-03 21:06,126
2020-08-03 21:21,114
2020-08-03 21:36,113
2020-08-03 21:51,127
2020-08-03 22:06,128
2020-08-03 22:21,121
2020-08-03 23:36,115
2020-08-03 23:51,113
2020-08-04 0:06,104
2020-08-04 0:21,100
2020-08-04 0:36,98
2020-08-04 0:51,94
2020-08-04 1:06,95
2020-08-04 1:21,96
2020-08-04 1:36,95
2020-08-04 1:51,94
2020-08-04 2:06,94
2020-08-04 2:21,92
2020-08-04 2:36,93
2020-08-04 2:51,99
2020-08-04 3:06,96
2020-08-04 3:21,97
2020-08-04 3:36,95
2020-08-04 3:51,92
2020-08-04 4:06,93
2020-08-04 4:21,92
2020-08-04 4:36,94
2020-08-04 4:51,96
2020-08-04 5:06,96
2020-08-04 5:21,97
2020-08-04 5:36,95
2020-08-04 5:51,94
2020-08-04 6:06,95
2020-08-04 6:21,96
2020-08-04 6:36,94
2020-08-04 6:51,95
2020-08-04 7:06,98
2020-08-04 7:21,102
2020-08-04 7:36,105
2020-08-04 7:51,109
2020-08-04 8:06,114
2020-08-04 8:21,115
2020-08-04 8:36,112
2020-08-04 8:51,111
2020-08-04 9:06,113
2020-08-04 9:21,112
2020-08-04 9:36,111
2020-08-04 9:51,124
2020-08-04 10:06,149
2020-08-04 10:21,171
2020-08-04 10:36,189
2020-08-04 10:51,198
2020-08-04 11:06,198
2020-08-04 11:21,188
2020-08-04 11:36,177
2020-08-04 11:51,161
2020-08-04 12:06,149
2020-08-04 12:21,142
2020-08-04 12:36,132
2020-08-04 12:51,108
2020-08-04 13:06,100
2020-08-04 13:21,106
2020-08-04 13:36,110
2020-08-04 13:51,107
2020-08-04 14:06,97
2020-08-04 14:21,93
2020-08-04 14:36,89
2020-08-04 14:51,84
2020-08-04 15:06,81
2020-08-04 15:21,82
2020-08-04 15:36,83
2020-08-04 15:51,87
2020-08-04 16:06,89
2020-08-04 16:21,88
2020-08-04 16:36,86
2020-08-04 16:51,86
2020-08-04 17:06,89
2020-08-04 17:21,90
2020-08-04 17:36,87
2020-08-04 17:51,89
2020-08-04 18:06,91
2020-08-04 18:21,96
2020-08-04 18:36,105
2020-08-04 18:51,113
2020-08-04 19:06,116
2020-08-04 19:21,113
2020-08-04 19:36,101
2020-08-04 19:51,95
2020-08-04 20:06,91
2020-08-04 20:21,97
2020-08-04 20:36,117
2020-08-04 20:51,132
2020-08-04 21:06,120
2020-08-04 21:21,104
2020-08-04 21:36,101
2020-08-04 21:51,103
2020-08-04 22:06,105
2020-08-04 22:21,96
2020-08-04 22:36,92
2020-08-04 22:51,91
2020-08-05 0:21,82
2020-08-05 0:36,84
2020-08-05 0:51,83
2020-08-05 1:06,81
2020-08-05 1:21,81
2020-08-05 1:36,82
2020-08-05 1:51,85
2020-08-05 2:06,87
2020-08-05 2:21,85
2020-08-05 2:36,86
2020-08-05 2:51,87
2020-08-05 3:06,84
2020-08-05 3:21,82
2020-08-05 3:36,79
2020-08-05 3:51,77
2020-08-05 4:06,77
2020-08-05 4:21,78
2020-08-05 4:36,80
2020-08-05 4:51,83
2020-08-05 5:06,84
2020-08-05 5:21,81
2020-08-05 5:36,79
2020-08-05 5:51,83
2020-08-05 6:06,85
2020-08-05 6:21,84
2020-08-05 6:36,90
2020-08-05 6:51,95
2020-08-05 7:06,94
2020-08-05 7:21,91
2020-08-05 7:36,92
2020-08-05 7:51,96
2020-08-05 8:06,101
2020-08-05 8:21,106
2020-08-05 8:36,112
2020-08-05 8:51,120
2020-08-05 9:06,130
2020-08-05 9:21,133
2020-08-05 9:36,142
2020-08-05 9:51,157
2020-08-05 10:06,170
2020-08-05 10:21,185
2020-08-05 10:36,195
2020-08-05 10:51,180
2020-08-05 11:06,146
2020-08-05 11:21,125
2020-08-05 11:36,124
2020-08-05 11:51,132
2020-08-05 12:05,131
2020-08-05 12:21,116
2020-08-05 12:36,111
2020-08-05 12:51,104
2020-08-05 13:06,107
2020-08-05 13:21,118
2020-08-05 13:36,123
2020-08-05 13:51,123
2020-08-05 14:06,114
2020-08-05 14:21,104
2020-08-05 14:36,105
2020-08-05 14:51,109
2020-08-05 15:06,110
2020-08-05 15:21,102
2020-08-05 15:36,88
2020-08-05 15:51,90
2020-08-05 16:06,100
2020-08-05 16:21,101
2020-08-05 16:36,99
2020-08-05 16:51,96
2020-08-05 17:06,91
2020-08-05 17:21,93
2020-08-05 17:36,110
2020-08-05 17:51,121
2020-08-05 18:06,125
2020-08-05 18:21,126
2020-08-05 18:36,125
2020-08-05 18:51,126
2020-08-05 19:06,126
2020-08-05 19:21,124
2020-08-05 19:36,120
2020-08-05 19:51,121
2020-08-05 20:06,128
2020-08-05 20:21,128
2020-08-05 20:36,126
2020-08-05 20:51,123
2020-08-05 21:06,123
2020-08-05 21:21,125
2020-08-05 21:36,123
2020-08-05 21:51,117
2020-08-05 22:06,109
2020-08-05 22:21,106
2020-08-05 22:36,103
2020-08-06 1:06,90
2020-08-06 1:21,89
2020-08-06 1:36,88
2020-08-06 1:51,89
2020-08-06 2:06,89
2020-08-06 2:21,86
2020-08-06 2:36,90
2020-08-06 2:51,93
2020-08-06 3:06,87
2020-08-06 3:21,86
2020-08-06 3:36,89
2020-08-06 3:51,89
2020-08-06 4:06,90
2020-08-06 4:21,90
2020-08-06 4:36,88
2020-08-06 4:51,87
2020-08-06 5:06,89
2020-08-06 5:21,88
2020-08-06 5:36,87
2020-08-06 5:51,88
2020-08-06 6:06,90
2020-08-06 6:21,89
2020-08-06 6:36,86
2020-08-06 6:51,87
2020-08-06 7:06,88
2020-08-06 7:21,88
2020-08-06 7:36,91
2020-08-06 7:51,94
2020-08-06 8:06,93
2020-08-06 8:21,91
2020-08-06 8:36,92
2020-08-06 8:51,95
2020-08-06 9:06,97
2020-08-06 9:21,100
2020-08-06 9:36,107
2020-08-06 9:51,109
2020-08-06 10:06,116
2020-08-06 10:21,126
2020-08-06 10:36,133
2020-08-06 10:51,146
2020-08-06 11:06,162
2020-08-06 11:21,153
2020-08-06 11:36,154
2020-08-06 11:51,155
