,0,1
1,2020-7-8 15:30,173
2,2020-7-8 15:45,169
3,2020-7-8 16:00,155
4,2020-7-8 16:15,136
5,2020-7-8 16:30,120
6,2020-7-8 16:45,111
7,2020-7-8 17:00,97
8,2020-7-8 17:15,76
9,2020-7-8 17:30,66
10,2020-7-8 17:45,58
11,2020-7-8 18:00,46
12,2020-7-8 18:15,40
13,2020-7-8 18:30,40
14,2020-7-8 18:45,40
15,2020-7-8 19:00,40
16,2020-7-8 19:15,40
17,2020-7-8 19:30,40
18,2020-7-8 19:45,40
19,2020-7-8 20:00,40
20,2020-7-8 20:15,40
21,2020-7-8 20:30,40
22,2020-7-8 20:45,52
23,2020-7-8 21:00,76
24,2020-7-8 21:15,87
25,2020-7-8 21:30,92
26,2020-7-9 00:45,88
27,2020-7-9 01:00,91
28,2020-7-9 01:15,97
29,2020-7-9 01:30,98
30,2020-7-9 01:45,99
31,2020-7-9 02:00,101
32,2020-7-9 02:15,101
33,2020-7-9 02:30,106
34,2020-7-9 02:45,113
35,2020-7-9 03:00,115
36,2020-7-9 03:15,106
37,2020-7-9 03:30,100
38,2020-7-9 03:45,98
39,2020-7-9 04:00,101
40,2020-7-9 04:15,111
41,2020-7-9 04:30,109
42,2020-7-9 04:45,100
43,2020-7-9 05:00,94
44,2020-7-9 05:15,96
45,2020-7-9 05:30,101
46,2020-7-9 05:45,106
47,2020-7-9 06:00,113
48,2020-7-9 06:15,116
49,2020-7-9 06:30,116
50,2020-7-9 06:45,117
51,2020-7-9 07:00,120
52,2020-7-9 07:15,124
53,2020-7-9 07:30,130
54,2020-7-9 07:45,137
55,2020-7-9 08:00,151
56,2020-7-9 08:15,173
57,2020-7-9 08:30,193
58,2020-7-9 08:45,197
59,2020-7-9 09:00,214
60,2020-7-9 09:15,231
61,2020-7-9 09:30,232
62,2020-7-9 09:45,231
63,2020-7-9 10:00,231
64,2020-7-9 10:15,223
65,2020-7-9 10:30,212
66,2020-7-9 10:45,201
67,2020-7-9 11:00,182
68,2020-7-9 11:15,161
69,2020-7-9 11:30,137
70,2020-7-9 11:45,107
71,2020-7-9 12:00,87
72,2020-7-9 12:15,78
73,2020-7-9 12:30,73
74,2020-7-9 12:45,82
75,2020-7-9 13:00,96
76,2020-7-9 13:30,100
77,2020-7-9 13:45,105
78,2020-7-9 14:00,105
79,2020-7-9 14:15,105
80,2020-7-9 14:30,103
81,2020-7-9 14:45,100
82,2020-7-9 15:00,101
83,2020-7-9 15:15,104
84,2020-7-9 15:30,108
85,2020-7-9 15:45,112
86,2020-7-9 16:00,112
87,2020-7-9 16:15,105
88,2020-7-9 16:30,94
89,2020-7-9 16:45,91
90,2020-7-9 17:00,102
91,2020-7-9 17:15,112
92,2020-7-9 17:30,114
93,2020-7-9 17:45,114
94,2020-7-9 18:00,116
95,2020-7-9 18:15,117
96,2020-7-9 18:30,118
97,2020-7-9 18:45,121
98,2020-7-9 19:00,123
99,2020-7-9 19:15,119
100,2020-7-9 19:30,123
101,2020-7-9 19:45,152
102,2020-7-9 20:00,191
103,2020-7-9 20:15,210
104,2020-7-9 20:30,215
105,2020-7-9 20:45,221
106,2020-7-9 21:00,225
107,2020-7-9 21:15,231
108,2020-7-9 21:30,236
109,2020-7-9 21:45,233
110,2020-7-9 22:00,227
111,2020-7-9 22:15,218
112,2020-7-9 22:30,229
113,2020-7-9 22:45,231
114,2020-7-9 23:00,219
115,2020-7-9 23:15,206
116,2020-7-9 00:00,158
117,2020-7-10 00:15,147
118,2020-7-10 00:30,135
119,2020-7-10 00:45,128
120,2020-7-10 01:00,128
121,2020-7-10 01:15,130
122,2020-7-10 01:30,130
123,2020-7-10 01:45,127
124,2020-7-10 02:00,122
125,2020-7-10 02:15,121
126,2020-7-10 02:30,120
127,2020-7-10 02:45,119
128,2020-7-10 03:00,121
129,2020-7-10 03:15,125
130,2020-7-10 03:30,122
131,2020-7-10 03:45,120
132,2020-7-10 04:00,122
133,2020-7-10 04:15,125
134,2020-7-10 04:30,124
135,2020-7-10 04:45,121
136,2020-7-10 05:00,121
137,2020-7-10 05:15,121
138,2020-7-10 05:30,119
139,2020-7-10 05:45,121
140,2020-7-10 06:00,124
141,2020-7-10 06:15,122
142,2020-7-10 06:30,122
143,2020-7-10 06:45,125
144,2020-7-10 07:00,128
145,2020-7-10 07:15,130
146,2020-7-10 07:30,131
147,2020-7-10 07:45,131
148,2020-7-10 08:00,132
149,2020-7-10 08:15,132
150,2020-7-10 08:30,137
151,2020-7-10 08:45,151
152,2020-7-10 09:00,169
153,2020-7-10 09:15,183
154,2020-7-10 09:30,197
155,2020-7-10 09:45,207
156,2020-7-10 10:00,213
157,2020-7-10 10:15,233
158,2020-7-10 10:30,254
159,2020-7-10 10:45,262
160,2020-7-10 11:00,263
161,2020-7-10 11:15,256
162,2020-7-10 11:30,241
163,2020-7-10 11:45,214
164,2020-7-10 12:00,186
165,2020-7-10 12:15,174
166,2020-7-10 12:30,167
167,2020-7-10 12:45,154
168,2020-7-10 13:00,132
169,2020-7-10 13:15,110
170,2020-7-10 13:30,107
171,2020-7-10 13:45,140
172,2020-7-10 14:00,171
173,2020-7-10 14:15,204
174,2020-7-10 14:30,224
175,2020-7-10 14:45,227
176,2020-7-10 15:00,219
177,2020-7-10 15:15,205
178,2020-7-10 15:30,179
179,2020-7-10 15:45,154
180,2020-7-10 16:00,148
181,2020-7-10 16:15,151
182,2020-7-10 16:30,151
183,2020-7-10 16:45,148
184,2020-7-10 17:00,149
185,2020-7-10 17:15,148
186,2020-7-10 17:30,136
187,2020-7-10 17:45,126
188,2020-7-10 18:00,122
189,2020-7-10 18:15,119
190,2020-7-10 18:30,117
191,2020-7-10 18:45,112
192,2020-7-10 19:00,106
193,2020-7-10 19:15,105
194,2020-7-10 19:30,106
195,2020-7-10 19:45,100
196,2020-7-10 20:00,99
197,2020-7-10 20:15,109
198,2020-7-10 20:30,120
199,2020-7-10 20:45,123
200,2020-7-10 21:00,123
201,2020-7-10 21:15,122
202,2020-7-10 21:30,124
203,2020-7-10 21:45,133
204,2020-7-10 22:00,152
205,2020-7-10 22:15,182
206,2020-7-10 22:30,206
207,2020-7-10 22:45,222
208,2020-7-10 23:00,231
209,2020-7-10 23:15,230
210,2020-7-10 23:30,214
211,2020-7-10 23:45,209
212,2020-7-11 00:00,204
213,2020-7-11 00:15,195
214,2020-7-11 00:30,180
215,2020-7-11 01:00,169
216,2020-7-11 01:15,169
217,2020-7-11 01:30,162
218,2020-7-11 01:45,157
219,2020-7-11 02:00,159
220,2020-7-11 02:15,163
221,2020-7-11 02:30,167
222,2020-7-11 02:45,170
223,2020-7-11 03:00,170
224,2020-7-11 03:15,167
225,2020-7-11 03:30,165
226,2020-7-11 03:45,159
227,2020-7-11 04:00,150
228,2020-7-11 04:15,143
229,2020-7-11 04:30,139
230,2020-7-11 04:45,136
231,2020-7-11 05:00,137
232,2020-7-11 05:15,140
233,2020-7-11 05:30,139
234,2020-7-11 05:45,139
235,2020-7-11 06:00,136
236,2020-7-11 06:15,129
237,2020-7-11 06:30,122
238,2020-7-11 06:45,120
239,2020-7-11 07:00,120
240,2020-7-11 07:15,118
241,2020-7-11 07:30,111
242,2020-7-11 07:45,111
243,2020-7-11 08:00,114
244,2020-7-11 08:15,114
245,2020-7-11 08:30,118
246,2020-7-11 08:45,117
247,2020-7-11 09:00,120
248,2020-7-11 09:15,123
249,2020-7-11 09:30,122
250,2020-7-11 09:45,133
251,2020-7-11 10:00,164
252,2020-7-11 10:15,187
253,2020-7-11 10:30,203
254,2020-7-11 10:45,203
255,2020-7-11 11:00,199
256,2020-7-11 11:15,200
257,2020-7-11 11:30,211
258,2020-7-11 11:45,220
259,2020-7-11 12:00,213
260,2020-7-11 12:15,199
261,2020-7-11 12:30,192
262,2020-7-11 12:45,182
263,2020-7-11 13:00,156
264,2020-7-11 13:15,125
265,2020-7-11 13:30,104
266,2020-7-11 13:45,97
267,2020-7-11 14:00,98
268,2020-7-11 14:15,101
269,2020-7-11 14:30,101
270,2020-7-11 14:45,101
271,2020-7-11 15:00,101
272,2020-7-11 15:15,101
273,2020-7-11 15:30,100
274,2020-7-11 15:45,97
275,2020-7-11 16:00,98
276,2020-7-11 16:15,94
277,2020-7-11 16:30,89
278,2020-7-11 16:45,90
279,2020-7-11 17:00,90
280,2020-7-11 17:15,91
281,2020-7-11 17:30,93
282,2020-7-11 17:45,92
283,2020-7-11 18:00,95
284,2020-7-11 18:15,98
285,2020-7-11 18:30,100
286,2020-7-11 18:45,108
287,2020-7-11 19:00,117
288,2020-7-11 19:15,124
289,2020-7-11 19:45,136
290,2020-7-11 20:00,145
291,2020-7-11 20:15,154
292,2020-7-11 20:30,168
293,2020-7-11 20:45,174
294,2020-7-11 21:00,174
295,2020-7-11 21:15,174
296,2020-7-11 21:30,178
297,2020-7-11 21:45,176
298,2020-7-11 22:00,169
299,2020-7-11 22:15,161
300,2020-7-11 23:45,102
301,2020-7-11 00:00,92
302,2020-7-12 00:15,88
303,2020-7-12 00:30,93
304,2020-7-12 00:45,93
305,2020-7-12 01:00,87
306,2020-7-12 01:15,83
307,2020-7-12 01:30,77
308,2020-7-12 01:45,71
309,2020-7-12 02:00,81
310,2020-7-12 02:15,97
311,2020-7-12 02:30,96
312,2020-7-12 02:45,95
313,2020-7-12 03:00,99
314,2020-7-12 03:15,98
315,2020-7-12 03:30,96
316,2020-7-12 03:45,100
317,2020-7-12 04:00,104
318,2020-7-12 04:15,101
319,2020-7-12 04:30,98
320,2020-7-12 04:45,96
321,2020-7-12 05:00,89
322,2020-7-12 05:15,75
323,2020-7-12 05:30,67
324,2020-7-12 05:45,75
325,2020-7-12 06:00,89
326,2020-7-12 06:15,101
327,2020-7-12 06:30,102
328,2020-7-12 06:45,100
329,2020-7-12 07:00,105
330,2020-7-12 07:15,104
331,2020-7-12 07:30,103
332,2020-7-12 07:45,103
333,2020-7-12 08:00,104
334,2020-7-12 08:15,110
335,2020-7-12 08:30,112
336,2020-7-12 08:45,110
337,2020-7-12 09:00,112
338,2020-7-12 09:15,114
339,2020-7-12 09:30,123
340,2020-7-12 09:45,144
341,2020-7-12 10:00,175
342,2020-7-12 10:15,186
343,2020-7-12 10:30,185
344,2020-7-12 10:45,175
345,2020-7-12 11:00,167
346,2020-7-12 11:15,165
347,2020-7-12 11:30,167
348,2020-7-12 11:45,168
349,2020-7-12 12:00,167
350,2020-7-12 12:15,167
351,2020-7-12 12:30,166
352,2020-7-12 12:45,145
353,2020-7-12 13:00,135
354,2020-7-12 13:15,132
355,2020-7-12 13:30,122
356,2020-7-12 13:45,108
357,2020-7-12 14:00,88
358,2020-7-12 14:15,89
359,2020-7-12 14:30,98
360,2020-7-12 14:45,97
361,2020-7-12 15:00,90
362,2020-7-12 15:15,89
363,2020-7-12 15:30,96
364,2020-7-12 15:45,106
365,2020-7-12 16:00,121
366,2020-7-12 16:15,144
367,2020-7-12 16:30,154
368,2020-7-12 16:45,155
369,2020-7-12 17:00,168
370,2020-7-12 17:15,186
371,2020-7-12 17:30,189
372,2020-7-12 17:45,191
373,2020-7-12 18:00,192
374,2020-7-12 18:15,190
375,2020-7-12 18:30,183
376,2020-7-12 18:45,173
377,2020-7-12 19:00,167
378,2020-7-12 19:15,167
379,2020-7-12 19:30,171
380,2020-7-12 19:45,166
381,2020-7-12 20:00,170
382,2020-7-12 20:15,178
383,2020-7-12 20:30,160
384,2020-7-12 20:45,169
385,2020-7-12 21:00,177
386,2020-7-12 21:15,172
387,2020-7-12 21:30,161
388,2020-7-12 21:45,148
389,2020-7-12 22:00,140
390,2020-7-12 22:15,133
391,2020-7-12 22:30,129
392,2020-7-12 22:45,128
393,2020-7-13 02:30,105
394,2020-7-13 02:45,103
395,2020-7-13 03:00,100
396,2020-7-13 03:15,92
397,2020-7-13 03:30,93
398,2020-7-13 03:45,100
399,2020-7-13 04:00,98
400,2020-7-13 04:15,97
401,2020-7-13 04:30,101
402,2020-7-13 04:45,108
403,2020-7-13 05:00,109
404,2020-7-13 05:15,107
405,2020-7-13 05:30,110
406,2020-7-13 05:45,114
407,2020-7-13 06:00,114
408,2020-7-13 06:15,114
409,2020-7-13 06:30,114
410,2020-7-13 06:45,111
411,2020-7-13 07:00,110
412,2020-7-13 07:15,110
413,2020-7-13 07:30,112
414,2020-7-13 07:45,113
415,2020-7-13 08:00,115
416,2020-7-13 08:15,131
417,2020-7-13 08:30,165
418,2020-7-13 08:45,189
419,2020-7-13 09:00,196
420,2020-7-13 09:15,200
421,2020-7-13 09:30,197
422,2020-7-13 09:45,190
423,2020-7-13 10:00,178
424,2020-7-13 10:15,163
425,2020-7-13 10:30,143
426,2020-7-13 10:45,127
427,2020-7-13 11:00,112
428,2020-7-13 11:15,101
429,2020-7-13 11:30,98
430,2020-7-13 11:45,97
431,2020-7-13 12:00,92
432,2020-7-13 12:15,94
433,2020-7-13 12:30,99
434,2020-7-13 12:45,100
435,2020-7-13 13:00,96
436,2020-7-13 13:15,96
437,2020-7-13 13:30,113
438,2020-7-13 13:45,134
439,2020-7-13 14:00,131
440,2020-7-13 14:15,125
441,2020-7-13 14:30,128
442,2020-7-13 14:45,126
443,2020-7-13 15:00,123
444,2020-7-13 15:15,122
445,2020-7-13 15:30,122
446,2020-7-13 15:45,117
447,2020-7-13 16:00,109
448,2020-7-13 16:15,105
449,2020-7-13 16:30,102
450,2020-7-13 16:45,101
451,2020-7-13 17:00,103
452,2020-7-13 17:15,106
453,2020-7-13 17:30,106
454,2020-7-13 18:00,111
455,2020-7-13 18:15,113
456,2020-7-13 18:30,109
457,2020-7-13 18:45,110
458,2020-7-13 19:00,120
459,2020-7-13 19:15,131
460,2020-7-13 19:30,132
461,2020-7-13 19:45,134
462,2020-7-13 20:00,146
463,2020-7-13 20:15,155
464,2020-7-13 20:30,165
465,2020-7-13 20:45,174
466,2020-7-13 21:00,186
467,2020-7-13 21:15,198
468,2020-7-13 21:30,205
469,2020-7-13 21:45,214
470,2020-7-13 22:00,206
471,2020-7-13 22:15,218
472,2020-7-13 22:30,233
473,2020-7-13 23:00,212
474,2020-7-13 23:15,197
475,2020-7-13 23:30,187
476,2020-7-13 23:45,178
477,2020-7-13 00:00,169
478,2020-7-14 00:15,168
479,2020-7-14 00:30,166
480,2020-7-14 00:45,152
481,2020-7-14 01:00,139
482,2020-7-14 01:15,132
483,2020-7-14 01:30,129
484,2020-7-14 01:45,125
485,2020-7-14 02:00,121
486,2020-7-14 02:15,123
487,2020-7-14 02:30,134
488,2020-7-14 02:45,140
489,2020-7-14 03:00,134
490,2020-7-14 03:15,131
491,2020-7-14 03:30,134
492,2020-7-14 03:45,137
493,2020-7-14 04:00,135
494,2020-7-14 04:15,131
495,2020-7-14 04:30,129
496,2020-7-14 04:45,130
497,2020-7-14 05:00,125
498,2020-7-14 05:15,117
499,2020-7-14 05:30,114
500,2020-7-14 05:45,111
501,2020-7-14 06:00,109
502,2020-7-14 06:15,110
503,2020-7-14 06:30,110
504,2020-7-14 06:45,117
505,2020-7-14 07:00,118
506,2020-7-14 07:15,117
507,2020-7-14 07:30,120
508,2020-7-14 07:45,142
509,2020-7-14 08:00,165
510,2020-7-14 08:15,172
511,2020-7-14 08:30,173
512,2020-7-14 08:45,180
513,2020-7-14 09:00,183
514,2020-7-14 09:15,178
515,2020-7-14 09:30,173
516,2020-7-14 09:45,170
517,2020-7-14 10:00,163
518,2020-7-14 10:15,153
519,2020-7-14 10:30,143
520,2020-7-14 10:45,131
521,2020-7-14 11:00,117
522,2020-7-14 11:15,107
523,2020-7-14 11:30,99
524,2020-7-14 11:45,97
525,2020-7-14 12:00,97
526,2020-7-14 12:15,96
527,2020-7-14 12:30,95
528,2020-7-14 12:45,99
529,2020-7-14 13:00,98
530,2020-7-14 13:15,100
531,2020-7-14 13:30,104
532,2020-7-14 13:45,112
533,2020-7-14 14:00,147
534,2020-7-14 14:15,161
535,2020-7-14 14:30,163
536,2020-7-14 14:45,159
537,2020-7-14 15:00,154
538,2020-7-14 15:15,146
539,2020-7-14 15:30,138
540,2020-7-14 15:45,128
541,2020-7-14 16:00,117
542,2020-7-14 16:15,110
543,2020-7-14 16:30,107
544,2020-7-14 16:45,107
545,2020-7-14 17:00,105
546,2020-7-14 17:15,102
547,2020-7-14 17:30,101
548,2020-7-14 17:45,102
549,2020-7-14 18:00,95
550,2020-7-14 18:15,94
551,2020-7-14 18:30,98
552,2020-7-14 18:45,97
553,2020-7-14 19:00,97
554,2020-7-14 19:15,105
555,2020-7-14 19:30,122
556,2020-7-14 19:45,142
557,2020-7-14 20:00,153
558,2020-7-14 20:15,151
559,2020-7-14 20:30,141
560,2020-7-14 20:45,138
561,2020-7-14 21:00,135
562,2020-7-14 21:15,124
563,2020-7-14 21:30,128
564,2020-7-14 21:45,154
565,2020-7-14 22:00,177
566,2020-7-14 22:15,176
567,2020-7-14 22:30,165
568,2020-7-14 22:45,147
569,2020-7-14 23:00,128
570,2020-7-14 23:15,120
571,2020-7-14 23:30,115
572,2020-7-14 23:45,108
573,2020-7-15 00:00,105
574,2020-7-15 00:15,102
575,2020-7-15 00:30,101
576,2020-7-15 00:45,102
577,2020-7-15 01:00,99
578,2020-7-15 01:15,98
579,2020-7-15 01:30,98
580,2020-7-15 01:45,106
581,2020-7-15 02:00,110
582,2020-7-15 02:15,107
583,2020-7-15 02:30,106
584,2020-7-15 02:45,109
585,2020-7-15 03:00,109
586,2020-7-15 03:15,110
587,2020-7-15 03:30,111
588,2020-7-15 03:45,107
589,2020-7-15 04:00,103
590,2020-7-15 04:15,107
591,2020-7-15 04:30,110
592,2020-7-15 04:45,110
593,2020-7-15 05:00,106
594,2020-7-15 05:15,105
595,2020-7-15 05:30,113
596,2020-7-15 05:45,117
597,2020-7-15 06:00,115
598,2020-7-15 06:15,116
599,2020-7-15 06:30,114
600,2020-7-15 06:45,117
601,2020-7-15 07:00,127
602,2020-7-15 07:15,146
603,2020-7-15 07:30,166
604,2020-7-15 07:45,170
605,2020-7-15 08:00,168
606,2020-7-15 08:15,172
607,2020-7-15 08:30,187
608,2020-7-15 08:45,213
609,2020-7-15 09:00,238
610,2020-7-15 09:15,230
611,2020-7-15 09:30,224
612,2020-7-15 09:45,227
613,2020-7-15 10:00,219
614,2020-7-15 10:15,205
615,2020-7-15 10:30,190
616,2020-7-15 10:45,172
617,2020-7-15 11:00,143
618,2020-7-15 11:15,117
619,2020-7-15 11:30,117
620,2020-7-15 11:45,117
621,2020-7-15 12:00,106
622,2020-7-15 12:15,90
623,2020-7-15 12:30,74
624,2020-7-15 12:45,84
625,2020-7-15 13:00,92
626,2020-7-15 13:15,98
627,2020-7-15 13:30,99
628,2020-7-15 13:45,115
629,2020-7-15 14:00,131
630,2020-7-15 14:15,119
631,2020-7-15 14:30,101
632,2020-7-15 14:45,99
633,2020-7-15 15:00,107
634,2020-7-15 15:15,109
635,2020-7-15 15:30,106
636,2020-7-15 16:00,107
637,2020-7-15 16:15,110
638,2020-7-15 16:30,111
639,2020-7-15 16:45,109
640,2020-7-15 17:00,107
641,2020-7-15 17:15,106
642,2020-7-15 17:30,108
643,2020-7-15 17:45,108
644,2020-7-15 18:00,110
645,2020-7-15 18:15,115
646,2020-7-15 18:30,114
647,2020-7-15 18:45,111
648,2020-7-15 19:00,116
649,2020-7-15 19:15,133
650,2020-7-15 19:30,154
651,2020-7-15 19:45,163
652,2020-7-15 20:00,163
653,2020-7-15 20:15,165
654,2020-7-15 20:30,181
655,2020-7-15 20:45,196
656,2020-7-15 21:00,208
657,2020-7-15 21:15,215
658,2020-7-15 21:30,206
659,2020-7-15 21:45,178
660,2020-7-15 22:00,167
661,2020-7-15 22:15,175
662,2020-7-15 22:30,189
663,2020-7-15 22:45,187
664,2020-7-15 23:00,183
665,2020-7-15 23:15,192
666,2020-7-15 23:30,158
667,2020-7-15 23:45,159
668,2020-7-15 00:00,163
669,2020-7-16 00:15,144
670,2020-7-16 00:30,135
671,2020-7-16 00:45,128
672,2020-7-16 01:00,121
673,2020-7-16 01:15,122
674,2020-7-16 01:30,122
675,2020-7-16 01:45,121
676,2020-7-16 02:00,125
677,2020-7-16 02:15,131
678,2020-7-16 02:30,129
679,2020-7-16 02:45,127
680,2020-7-16 03:00,130
681,2020-7-16 03:15,133
682,2020-7-16 03:30,134
683,2020-7-16 03:45,127
684,2020-7-16 04:00,122
685,2020-7-16 04:15,123
686,2020-7-16 04:30,122
687,2020-7-16 04:45,118
688,2020-7-16 05:00,116
689,2020-7-16 05:15,117
690,2020-7-16 05:30,120
691,2020-7-16 05:45,115
692,2020-7-16 06:00,114
693,2020-7-16 06:15,120
694,2020-7-16 06:30,122
695,2020-7-16 06:45,120
696,2020-7-16 07:00,119
697,2020-7-16 07:15,122
698,2020-7-16 07:30,123
699,2020-7-16 07:45,124
700,2020-7-16 08:00,124
701,2020-7-16 08:15,128
702,2020-7-16 08:30,152
703,2020-7-16 08:45,174
704,2020-7-16 09:00,194
705,2020-7-16 09:15,224
706,2020-7-16 09:30,229
707,2020-7-16 09:45,236
708,2020-7-16 10:00,243
709,2020-7-16 10:15,239
710,2020-7-16 10:30,235
711,2020-7-16 10:45,229
712,2020-7-16 11:00,209
713,2020-7-16 11:15,172
714,2020-7-16 11:30,146
715,2020-7-16 11:45,142
716,2020-7-16 12:00,149
717,2020-7-16 12:15,145
718,2020-7-16 12:30,121
719,2020-7-16 12:45,95
720,2020-7-16 13:00,78
721,2020-7-16 13:15,68
722,2020-7-16 13:30,59
723,2020-7-16 13:45,57
724,2020-7-16 14:00,62
725,2020-7-16 14:15,68
726,2020-7-16 14:30,85
727,2020-7-16 14:45,112
728,2020-7-16 15:00,118
729,2020-7-16 15:15,116
730,2020-7-16 15:30,108
731,2020-7-16 15:45,94
732,2020-7-16 16:00,79
733,2020-7-16 16:15,89
734,2020-7-16 16:30,99
735,2020-7-16 16:45,101
736,2020-7-16 17:00,100
737,2020-7-16 17:15,97
738,2020-7-16 17:30,94
739,2020-7-16 17:45,93
740,2020-7-16 18:00,92
741,2020-7-16 18:15,89
742,2020-7-16 18:30,89
743,2020-7-16 18:45,92
744,2020-7-16 19:00,94
745,2020-7-16 19:15,93
746,2020-7-16 19:30,93
747,2020-7-16 19:45,97
748,2020-7-16 20:00,104
749,2020-7-16 20:15,133
750,2020-7-16 20:30,173
751,2020-7-16 20:45,211
752,2020-7-16 21:00,217
753,2020-7-16 21:15,195
754,2020-7-16 21:30,172
755,2020-7-16 21:45,197
756,2020-7-16 22:00,183
757,2020-7-16 22:15,148
758,2020-7-16 22:30,134
759,2020-7-16 22:45,129
760,2020-7-16 23:00,127
761,2020-7-16 23:15,128
762,2020-7-16 23:30,131
763,2020-7-16 23:45,126
764,2020-7-17 00:00,114
765,2020-7-17 00:15,97
766,2020-7-17 00:30,86
767,2020-7-17 00:45,99
768,2020-7-17 01:00,109
769,2020-7-17 01:15,97
770,2020-7-17 01:30,88
771,2020-7-17 01:45,101
772,2020-7-17 02:00,102
773,2020-7-17 02:15,91
774,2020-7-17 02:30,87
775,2020-7-17 02:45,87
776,2020-7-17 03:00,85
777,2020-7-17 03:15,83
778,2020-7-17 03:30,83
779,2020-7-17 03:45,81
780,2020-7-17 04:00,83
781,2020-7-17 04:15,87
782,2020-7-17 04:30,78
783,2020-7-17 04:45,69
784,2020-7-17 05:00,81
785,2020-7-17 05:15,94
786,2020-7-17 05:30,100
787,2020-7-17 05:45,104
788,2020-7-17 06:00,108
789,2020-7-17 06:15,111
790,2020-7-17 06:30,111
791,2020-7-17 06:45,107
792,2020-7-17 07:00,103
793,2020-7-17 07:15,105
794,2020-7-17 07:30,111
795,2020-7-17 07:45,116
796,2020-7-17 08:00,133
797,2020-7-17 08:15,166
798,2020-7-17 08:30,199
799,2020-7-17 08:45,218
800,2020-7-17 09:00,242
801,2020-7-17 09:15,252
802,2020-7-17 09:30,257
803,2020-7-17 09:45,254
804,2020-7-17 10:00,242
805,2020-7-17 10:15,230
806,2020-7-17 10:30,207
807,2020-7-17 10:45,163
808,2020-7-17 11:00,131
809,2020-7-17 11:15,115
810,2020-7-17 11:30,103
811,2020-7-17 11:45,97
812,2020-7-17 12:00,94
813,2020-7-17 12:15,86
814,2020-7-17 12:30,86
815,2020-7-17 12:45,100
816,2020-7-17 13:00,100
817,2020-7-17 13:15,102
818,2020-7-17 13:30,103
819,2020-7-17 13:45,101
820,2020-7-17 14:00,97
821,2020-7-17 14:15,93
822,2020-7-17 14:30,93
823,2020-7-17 14:45,95
824,2020-7-17 15:00,98
825,2020-7-17 15:15,100
826,2020-7-17 15:30,99
827,2020-7-17 15:45,100
828,2020-7-17 16:00,102
829,2020-7-17 16:15,100
830,2020-7-17 16:30,99
831,2020-7-17 16:45,96
832,2020-7-17 17:00,88
833,2020-7-17 17:30,96
834,2020-7-17 17:45,103
835,2020-7-17 18:00,102
836,2020-7-17 18:15,100
837,2020-7-17 18:30,100
838,2020-7-17 18:45,101
839,2020-7-17 19:00,98
840,2020-7-17 19:15,94
841,2020-7-17 19:30,89
842,2020-7-17 19:45,87
843,2020-7-17 20:00,87
844,2020-7-17 20:15,87
845,2020-7-17 20:30,89
846,2020-7-17 20:45,104
847,2020-7-17 21:00,137
848,2020-7-17 21:15,161
849,2020-7-17 21:30,165
850,2020-7-17 21:45,166
851,2020-7-17 22:00,175
852,2020-7-17 22:15,185
853,2020-7-17 22:30,184
854,2020-7-17 22:45,189
855,2020-7-17 23:00,190
856,2020-7-17 23:15,165
857,2020-7-17 23:30,146
858,2020-7-17 23:45,125
859,2020-7-17 00:00,132
860,2020-7-18 00:30,128
861,2020-7-18 00:45,121
862,2020-7-18 01:00,120
863,2020-7-18 01:15,124
864,2020-7-18 01:30,117
865,2020-7-18 01:45,109
866,2020-7-18 02:00,114
867,2020-7-18 02:15,118
868,2020-7-18 02:30,121
869,2020-7-18 02:45,122
870,2020-7-18 03:00,121
871,2020-7-18 03:15,121
872,2020-7-18 03:30,121
873,2020-7-18 03:45,118
874,2020-7-18 04:00,115
875,2020-7-18 04:15,115
876,2020-7-18 04:30,114
877,2020-7-18 04:45,117
878,2020-7-18 05:00,119
879,2020-7-18 05:15,119
880,2020-7-18 05:30,120
881,2020-7-18 05:45,119
882,2020-7-18 06:00,117
883,2020-7-18 06:15,111
884,2020-7-18 06:30,108
885,2020-7-18 06:45,107
886,2020-7-18 07:00,106
887,2020-7-18 07:15,107
888,2020-7-18 07:30,109
889,2020-7-18 07:45,110
890,2020-7-18 08:00,112
891,2020-7-18 08:15,115
892,2020-7-18 08:30,116
893,2020-7-18 08:45,119
894,2020-7-18 09:00,123
895,2020-7-18 09:15,124
896,2020-7-18 09:30,134
897,2020-7-18 09:45,156
898,2020-7-18 10:00,177
899,2020-7-18 10:15,190
900,2020-7-18 10:30,200
901,2020-7-18 10:45,217
902,2020-7-18 11:00,227
903,2020-7-18 11:15,190
904,2020-7-18 11:30,156
905,2020-7-18 11:45,142
906,2020-7-18 12:00,138
907,2020-7-18 12:15,131
908,2020-7-18 12:30,115
909,2020-7-18 12:45,103
910,2020-7-18 13:00,95
911,2020-7-18 13:15,94
912,2020-7-18 13:30,108
913,2020-7-18 13:45,119
914,2020-7-18 14:00,132
915,2020-7-18 14:15,162
916,2020-7-18 14:30,174
917,2020-7-18 14:45,170
918,2020-7-18 15:00,160
919,2020-7-18 15:15,152
920,2020-7-18 15:30,151
921,2020-7-18 15:45,161
922,2020-7-18 16:00,166
923,2020-7-18 16:15,160
924,2020-7-18 16:30,153
925,2020-7-18 16:45,148
926,2020-7-18 17:00,153
927,2020-7-18 17:15,159
928,2020-7-18 17:30,150
929,2020-7-18 17:45,132
930,2020-7-18 18:00,114
931,2020-7-18 18:15,99
932,2020-7-18 18:30,102
933,2020-7-18 18:45,108
934,2020-7-18 19:00,105
935,2020-7-18 19:15,103
936,2020-7-18 19:30,100
937,2020-7-18 19:45,95
938,2020-7-18 20:00,92
939,2020-7-18 20:15,97
940,2020-7-18 20:30,109
941,2020-7-18 20:45,122
942,2020-7-18 21:00,138
943,2020-7-18 21:15,145
944,2020-7-18 21:30,144
945,2020-7-18 21:45,152
946,2020-7-18 22:00,130
947,2020-7-18 22:15,136
948,2020-7-18 22:30,143
949,2020-7-18 22:45,143
950,2020-7-18 23:00,144
951,2020-7-18 23:15,147
952,2020-7-18 23:30,135
953,2020-7-18 23:45,122
954,2020-7-19 00:00,113
955,2020-7-19 00:15,108
956,2020-7-19 00:30,105
957,2020-7-19 00:45,99
958,2020-7-19 01:00,98
959,2020-7-19 01:15,97
960,2020-7-19 01:30,98
961,2020-7-19 01:45,99
962,2020-7-19 02:00,99
963,2020-7-19 02:15,100
964,2020-7-19 02:30,97
965,2020-7-19 02:45,99
966,2020-7-19 03:00,107
967,2020-7-19 03:15,110
968,2020-7-19 03:30,106
969,2020-7-19 03:45,99
970,2020-7-19 04:00,91
971,2020-7-19 04:15,91
972,2020-7-19 04:30,101
973,2020-7-19 04:45,104
974,2020-7-19 05:00,103
975,2020-7-19 05:15,99
976,2020-7-19 05:30,100
977,2020-7-19 05:45,98
978,2020-7-19 06:00,100
979,2020-7-19 06:15,105
980,2020-7-19 06:30,105
981,2020-7-19 06:45,104
982,2020-7-19 07:00,105
983,2020-7-19 07:15,105
984,2020-7-19 07:30,103
985,2020-7-19 07:45,100
986,2020-7-19 08:00,102
987,2020-7-19 08:15,105
988,2020-7-19 08:30,105
989,2020-7-19 08:45,107
990,2020-7-19 09:00,110
991,2020-7-19 09:15,117
992,2020-7-19 09:30,142
993,2020-7-19 09:45,161
994,2020-7-19 10:00,170
995,2020-7-19 10:15,173
996,2020-7-19 10:30,171
997,2020-7-19 10:45,178
998,2020-7-19 11:00,182
999,2020-7-19 11:15,204
1000,2020-7-19 11:30,230
1001,2020-7-19 11:45,238
1002,2020-7-19 12:00,228
1003,2020-7-19 12:15,218
1004,2020-7-19 12:30,204
1005,2020-7-19 12:45,202
1006,2020-7-19 13:00,190
1007,2020-7-19 13:15,169
1008,2020-7-19 13:30,154
1009,2020-7-19 13:45,142
1010,2020-7-19 14:00,119
1011,2020-7-19 14:15,105
1012,2020-7-19 14:30,107
1013,2020-7-19 14:45,110
1014,2020-7-19 15:00,111
1015,2020-7-19 15:15,107
1016,2020-7-19 15:30,104
1017,2020-7-19 15:45,105
1018,2020-7-19 16:00,104
1019,2020-7-19 16:15,111
1020,2020-7-19 16:30,136
1021,2020-7-19 16:45,151
1022,2020-7-19 17:00,159
1023,2020-7-19 17:15,157
1024,2020-7-19 17:30,141
1025,2020-7-19 17:45,118
1026,2020-7-19 18:00,110
1027,2020-7-19 18:30,100
1028,2020-7-19 18:45,92
1029,2020-7-19 19:00,102
1030,2020-7-19 19:15,136
1031,2020-7-19 19:30,141
1032,2020-7-19 19:45,141
1033,2020-7-19 20:00,136
1034,2020-7-19 20:15,122
1035,2020-7-19 20:30,107
1036,2020-7-19 20:45,96
1037,2020-7-19 21:00,103
1038,2020-7-19 21:15,105
1039,2020-7-19 21:30,100
1040,2020-7-19 21:45,99
1041,2020-7-19 22:00,100
1042,2020-7-19 22:15,106
1043,2020-7-19 22:30,125
1044,2020-7-19 22:45,131
1045,2020-7-19 23:00,124
1046,2020-7-19 23:15,116
1047,2020-7-19 23:30,113
1048,2020-7-19 23:45,110
1049,2020-7-19 00:00,107
1050,2020-7-20 00:15,103
1051,2020-7-20 00:30,99
1052,2020-7-20 00:45,99
1053,2020-7-20 01:00,101
1054,2020-7-20 01:15,104
1055,2020-7-20 01:30,104
1056,2020-7-20 01:45,101
1057,2020-7-20 02:00,99
1058,2020-7-20 02:15,93
1059,2020-7-20 02:30,88
1060,2020-7-20 02:45,89
1061,2020-7-20 03:00,89
1062,2020-7-20 03:15,87
1063,2020-7-20 03:30,93
1064,2020-7-20 03:45,95
1065,2020-7-20 04:00,98
1066,2020-7-20 04:15,100
1067,2020-7-20 04:30,102
1068,2020-7-20 04:45,103
1069,2020-7-20 05:00,103
1070,2020-7-20 05:15,103
1071,2020-7-20 05:30,103
1072,2020-7-20 05:45,104
1073,2020-7-20 06:00,104
1074,2020-7-20 06:15,103
1075,2020-7-20 06:30,105
1076,2020-7-20 06:45,109
1077,2020-7-20 07:00,113
1078,2020-7-20 07:15,114
1079,2020-7-20 07:30,114
1080,2020-7-20 07:45,116
1081,2020-7-20 08:00,134
1082,2020-7-20 08:15,167
1083,2020-7-20 08:30,192
1084,2020-7-20 08:45,204
1085,2020-7-20 09:00,223
1086,2020-7-20 09:15,237
1087,2020-7-20 09:30,238
1088,2020-7-20 09:45,233
1089,2020-7-20 10:00,218
1090,2020-7-20 10:15,192
1091,2020-7-20 10:30,165
1092,2020-7-20 10:45,148
1093,2020-7-20 11:00,135
1094,2020-7-20 11:15,130
1095,2020-7-20 11:30,125
1096,2020-7-20 11:45,116
1097,2020-7-20 12:00,100
1098,2020-7-20 12:15,91
1099,2020-7-20 12:30,92
1100,2020-7-20 12:45,89
1101,2020-7-20 13:00,85
1102,2020-7-20 13:15,91
1103,2020-7-20 13:30,102
1104,2020-7-20 13:45,106
1105,2020-7-20 14:00,95
1106,2020-7-20 14:15,90
1107,2020-7-20 14:30,89
1108,2020-7-20 14:45,94
1109,2020-7-20 15:00,101
1110,2020-7-20 15:15,108
1111,2020-7-20 15:30,117
1112,2020-7-20 15:45,116
1113,2020-7-20 16:00,111
1114,2020-7-20 16:15,109
1115,2020-7-20 16:30,106
1116,2020-7-20 16:45,100
1117,2020-7-20 17:00,94
1118,2020-7-20 17:15,89
1119,2020-7-20 17:30,86
1120,2020-7-20 17:45,87
1121,2020-7-20 18:00,90
1122,2020-7-20 18:15,94
1123,2020-7-20 18:30,95
1124,2020-7-20 18:45,99
1125,2020-7-20 19:00,127
1126,2020-7-20 19:15,170
1127,2020-7-20 19:30,205
1128,2020-7-20 19:45,198
1129,2020-7-20 20:00,185
1130,2020-7-20 20:15,172
1131,2020-7-20 20:30,164
1132,2020-7-20 20:45,165
1133,2020-7-20 21:00,158
1134,2020-7-20 21:15,150
1135,2020-7-20 21:30,117
1136,2020-7-21 00:00,99
1137,2020-7-21 00:15,94
1138,2020-7-21 00:30,89
1139,2020-7-21 00:45,87
1140,2020-7-21 01:00,87
1141,2020-7-21 01:15,87
1142,2020-7-21 01:30,88
1143,2020-7-21 01:45,91
1144,2020-7-21 02:00,94
1145,2020-7-21 02:15,93
1146,2020-7-21 02:30,92
1147,2020-7-21 02:45,98
1148,2020-7-21 03:00,97
1149,2020-7-21 03:15,92
1150,2020-7-21 03:30,91
1151,2020-7-21 03:45,89
1152,2020-7-21 04:00,91
1153,2020-7-21 04:15,96
1154,2020-7-21 04:30,103
1155,2020-7-21 04:45,103
1156,2020-7-21 05:00,98
1157,2020-7-21 05:15,98
1158,2020-7-21 05:30,96
1159,2020-7-21 05:45,88
1160,2020-7-21 06:00,84
1161,2020-7-21 06:15,91
1162,2020-7-21 06:30,94
1163,2020-7-21 06:45,90
1164,2020-7-21 07:00,93
1165,2020-7-21 07:15,101
1166,2020-7-21 07:30,104
1167,2020-7-21 07:45,109
1168,2020-7-21 08:00,124
1169,2020-7-21 08:15,157
1170,2020-7-21 08:30,193
1171,2020-7-21 08:45,213
1172,2020-7-21 09:00,230
1173,2020-7-21 09:15,214
1174,2020-7-21 09:30,185
1175,2020-7-21 09:45,181
1176,2020-7-21 10:00,179
1177,2020-7-21 10:15,167
1178,2020-7-21 10:30,158
1179,2020-7-21 10:45,152
1180,2020-7-21 11:00,132
1181,2020-7-21 11:15,107
1182,2020-7-21 11:30,102
1183,2020-7-21 11:45,92
1184,2020-7-21 12:00,81
1185,2020-7-21 12:15,77
1186,2020-7-21 12:30,86
1187,2020-7-21 12:45,86
1188,2020-7-21 13:00,86
1189,2020-7-21 13:15,96
1190,2020-7-21 13:30,96
1191,2020-7-21 13:45,94
1192,2020-7-21 14:00,101
1193,2020-7-21 14:15,103
1194,2020-7-21 14:30,103
1195,2020-7-21 14:45,101
1196,2020-7-21 15:00,98
1197,2020-7-21 15:15,105
1198,2020-7-21 15:30,135
1199,2020-7-21 15:45,151
1200,2020-7-21 16:00,128
1201,2020-7-21 16:15,105
1202,2020-7-21 16:30,102
1203,2020-7-21 16:45,106
1204,2020-7-21 17:00,110
1205,2020-7-21 17:30,117
1206,2020-7-21 17:45,118
1207,2020-7-21 18:00,113
1208,2020-7-21 18:15,109
1209,2020-7-21 18:30,105
1210,2020-7-21 18:45,101
1211,2020-7-21 19:00,97
1212,2020-7-21 19:15,98
1213,2020-7-21 19:30,99
1214,2020-7-21 19:45,98
1215,2020-7-21 20:00,93
1216,2020-7-21 20:15,97
1217,2020-7-21 20:30,112
1218,2020-7-21 20:45,113
1219,2020-7-21 21:00,118
1220,2020-7-21 21:15,136
1221,2020-7-21 21:30,150
1222,2020-7-21 21:45,144
1223,2020-7-21 22:00,147
1224,2020-7-21 22:15,165
1225,2020-7-21 22:30,179
1226,2020-7-21 22:45,185
1227,2020-7-21 23:00,185
1228,2020-7-21 23:15,171
1229,2020-7-21 23:30,157
1230,2020-7-21 23:45,153
1231,2020-7-21 00:00,134
1232,2020-7-22 00:15,126
1233,2020-7-22 00:30,125
1234,2020-7-22 00:45,123
1235,2020-7-22 01:00,119
1236,2020-7-22 01:15,116
1237,2020-7-22 01:30,113
1238,2020-7-22 01:45,112
1239,2020-7-22 02:00,109
1240,2020-7-22 02:15,107
1241,2020-7-22 02:30,108
1242,2020-7-22 02:45,107
1243,2020-7-22 03:00,105
1244,2020-7-22 03:15,98
1245,2020-7-22 03:30,94
1246,2020-7-22 03:45,98
1247,2020-7-22 04:00,99
1248,2020-7-22 04:15,98
1249,2020-7-22 04:30,98
1250,2020-7-22 04:45,97
1251,2020-7-22 05:00,96
1252,2020-7-22 05:15,93
1253,2020-7-22 05:30,91
1254,2020-7-22 05:45,95
1255,2020-7-22 06:00,98
1256,2020-7-22 06:15,98
1257,2020-7-22 06:30,100
1258,2020-7-22 06:45,104
1259,2020-7-22 07:00,110
1260,2020-7-22 07:15,116
1261,2020-7-22 07:30,125
1262,2020-7-22 07:45,156
1263,2020-7-22 08:00,176
1264,2020-7-22 08:15,162
1265,2020-7-22 08:30,149
1266,2020-7-22 08:45,148
1267,2020-7-22 09:00,148
1268,2020-7-22 09:15,144
1269,2020-7-22 09:30,137
1270,2020-7-22 09:45,139
1271,2020-7-22 10:00,137
1272,2020-7-22 10:15,125
1273,2020-7-22 10:30,112
1274,2020-7-22 10:45,103
1275,2020-7-22 11:00,95
1276,2020-7-22 11:15,90
1277,2020-7-22 11:30,85
1278,2020-7-22 11:45,88
1279,2020-7-22 12:00,91
1280,2020-7-22 12:15,90
1281,2020-7-22 12:30,100
1282,2020-7-22 12:45,117
1283,2020-7-23 13:45,118
1284,2020-7-23 14:00,114
1285,2020-7-23 14:15,108
1286,2020-7-23 14:30,102
1287,2020-7-23 14:45,97
1288,2020-7-23 15:00,97
1289,2020-7-23 15:15,95
1290,2020-7-23 15:30,91
1291,2020-7-23 15:45,89
1292,2020-7-23 16:00,85
1293,2020-7-23 16:15,81
1294,2020-7-23 16:30,83
1295,2020-7-23 16:45,93
1296,2020-7-23 17:00,93
1297,2020-7-23 17:15,87
1298,2020-7-23 17:30,86
1299,2020-7-23 17:45,84
1300,2020-7-23 18:00,83
1301,2020-7-23 18:15,83
1302,2020-7-23 18:30,83
1303,2020-7-23 18:45,82
1304,2020-7-23 19:00,82
1305,2020-7-23 19:15,84
1306,2020-7-23 19:30,83
1307,2020-7-23 19:45,96
1308,2020-7-23 20:00,114
1309,2020-7-23 20:15,129
1310,2020-7-23 20:30,147
1311,2020-7-23 20:45,151
1312,2020-7-23 21:00,156
1313,2020-7-23 21:15,168
1314,2020-7-23 21:30,157
1315,2020-7-23 21:45,159
1316,2020-7-23 22:00,155
1317,2020-7-23 22:15,134
1318,2020-7-23 22:30,133
1319,2020-7-23 22:45,130
1320,2020-7-23 23:00,121
1321,2020-7-23 23:15,115
1322,2020-7-23 23:30,108
1323,2020-7-23 23:45,109
1324,2020-7-24 00:00,111
1325,2020-7-24 00:15,111
1326,2020-7-24 00:30,112
1327,2020-7-24 00:45,104
1328,2020-7-24 01:00,98
1329,2020-7-24 01:15,104
1330,2020-7-24 01:30,111
1331,2020-7-24 01:45,104
1332,2020-7-24 02:00,86
1333,2020-7-24 02:15,85
1334,2020-7-24 02:30,107
1335,2020-7-24 02:45,114
1336,2020-7-24 03:00,109
1337,2020-7-24 03:15,104
1338,2020-7-24 03:30,104
1339,2020-7-24 03:45,104
1340,2020-7-24 04:00,102
1341,2020-7-24 04:15,98
1342,2020-7-24 04:30,97
1343,2020-7-24 04:45,100
1344,2020-7-24 05:00,107
1345,2020-7-24 05:15,107
1346,2020-7-24 05:30,107
1347,2020-7-24 05:45,112
1348,2020-7-24 06:00,117
1349,2020-7-24 06:15,111
1350,2020-7-24 06:30,102
1351,2020-7-24 06:45,101
1352,2020-7-24 07:00,103
1353,2020-7-24 07:15,104
1354,2020-7-24 07:30,107
1355,2020-7-24 07:45,110
1356,2020-7-24 08:00,115
1357,2020-7-24 08:15,122
1358,2020-7-24 08:30,122
1359,2020-7-24 08:45,120
1360,2020-7-24 09:00,121
1361,2020-7-24 09:15,125
1362,2020-7-24 09:30,125
1363,2020-7-24 09:45,121
1364,2020-7-24 10:00,118
1365,2020-7-24 10:15,118
1366,2020-7-24 10:30,120
1367,2020-7-24 10:45,116
1368,2020-7-24 11:00,109
1369,2020-7-24 11:15,109
1370,2020-7-24 11:30,116
1371,2020-7-24 11:45,113
1372,2020-7-24 12:00,112
1373,2020-7-24 12:15,151
1374,2020-7-24 12:30,190
1375,2020-7-24 12:45,200
1376,2020-7-24 13:00,193
1377,2020-7-24 13:15,179
1378,2020-7-24 13:30,163
1379,2020-7-24 13:45,145
1380,2020-7-24 14:00,129
1381,2020-7-24 14:15,115
1382,2020-7-24 14:30,108
1383,2020-7-24 14:45,111
1384,2020-7-24 15:00,115
1385,2020-7-24 15:15,126
1386,2020-7-24 15:30,137
1387,2020-7-24 15:45,140
1388,2020-7-24 16:00,132
1389,2020-7-24 16:15,119
1390,2020-7-24 16:30,114
1391,2020-7-24 16:45,119
1392,2020-7-24 17:00,119
1393,2020-7-24 17:15,116
1394,2020-7-24 17:30,113
1395,2020-7-24 17:45,94
1396,2020-7-24 18:00,83
1397,2020-7-24 18:15,91
1398,2020-7-24 18:30,116
1399,2020-7-24 18:45,141
1400,2020-7-24 19:00,136
1401,2020-7-24 19:15,120
1402,2020-7-24 19:30,130
1403,2020-7-24 19:45,145
1404,2020-7-24 20:00,144
1405,2020-7-24 20:15,137
1406,2020-7-24 20:30,129
1407,2020-7-24 20:45,117
1408,2020-7-24 21:00,109
1409,2020-7-24 21:15,107
1410,2020-7-24 21:30,112
1411,2020-7-24 21:45,118
1412,2020-7-24 22:00,119
1413,2020-7-24 22:15,117
1414,2020-7-24 22:30,114
1415,2020-7-24 22:45,112
1416,2020-7-24 23:00,111
1417,2020-7-24 23:15,111
1418,2020-7-24 23:30,109
1419,2020-7-24 23:45,107
1420,2020-7-25 00:00,106
1421,2020-7-25 00:15,105
1422,2020-7-25 00:30,110
1423,2020-7-25 00:45,110
1424,2020-7-25 01:00,109
1425,2020-7-25 01:15,111
1426,2020-7-25 01:30,110
1427,2020-7-25 01:45,111
1428,2020-7-25 02:00,112
1429,2020-7-25 02:15,111
1430,2020-7-25 02:30,111
1431,2020-7-25 02:45,110
1432,2020-7-25 03:00,108
1433,2020-7-25 03:15,108
1434,2020-7-25 03:30,106
1435,2020-7-25 03:45,106
1436,2020-7-25 04:00,106
1437,2020-7-25 04:15,104
1438,2020-7-25 04:30,105
1439,2020-7-25 04:45,107
1440,2020-7-25 05:00,108
1441,2020-7-25 05:15,110
1442,2020-7-25 05:30,113
1443,2020-7-25 05:45,116
1444,2020-7-25 06:00,115
1445,2020-7-25 06:15,118
1446,2020-7-25 06:30,120
1447,2020-7-25 06:45,121
1448,2020-7-25 07:00,121
1449,2020-7-25 07:15,119
1450,2020-7-25 07:30,116
1451,2020-7-25 07:45,116
1452,2020-7-25 08:00,117
1453,2020-7-25 08:15,115
1454,2020-7-25 08:30,111
1455,2020-7-25 08:45,109
1456,2020-7-25 09:00,111
1457,2020-7-25 09:15,114
1458,2020-7-25 09:30,117
1459,2020-7-25 09:45,117
1460,2020-7-25 10:00,115
1461,2020-7-25 10:15,113
1462,2020-7-25 10:30,113
1463,2020-7-25 10:45,112
1464,2020-7-25 11:00,114
1465,2020-7-25 11:15,116
1466,2020-7-25 11:30,120
1467,2020-7-25 11:45,146
1468,2020-7-25 12:00,183
1469,2020-7-25 12:15,200
1470,2020-7-25 12:30,216
1471,2020-7-25 12:45,225
1472,2020-7-25 13:00,228
1473,2020-7-25 13:15,225
1474,2020-7-25 13:30,217
1475,2020-7-25 13:45,207
1476,2020-7-25 14:00,198
1477,2020-7-25 14:15,194
1478,2020-7-25 14:30,187
1479,2020-7-25 14:45,165
1480,2020-7-25 15:00,131
1481,2020-7-25 15:15,96
1482,2020-7-25 15:30,73
1483,2020-7-25 15:45,64
1484,2020-7-25 16:00,65
1485,2020-7-25 16:15,65
1486,2020-7-25 16:30,71
1487,2020-7-25 16:45,74
1488,2020-7-25 17:00,73
1489,2020-7-25 17:15,78
1490,2020-7-25 17:30,85
1491,2020-7-25 17:45,82
1492,2020-7-25 18:00,83
1493,2020-7-25 18:15,88
1494,2020-7-25 18:30,95
1495,2020-7-25 18:45,99
1496,2020-7-25 19:00,99
1497,2020-7-25 19:15,98
1498,2020-7-25 19:30,101
1499,2020-7-25 19:45,113
1500,2020-7-25 20:00,121
1501,2020-7-25 20:15,116
1502,2020-7-25 20:30,113
1503,2020-7-25 20:45,110
1504,2020-7-25 21:00,108
1505,2020-7-25 21:15,112
1506,2020-7-25 21:30,110
1507,2020-7-25 21:45,108
1508,2020-7-25 22:00,107
1509,2020-7-25 22:15,103
1510,2020-7-25 22:30,101
1511,2020-7-25 22:45,101
1512,2020-7-25 23:00,99
1513,2020-7-25 23:15,97
1514,2020-7-25 23:30,99
1515,2020-7-25 23:45,98
1516,2020-7-26 00:00,95
1517,2020-7-26 00:15,96
1518,2020-7-26 00:30,97
1519,2020-7-26 00:45,93
1520,2020-7-26 01:00,88
1521,2020-7-26 01:15,90
1522,2020-7-26 01:30,93
1523,2020-7-26 01:45,95
1524,2020-7-26 02:00,95
1525,2020-7-26 02:15,92
1526,2020-7-26 02:30,89
1527,2020-7-26 02:45,85
1528,2020-7-26 03:00,86
1529,2020-7-26 03:15,90
1530,2020-7-26 03:30,91
1531,2020-7-26 03:45,92
1532,2020-7-26 04:00,93
1533,2020-7-26 04:15,91
1534,2020-7-26 04:30,84
1535,2020-7-26 04:45,81
1536,2020-7-26 05:00,86
1537,2020-7-26 05:15,93
1538,2020-7-26 05:30,94
1539,2020-7-26 05:45,94
1540,2020-7-26 06:00,95
1541,2020-7-26 06:15,92
1542,2020-7-26 06:30,104
1543,2020-7-26 06:45,131
1544,2020-7-26 07:00,150
1545,2020-7-26 07:15,165
1546,2020-7-26 07:30,176
1547,2020-7-26 07:45,194
1548,2020-7-26 08:00,192
1549,2020-7-26 08:15,188
1550,2020-7-26 08:30,191
1551,2020-7-26 08:45,193
1552,2020-7-26 09:00,189
1553,2020-7-26 09:15,177
1554,2020-7-26 09:30,162
1555,2020-7-26 09:45,130
1556,2020-7-26 10:00,106
1557,2020-7-26 10:15,112
1558,2020-7-26 10:30,112
1559,2020-7-26 10:45,115
1560,2020-7-26 11:00,122
1561,2020-7-26 11:15,121
1562,2020-7-26 11:30,118
1563,2020-7-26 11:45,114
1564,2020-7-26 12:00,110
1565,2020-7-26 12:15,111
1566,2020-7-26 12:30,115
1567,2020-7-26 12:45,121
1568,2020-7-26 13:00,122
1569,2020-7-26 13:15,122
1570,2020-7-26 13:30,119
1571,2020-7-26 13:45,110
1572,2020-7-26 14:00,100
1573,2020-7-26 14:15,96
1574,2020-7-26 14:30,90
1575,2020-7-26 14:45,91
1576,2020-7-26 15:00,94
1577,2020-7-26 15:15,92
1578,2020-7-26 15:30,90
1579,2020-7-26 15:45,88
1580,2020-7-26 16:00,88
1581,2020-7-26 16:15,92
1582,2020-7-26 16:30,91
1583,2020-7-26 16:45,91
1584,2020-7-26 17:00,90
1585,2020-7-26 17:15,90
1586,2020-7-26 17:30,90
1587,2020-7-26 17:45,90
1588,2020-7-26 18:00,94
1589,2020-7-26 18:15,90
1590,2020-7-26 18:30,89
1591,2020-7-26 18:45,89
1592,2020-7-26 19:00,91
1593,2020-7-26 19:15,91
1594,2020-7-26 19:30,91
1595,2020-7-26 19:45,94
1596,2020-7-26 20:00,95
1597,2020-7-26 20:15,88
1598,2020-7-26 20:30,93
1599,2020-7-26 20:45,95
1600,2020-7-26 21:00,101
1601,2020-7-26 21:15,108
1602,2020-7-26 21:30,117
1603,2020-7-26 21:45,124
1604,2020-7-26 22:00,132
1605,2020-7-26 22:15,137
1606,2020-7-26 22:30,137
1607,2020-7-26 22:45,134
1608,2020-7-26 23:00,133
1609,2020-7-26 23:15,135
1610,2020-7-26 23:30,128
1611,2020-7-26 23:45,123
1612,2020-7-27 00:00,118
1613,2020-7-27 00:15,114
1614,2020-7-27 00:30,109
1615,2020-7-27 00:45,105
1616,2020-7-27 01:00,103
1617,2020-7-27 01:15,103
1618,2020-7-27 01:30,102
1619,2020-7-27 01:45,101
1620,2020-7-27 02:00,101
1621,2020-7-27 02:15,100
1622,2020-7-27 02:30,98
1623,2020-7-27 02:45,93
1624,2020-7-27 03:00,91
1625,2020-7-27 03:15,93
1626,2020-7-27 03:30,94
1627,2020-7-27 03:45,94
1628,2020-7-27 04:00,92
1629,2020-7-27 04:15,93
1630,2020-7-27 04:30,93
1631,2020-7-27 04:45,95
1632,2020-7-27 05:00,95
1633,2020-7-27 05:15,94
1634,2020-7-27 05:30,96
1635,2020-7-27 05:45,95
1636,2020-7-27 06:00,91
1637,2020-7-27 06:15,89
1638,2020-7-27 06:30,91
1639,2020-7-27 06:45,91
1640,2020-7-27 07:00,92
1641,2020-7-27 07:15,95
1642,2020-7-27 07:30,96
1643,2020-7-27 07:45,98
1644,2020-7-27 08:00,119
1645,2020-7-27 08:15,150
1646,2020-7-27 08:30,179
1647,2020-7-27 08:45,188
1648,2020-7-27 09:00,184
1649,2020-7-27 09:15,188
1650,2020-7-27 09:30,204
1651,2020-7-27 09:45,212
1652,2020-7-27 10:00,205
1653,2020-7-27 10:15,186
1654,2020-7-27 10:30,154
1655,2020-7-27 10:45,133
1656,2020-7-27 11:00,121
1657,2020-7-27 11:15,112
1658,2020-7-27 11:30,101
1659,2020-7-27 11:45,102
1660,2020-7-27 12:00,111
1661,2020-7-27 12:15,110
1662,2020-7-27 12:30,100
1663,2020-7-27 12:45,99
1664,2020-7-27 13:00,109
1665,2020-7-27 13:15,117
1666,2020-7-27 13:30,113
1667,2020-7-27 13:45,101
1668,2020-7-27 14:00,86
1669,2020-7-27 14:15,92
1670,2020-7-27 14:30,100
1671,2020-7-27 14:45,105
1672,2020-7-27 15:00,111
1673,2020-7-27 15:15,111
1674,2020-7-27 15:30,109
1675,2020-7-27 15:45,107
1676,2020-7-27 16:00,106
1677,2020-7-27 16:15,104
1678,2020-7-27 16:30,106
1679,2020-7-27 16:45,105
1680,2020-7-27 17:00,107
1681,2020-7-27 17:15,102
1682,2020-7-27 17:30,100
1683,2020-7-27 17:45,100
1684,2020-7-27 18:00,100
1685,2020-7-27 18:15,101
1686,2020-7-27 18:30,101
1687,2020-7-27 18:45,105
1688,2020-7-27 19:00,116
1689,2020-7-27 19:15,124
1690,2020-7-27 19:30,128
1691,2020-7-27 19:45,127
1692,2020-7-27 20:00,129
1693,2020-7-27 20:15,141
1694,2020-7-27 20:30,162
1695,2020-7-27 20:45,169
1696,2020-7-27 21:00,172
1697,2020-7-27 21:15,162
1698,2020-7-27 21:30,146
1699,2020-7-27 21:45,122
1700,2020-7-27 22:15,125
1701,2020-7-27 22:30,123
1702,2020-7-27 22:45,134
1703,2020-7-27 23:00,144
1704,2020-7-27 23:15,144
1705,2020-7-27 23:30,141
1706,2020-7-27 23:45,135
1707,2020-7-28 00:00,130
1708,2020-7-28 00:15,125
1709,2020-7-28 00:30,119
1710,2020-7-28 00:45,113
1711,2020-7-28 01:00,108
1712,2020-7-28 01:15,107
1713,2020-7-28 01:30,106
1714,2020-7-28 01:45,100
1715,2020-7-28 02:00,99
1716,2020-7-28 02:15,109
1717,2020-7-28 02:30,115
1718,2020-7-28 02:45,107
1719,2020-7-28 03:00,100
1720,2020-7-28 03:15,103
1721,2020-7-28 03:30,106
1722,2020-7-28 03:45,105
1723,2020-7-28 04:00,103
1724,2020-7-28 04:15,94
1725,2020-7-28 04:30,93
1726,2020-7-28 04:45,105
1727,2020-7-28 05:00,99
1728,2020-7-28 05:15,87
1729,2020-7-28 05:30,92
1730,2020-7-28 05:45,103
1731,2020-7-28 06:00,103
1732,2020-7-28 06:15,102
1733,2020-7-28 06:30,99
1734,2020-7-28 06:45,101
1735,2020-7-28 07:00,102
1736,2020-7-28 07:15,103
1737,2020-7-28 07:30,108
1738,2020-7-28 07:45,106
1739,2020-7-28 08:00,105
1740,2020-7-28 08:15,104
1741,2020-7-28 08:30,105
1742,2020-7-28 08:45,107
1743,2020-7-28 09:00,106
1744,2020-7-28 09:15,107
1745,2020-7-28 09:30,107
1746,2020-7-28 09:45,106
1747,2020-7-28 10:00,113
1748,2020-7-28 10:15,123
1749,2020-7-28 10:30,123
1750,2020-7-28 10:45,122
1751,2020-7-28 11:00,128
1752,2020-7-28 11:15,144
1753,2020-7-28 11:30,170
1754,2020-7-28 11:45,177
1755,2020-7-28 12:00,172
1756,2020-7-28 12:15,170
1757,2020-7-28 12:30,155
1758,2020-7-28 12:45,134
1759,2020-7-28 13:00,123
1760,2020-7-28 13:15,123
1761,2020-7-28 13:30,131
1762,2020-7-28 13:45,135
1763,2020-7-28 14:00,130
1764,2020-7-28 14:15,131
1765,2020-7-28 14:30,139
1766,2020-7-28 14:45,139
1767,2020-7-28 15:00,131
1768,2020-7-28 15:15,125
1769,2020-7-28 15:30,121
1770,2020-7-28 15:45,126
1771,2020-7-28 16:00,121
1772,2020-7-28 16:15,110
1773,2020-7-28 16:30,121
1774,2020-7-28 16:45,130
1775,2020-7-28 17:00,123
1776,2020-7-28 17:15,117
1777,2020-7-28 17:30,123
1778,2020-7-28 17:45,131
1779,2020-7-28 18:00,128
1780,2020-7-28 18:15,106
1781,2020-7-28 18:30,78
1782,2020-7-28 18:45,75
1783,2020-7-28 19:00,82
1784,2020-7-28 19:15,90
1785,2020-7-28 19:30,88
1786,2020-7-28 19:45,92
1787,2020-7-28 20:00,95
1788,2020-7-28 20:15,97
1789,2020-7-28 20:30,97
1790,2020-7-28 20:45,99
1791,2020-7-28 21:00,99
1792,2020-7-28 21:15,95
1793,2020-7-28 21:30,94
1794,2020-7-28 22:30,92
1795,2020-7-28 22:45,92
1796,2020-7-28 23:00,89
1797,2020-7-28 23:15,89
1798,2020-7-28 23:30,93
1799,2020-7-28 23:45,94
1800,2020-7-29 00:00,94
1801,2020-7-29 00:15,95
1802,2020-7-29 00:30,97
1803,2020-7-29 00:45,95
1804,2020-7-29 01:00,94
1805,2020-7-29 01:15,95
1806,2020-7-29 01:30,94
1807,2020-7-29 01:45,94
1808,2020-7-29 02:00,92
1809,2020-7-29 02:15,87
1810,2020-7-29 02:30,88
1811,2020-7-29 02:45,91
1812,2020-7-29 03:00,90
1813,2020-7-29 03:15,88
1814,2020-7-29 03:30,90
1815,2020-7-29 03:45,89
1816,2020-7-29 04:00,87
1817,2020-7-29 04:15,83
1818,2020-7-29 04:30,86
1819,2020-7-29 04:45,91
1820,2020-7-29 05:00,91
1821,2020-7-29 05:15,89
1822,2020-7-29 05:30,90
1823,2020-7-29 05:45,94
1824,2020-7-29 06:00,94
1825,2020-7-29 06:15,92
1826,2020-7-29 06:30,92
1827,2020-7-29 06:45,96
1828,2020-7-29 07:00,101
1829,2020-7-29 07:15,117
1830,2020-7-29 07:30,139
1831,2020-7-29 07:45,167
1832,2020-7-29 08:00,177
1833,2020-7-29 08:15,179
1834,2020-7-29 08:30,174
1835,2020-7-29 08:45,166
1836,2020-7-29 09:00,170
1837,2020-7-29 09:15,170
1838,2020-7-29 09:30,156
1839,2020-7-29 09:45,140
1840,2020-7-29 10:00,127
1841,2020-7-29 10:15,115
1842,2020-7-29 10:30,101
1843,2020-7-29 10:45,98
1844,2020-7-29 11:00,100
1845,2020-7-29 11:15,97
1846,2020-7-29 11:30,98
1847,2020-7-29 11:45,104
1848,2020-7-29 12:00,101
1849,2020-7-29 12:15,89
1850,2020-7-29 12:30,87
1851,2020-7-29 12:45,88
1852,2020-7-29 13:00,86
1853,2020-7-29 13:15,83
1854,2020-7-29 13:30,80
1855,2020-7-29 13:45,94
1856,2020-7-29 14:00,102
1857,2020-7-29 14:15,102
1858,2020-7-29 14:30,99
1859,2020-7-29 14:45,96
1860,2020-7-29 15:00,87
1861,2020-7-29 15:15,84
1862,2020-7-29 15:30,91
1863,2020-7-29 15:45,96
1864,2020-7-29 16:00,93
1865,2020-7-29 16:15,90
1866,2020-7-29 16:30,91
1867,2020-7-29 16:45,92
1868,2020-7-29 17:00,88
1869,2020-7-29 17:15,86
1870,2020-7-29 17:30,89
1871,2020-7-29 17:45,87
1872,2020-7-29 18:00,81
1873,2020-7-29 18:15,79
1874,2020-7-29 18:30,79
1875,2020-7-29 18:45,83
1876,2020-7-29 19:00,83
1877,2020-7-29 19:15,82
1878,2020-7-29 19:30,80
1879,2020-7-29 19:45,83
1880,2020-7-29 20:00,92
1881,2020-7-29 20:15,115
1882,2020-7-29 20:30,151
1883,2020-7-29 20:45,142
1884,2020-7-29 21:00,127
1885,2020-7-29 21:15,121
1886,2020-7-29 21:30,127
1887,2020-7-29 21:45,131
1888,2020-7-29 22:00,126
1889,2020-7-29 22:15,112
1890,2020-7-29 22:30,96
1891,2020-7-29 22:45,94
1892,2020-7-29 23:30,94
1893,2020-7-29 23:45,93
1894,2020-7-30 00:00,90
1895,2020-7-30 00:15,89
1896,2020-7-30 00:30,89
1897,2020-7-30 00:45,87
1898,2020-7-30 01:00,85
1899,2020-7-30 01:15,83
1900,2020-7-30 01:30,82
1901,2020-7-30 01:45,82
1902,2020-7-30 02:00,79
1903,2020-7-30 02:15,76
1904,2020-7-30 02:30,76
1905,2020-7-30 02:45,78
1906,2020-7-30 03:00,80
1907,2020-7-30 03:15,79
1908,2020-7-30 03:30,78
1909,2020-7-30 03:45,78
1910,2020-7-30 04:00,76
1911,2020-7-30 04:15,76
1912,2020-7-30 04:30,79
1913,2020-7-30 04:45,79
1914,2020-7-30 05:00,78
1915,2020-7-30 05:15,78
1916,2020-7-30 05:30,81
1917,2020-7-30 05:45,81
1918,2020-7-30 06:00,81
1919,2020-7-30 06:15,81
1920,2020-7-30 06:30,83
1921,2020-7-30 06:45,86
1922,2020-7-30 07:00,85
1923,2020-7-30 07:15,87
1924,2020-7-30 07:30,105
1925,2020-7-30 07:45,139
1926,2020-7-30 08:00,149
1927,2020-7-30 08:15,151
1928,2020-7-30 08:30,157
1929,2020-7-30 08:45,161
1930,2020-7-30 09:00,167
1931,2020-7-30 09:15,168
1932,2020-7-30 09:30,164
1933,2020-7-30 09:45,154
1934,2020-7-30 10:00,135
1935,2020-7-30 10:15,122
1936,2020-7-30 10:30,114
1937,2020-7-30 10:45,105
1938,2020-7-30 11:00,102
1939,2020-7-30 11:15,97
1940,2020-7-30 11:30,96
1941,2020-7-30 11:45,99
1942,2020-7-30 12:00,108
1943,2020-7-30 12:15,121
1944,2020-7-30 12:30,120
1945,2020-7-30 12:45,118
1946,2020-7-30 13:00,112
1947,2020-7-30 13:15,107
1948,2020-7-30 13:30,104
1949,2020-7-30 13:45,101
1950,2020-7-30 14:00,102
1951,2020-7-30 14:15,103
1952,2020-7-30 14:30,105
1953,2020-7-30 14:45,102
1954,2020-7-30 15:00,98
1955,2020-7-30 15:15,94
1956,2020-7-30 15:30,93
1957,2020-7-30 15:45,96
1958,2020-7-30 16:00,101
1959,2020-7-30 16:15,102
1960,2020-7-30 16:30,100
1961,2020-7-30 16:45,100
1962,2020-7-30 17:00,101
1963,2020-7-30 17:15,99
1964,2020-7-30 17:30,95
1965,2020-7-30 17:45,95
1966,2020-7-30 18:00,99
1967,2020-7-30 18:15,99
1968,2020-7-30 18:30,98
1969,2020-7-30 18:45,102
1970,2020-7-30 19:00,113
1971,2020-7-30 19:15,133
1972,2020-7-30 19:30,157
1973,2020-7-30 19:45,173
1974,2020-7-30 20:00,182
1975,2020-7-30 20:15,189
1976,2020-7-30 20:30,169
1977,2020-7-30 20:45,138
1978,2020-7-30 21:00,128
1979,2020-7-30 21:15,123
1980,2020-7-30 21:30,116
1981,2020-7-30 21:45,106
1982,2020-7-30 22:00,104
1983,2020-7-30 22:15,106
1984,2020-7-30 22:30,107
1985,2020-7-30 22:45,105
1986,2020-7-30 23:00,101
1987,2020-7-30 23:15,101
1988,2020-7-30 23:30,96
1989,2020-7-30 23:45,95
1990,2020-7-31 00:00,94
1991,2020-7-31 00:15,90
1992,2020-7-31 00:30,93
1993,2020-7-31 00:45,93
1994,2020-7-31 01:00,93
1995,2020-7-31 01:15,93
1996,2020-7-31 01:30,93
1997,2020-7-31 01:45,93
1998,2020-7-31 02:00,91
1999,2020-7-31 02:15,92
2000,2020-7-31 02:30,90
2001,2020-7-31 02:45,89
2002,2020-7-31 03:00,91
2003,2020-7-31 03:15,92
2004,2020-7-31 03:30,93
2005,2020-7-31 03:45,95
2006,2020-7-31 04:00,92
2007,2020-7-31 04:15,92
2008,2020-7-31 04:30,93
2009,2020-7-31 04:45,92
2010,2020-7-31 05:00,91
2011,2020-7-31 05:15,94
2012,2020-7-31 05:30,96
2013,2020-7-31 05:45,95
2014,2020-7-31 06:00,94
2015,2020-7-31 06:15,93
2016,2020-7-31 06:30,93
2017,2020-7-31 06:45,96
2018,2020-7-31 07:00,96
2019,2020-7-31 07:15,98
2020,2020-7-31 07:30,113
2021,2020-7-31 07:45,151
2022,2020-7-31 08:00,173
2023,2020-7-31 08:15,181
2024,2020-7-31 08:30,181
2025,2020-7-31 08:45,179
2026,2020-7-31 09:00,169
2027,2020-7-31 09:15,156
2028,2020-7-31 09:30,146
2029,2020-7-31 09:45,130
2030,2020-7-31 10:00,124
2031,2020-7-31 10:15,130
2032,2020-7-31 10:30,126
2033,2020-7-31 10:45,112
2034,2020-7-31 11:00,108
2035,2020-7-31 11:15,111
2036,2020-7-31 11:30,118
2037,2020-7-31 11:45,123
2038,2020-7-31 12:00,124
2039,2020-7-31 12:15,124
2040,2020-7-31 12:30,125
2041,2020-7-31 12:45,131
2042,2020-7-31 13:00,139
2043,2020-7-31 13:15,141
2044,2020-7-31 13:30,138
2045,2020-7-31 13:45,138
2046,2020-7-31 14:00,141
2047,2020-7-31 14:15,140
2048,2020-7-31 14:30,138
2049,2020-7-31 14:45,139
2050,2020-7-31 15:00,140
2051,2020-7-31 15:15,137
2052,2020-7-31 15:30,135
2053,2020-7-31 15:45,134
2054,2020-7-31 16:00,132
2055,2020-7-31 16:15,131
2056,2020-7-31 16:30,132
2057,2020-7-31 16:45,147
2058,2020-7-31 17:00,180
2059,2020-7-31 17:15,209
2060,2020-7-31 17:30,224
2061,2020-7-31 17:45,225
2062,2020-7-31 18:00,221
2063,2020-7-31 18:15,217
2064,2020-7-31 18:30,200
2065,2020-7-31 18:45,181
2066,2020-7-31 19:00,161
2067,2020-7-31 19:15,147
2068,2020-7-31 19:30,156
2069,2020-7-31 19:45,139
2070,2020-7-31 20:00,123
2071,2020-7-31 20:15,113
2072,2020-7-31 20:30,103
2073,2020-7-31 20:45,108
2074,2020-7-31 21:00,141
2075,2020-7-31 21:15,174
2076,2020-7-31 21:30,191
2077,2020-7-31 21:45,156
2078,2020-7-31 22:00,147
2079,2020-8-1 00:45,99
2080,2020-8-1 01:00,95
2081,2020-8-1 01:15,93
2082,2020-8-1 01:30,86
2083,2020-8-1 01:45,81
2084,2020-8-1 02:00,83
2085,2020-8-1 02:15,84
2086,2020-8-1 02:30,81
2087,2020-8-1 02:45,78
2088,2020-8-1 03:00,79
2089,2020-8-1 03:15,81
2090,2020-8-1 03:30,81
2091,2020-8-1 03:45,83
2092,2020-8-1 04:00,86
2093,2020-8-1 04:15,88
2094,2020-8-1 04:30,87
2095,2020-8-1 04:45,77
2096,2020-8-1 05:00,76
2097,2020-8-1 05:15,88
2098,2020-8-1 05:30,91
2099,2020-8-1 05:45,91
2100,2020-8-1 06:00,91
2101,2020-8-1 06:15,92
2102,2020-8-1 06:30,94
2103,2020-8-1 06:45,97
2104,2020-8-1 07:00,97
2105,2020-8-1 07:15,97
2106,2020-8-1 07:30,103
2107,2020-8-1 07:45,102
2108,2020-8-1 08:00,101
2109,2020-8-1 08:15,107
2110,2020-8-1 08:30,120
2111,2020-8-1 08:45,143
2112,2020-8-1 09:00,157
2113,2020-8-1 09:15,170
2114,2020-8-1 09:30,177
2115,2020-8-1 09:45,189
2116,2020-8-1 10:00,200
2117,2020-8-1 10:15,189
2118,2020-8-1 10:30,185
2119,2020-8-1 10:45,196
2120,2020-8-1 11:00,207
2121,2020-8-1 11:15,214
2122,2020-8-1 11:30,210
2123,2020-8-1 11:45,199
2124,2020-8-1 12:00,191
2125,2020-8-1 12:15,175
2126,2020-8-1 12:30,145
2127,2020-8-1 12:45,124
2128,2020-8-1 13:00,106
2129,2020-8-1 13:15,89
2130,2020-8-1 13:30,76
2131,2020-8-1 13:45,72
2132,2020-8-1 14:00,72
2133,2020-8-1 14:15,85
2134,2020-8-1 14:30,99
2135,2020-8-1 14:45,103
2136,2020-8-1 15:00,102
2137,2020-8-1 15:15,103
2138,2020-8-1 15:30,97
2139,2020-8-1 15:45,86
2140,2020-8-1 16:00,83
2141,2020-8-1 16:15,87
2142,2020-8-1 16:30,92
2143,2020-8-1 16:45,93
2144,2020-8-1 17:00,94
2145,2020-8-1 17:15,97
2146,2020-8-1 17:30,95
2147,2020-8-1 17:45,93
2148,2020-8-1 18:00,92
2149,2020-8-1 18:15,92
2150,2020-8-1 18:30,93
2151,2020-8-1 18:45,94
2152,2020-8-1 19:00,94
2153,2020-8-1 19:15,94
2154,2020-8-1 19:30,95
2155,2020-8-1 19:45,96
2156,2020-8-1 20:00,95
2157,2020-8-1 20:15,93
2158,2020-8-1 20:30,94
2159,2020-8-1 20:45,95
2160,2020-8-1 21:00,99
2161,2020-8-1 21:15,102
2162,2020-8-1 21:30,105
2163,2020-8-1 21:45,125
2164,2020-8-1 22:00,129
2165,2020-8-1 22:15,122
2166,2020-8-1 22:30,134
2167,2020-8-1 22:45,156
2168,2020-8-1 23:00,173
2169,2020-8-1 23:15,184
2170,2020-8-1 23:30,186
2171,2020-8-1 23:45,182
2172,2020-8-2 00:00,170
2173,2020-8-2 00:15,150
2174,2020-8-2 00:30,138
2175,2020-8-2 00:45,128
2176,2020-8-2 01:00,122
2177,2020-8-2 01:15,119
2178,2020-8-2 01:30,114
2179,2020-8-2 01:45,114
2180,2020-8-2 02:00,115
2181,2020-8-2 02:15,113
2182,2020-8-2 02:30,114
2183,2020-8-2 02:45,114
2184,2020-8-2 03:00,113
2185,2020-8-2 03:15,115
2186,2020-8-2 03:30,110
2187,2020-8-2 03:45,106
2188,2020-8-2 04:00,107
2189,2020-8-2 04:15,106
2190,2020-8-2 04:30,102
2191,2020-8-2 04:45,97
2192,2020-8-2 05:00,94
2193,2020-8-2 05:15,94
2194,2020-8-2 05:30,94
2195,2020-8-2 05:45,92
2196,2020-8-2 06:00,94
2197,2020-8-2 06:15,99
2198,2020-8-2 06:30,100
2199,2020-8-2 06:45,94
2200,2020-8-2 07:00,90
2201,2020-8-2 07:15,91
2202,2020-8-2 07:30,94
2203,2020-8-2 07:45,98
2204,2020-8-2 08:00,103
2205,2020-8-2 08:15,113
2206,2020-8-2 08:30,122
2207,2020-8-2 08:45,125
2208,2020-8-2 09:00,134
2209,2020-8-2 09:15,149
2210,2020-8-2 09:30,168
2211,2020-8-2 09:45,193
2212,2020-8-2 10:00,194
2213,2020-8-2 10:15,182
2214,2020-8-2 10:30,168
2215,2020-8-2 10:45,145
2216,2020-8-2 11:00,116
2217,2020-8-2 11:15,105
2218,2020-8-2 11:30,110
2219,2020-8-2 11:45,108
2220,2020-8-2 12:00,99
2221,2020-8-2 12:15,88
2222,2020-8-2 12:30,81
2223,2020-8-2 12:45,76
2224,2020-8-2 13:00,73
2225,2020-8-2 13:15,74
2226,2020-8-2 13:30,73
2227,2020-8-2 13:45,75
2228,2020-8-2 14:00,84
2229,2020-8-2 14:15,91
2230,2020-8-2 14:30,98
2231,2020-8-2 14:45,102
2232,2020-8-2 15:00,99
2233,2020-8-2 15:15,100
2234,2020-8-2 15:30,101
2235,2020-8-2 15:45,101
2236,2020-8-2 16:00,101
2237,2020-8-2 16:15,99
2238,2020-8-2 16:30,100
2239,2020-8-2 16:45,100
2240,2020-8-2 17:00,98
2241,2020-8-2 17:15,98
2242,2020-8-2 17:30,99
2243,2020-8-2 17:45,94
2244,2020-8-2 18:00,92
2245,2020-8-2 18:15,93
2246,2020-8-2 18:30,92
2247,2020-8-2 18:45,90
2248,2020-8-2 19:00,92
2249,2020-8-2 19:15,90
2250,2020-8-2 19:30,86
2251,2020-8-2 19:45,96
2252,2020-8-2 20:00,116
2253,2020-8-2 20:15,122
2254,2020-8-2 20:30,119
2255,2020-8-2 20:45,123
2256,2020-8-2 21:00,135
2257,2020-8-2 21:15,145
2258,2020-8-2 21:30,149
2259,2020-8-2 21:45,146
2260,2020-8-2 22:00,144
2261,2020-8-2 22:15,149
2262,2020-8-2 22:30,145
2263,2020-8-2 22:45,137
2264,2020-8-3 01:15,98
2265,2020-8-3 01:30,99
2266,2020-8-3 01:45,101
2267,2020-8-3 02:00,101
2268,2020-8-3 02:15,100
2269,2020-8-3 02:30,102
2270,2020-8-3 02:45,102
2271,2020-8-3 03:00,99
2272,2020-8-3 03:15,98
2273,2020-8-3 03:30,100
2274,2020-8-3 03:45,105
2275,2020-8-3 04:00,106
2276,2020-8-3 04:15,104
2277,2020-8-3 04:30,106
2278,2020-8-3 04:45,108
2279,2020-8-3 05:00,104
2280,2020-8-3 05:15,102
2281,2020-8-3 05:30,102
2282,2020-8-3 05:45,100
2283,2020-8-3 06:00,98
2284,2020-8-3 06:15,93
2285,2020-8-3 06:30,94
2286,2020-8-3 06:45,97
2287,2020-8-3 07:00,95
2288,2020-8-3 07:15,93
2289,2020-8-3 07:30,98
2290,2020-8-3 07:45,105
2291,2020-8-3 08:00,107
2292,2020-8-3 08:15,105
2293,2020-8-3 08:30,107
2294,2020-8-3 08:45,110
2295,2020-8-3 09:00,109
2296,2020-8-3 09:15,113
2297,2020-8-3 09:30,114
2298,2020-8-3 09:45,110
2299,2020-8-3 10:00,110
2300,2020-8-3 10:15,116
2301,2020-8-3 10:30,121
2302,2020-8-3 10:45,119
2303,2020-8-3 11:00,117
2304,2020-8-3 11:15,116
2305,2020-8-3 11:30,117
2306,2020-8-3 11:45,121
2307,2020-8-3 12:00,133
2308,2020-8-3 12:15,143
2309,2020-8-3 12:30,154
2310,2020-8-3 12:45,174
2311,2020-8-3 13:00,194
2312,2020-8-3 13:15,202
2313,2020-8-3 13:30,196
2314,2020-8-3 13:45,187
2315,2020-8-3 14:00,174
2316,2020-8-3 14:15,156
2317,2020-8-3 14:30,134
2318,2020-8-3 14:45,117
2319,2020-8-3 15:00,97
2320,2020-8-3 15:15,87
2321,2020-8-3 15:30,90
2322,2020-8-3 15:45,93
2323,2020-8-3 16:00,94
2324,2020-8-3 16:15,89
2325,2020-8-3 16:30,80
2326,2020-8-3 16:45,75
2327,2020-8-3 17:00,78
2328,2020-8-3 17:15,85
2329,2020-8-3 17:30,99
2330,2020-8-3 17:45,103
2331,2020-8-3 18:00,102
2332,2020-8-3 18:15,102
2333,2020-8-3 18:30,101
2334,2020-8-3 18:45,96
2335,2020-8-3 19:00,93
2336,2020-8-3 19:15,91
2337,2020-8-3 19:30,92
2338,2020-8-3 19:45,101
2339,2020-8-3 20:00,115
2340,2020-8-3 20:15,118
2341,2020-8-3 20:30,115
2342,2020-8-3 20:45,117
2343,2020-8-3 21:00,126
2344,2020-8-3 21:15,114
2345,2020-8-3 21:30,113
2346,2020-8-3 21:45,127
2347,2020-8-3 22:00,128
2348,2020-8-3 22:15,121
2349,2020-8-3 23:30,115
2350,2020-8-3 23:45,113
2351,2020-8-4 00:00,104
2352,2020-8-4 00:15,100
2353,2020-8-4 00:30,98
2354,2020-8-4 00:45,94
2355,2020-8-4 01:00,95
2356,2020-8-4 01:15,96
2357,2020-8-4 01:30,95
2358,2020-8-4 01:45,94
2359,2020-8-4 02:00,94
2360,2020-8-4 02:15,92
2361,2020-8-4 02:30,93
2362,2020-8-4 02:45,99
2363,2020-8-4 03:00,96
2364,2020-8-4 03:15,97
2365,2020-8-4 03:30,95
2366,2020-8-4 03:45,92
2367,2020-8-4 04:00,93
2368,2020-8-4 04:15,92
2369,2020-8-4 04:30,94
2370,2020-8-4 04:45,96
2371,2020-8-4 05:00,96
2372,2020-8-4 05:15,97
2373,2020-8-4 05:30,95
2374,2020-8-4 05:45,94
2375,2020-8-4 06:00,95
2376,2020-8-4 06:15,96
2377,2020-8-4 06:30,94
2378,2020-8-4 06:45,95
2379,2020-8-4 07:00,98
2380,2020-8-4 07:15,102
2381,2020-8-4 07:30,105
2382,2020-8-4 07:45,109
2383,2020-8-4 08:00,114
2384,2020-8-4 08:15,115
2385,2020-8-4 08:30,112
2386,2020-8-4 08:45,111
2387,2020-8-4 09:00,113
2388,2020-8-4 09:15,112
2389,2020-8-4 09:30,111
2390,2020-8-4 09:45,124
2391,2020-8-4 10:00,149
2392,2020-8-4 10:15,171
2393,2020-8-4 10:30,189
2394,2020-8-4 10:45,198
2395,2020-8-4 11:00,198
2396,2020-8-4 11:15,188
2397,2020-8-4 11:30,177
2398,2020-8-4 11:45,161
2399,2020-8-4 12:00,149
2400,2020-8-4 12:15,142
2401,2020-8-4 12:30,132
2402,2020-8-4 12:45,108
2403,2020-8-4 13:00,100
2404,2020-8-4 13:15,106
2405,2020-8-4 13:30,110
2406,2020-8-4 13:45,107
2407,2020-8-4 14:00,97
2408,2020-8-4 14:15,93
2409,2020-8-4 14:30,89
2410,2020-8-4 14:45,84
2411,2020-8-4 15:00,81
2412,2020-8-4 15:15,82
2413,2020-8-4 15:30,83
2414,2020-8-4 15:45,87
2415,2020-8-4 16:00,89
2416,2020-8-4 16:15,88
2417,2020-8-4 16:30,86
2418,2020-8-4 16:45,86
2419,2020-8-4 17:00,89
2420,2020-8-4 17:15,90
2421,2020-8-4 17:30,87
2422,2020-8-4 17:45,89
2423,2020-8-4 18:00,91
2424,2020-8-4 18:15,96
2425,2020-8-4 18:30,105
2426,2020-8-4 18:45,113
2427,2020-8-4 19:00,116
2428,2020-8-4 19:15,113
2429,2020-8-4 19:30,101
2430,2020-8-4 19:45,95
2431,2020-8-4 20:00,91
2432,2020-8-4 20:15,97
2433,2020-8-4 20:30,117
2434,2020-8-4 20:45,132
2435,2020-8-4 21:00,120
2436,2020-8-4 21:15,104
2437,2020-8-4 21:30,101
2438,2020-8-4 21:45,103
2439,2020-8-4 22:00,105
2440,2020-8-4 22:15,96
2441,2020-8-4 22:30,92
2442,2020-8-4 22:45,91
2443,2020-8-5 00:15,82
2444,2020-8-5 00:30,84
2445,2020-8-5 00:45,83
2446,2020-8-5 01:00,81
2447,2020-8-5 01:15,81
2448,2020-8-5 01:30,82
2449,2020-8-5 01:45,85
2450,2020-8-5 02:00,87
2451,2020-8-5 02:15,85
2452,2020-8-5 02:30,86
2453,2020-8-5 02:45,87
2454,2020-8-5 03:00,84
2455,2020-8-5 03:15,82
2456,2020-8-5 03:30,79
2457,2020-8-5 03:45,77
2458,2020-8-5 04:00,77
2459,2020-8-5 04:15,78
2460,2020-8-5 04:30,80
2461,2020-8-5 04:45,83
2462,2020-8-5 05:00,84
2463,2020-8-5 05:15,81
2464,2020-8-5 05:30,79
2465,2020-8-5 05:45,83
2466,2020-8-5 06:00,85
2467,2020-8-5 06:15,84
2468,2020-8-5 06:30,90
2469,2020-8-5 06:45,95
2470,2020-8-5 07:00,94
2471,2020-8-5 07:15,91
2472,2020-8-5 07:30,92
2473,2020-8-5 07:45,96
2474,2020-8-5 08:00,101
2475,2020-8-5 08:15,106
2476,2020-8-5 08:30,112
2477,2020-8-5 08:45,120
2478,2020-8-5 09:00,130
2479,2020-8-5 09:15,133
2480,2020-8-5 09:30,142
2481,2020-8-5 09:45,157
2482,2020-8-5 10:00,170
2483,2020-8-5 10:15,185
2484,2020-8-5 10:30,195
2485,2020-8-5 10:45,180
2486,2020-8-5 11:00,146
2487,2020-8-5 11:15,125
2488,2020-8-5 11:30,124
2489,2020-8-5 11:45,132
2490,2020-8-5 12:00,131
2491,2020-8-5 12:15,116
2492,2020-8-5 12:30,111
2493,2020-8-5 12:45,104
2494,2020-8-5 13:00,107
2495,2020-8-5 13:15,118
2496,2020-8-5 13:30,123
2497,2020-8-5 13:45,123
2498,2020-8-5 14:00,114
2499,2020-8-5 14:15,104
2500,2020-8-5 14:30,105
2501,2020-8-5 14:45,109
2502,2020-8-5 15:00,110
2503,2020-8-5 15:15,102
2504,2020-8-5 15:30,88
2505,2020-8-5 15:45,90
2506,2020-8-5 16:00,100
2507,2020-8-5 16:15,101
2508,2020-8-5 16:30,99
2509,2020-8-5 16:45,96
2510,2020-8-5 17:00,91
2511,2020-8-5 17:15,93
2512,2020-8-5 17:30,110
2513,2020-8-5 17:45,121
2514,2020-8-5 18:00,125
2515,2020-8-5 18:15,126
2516,2020-8-5 18:30,125
2517,2020-8-5 18:45,126
2518,2020-8-5 19:00,126
2519,2020-8-5 19:15,124
2520,2020-8-5 19:30,120
2521,2020-8-5 19:45,121
2522,2020-8-5 20:00,128
2523,2020-8-5 20:15,128
2524,2020-8-5 20:30,126
2525,2020-8-5 20:45,123
2526,2020-8-5 21:00,123
2527,2020-8-5 21:15,125
2528,2020-8-5 21:30,123
2529,2020-8-5 21:45,117
2530,2020-8-5 22:00,109
2531,2020-8-5 22:15,106
2532,2020-8-5 22:30,103
2533,2020-8-6 01:00,90
2534,2020-8-6 01:15,89
2535,2020-8-6 01:30,88
2536,2020-8-6 01:45,89
2537,2020-8-6 02:00,89
2538,2020-8-6 02:15,86
2539,2020-8-6 02:30,90
2540,2020-8-6 02:45,93
2541,2020-8-6 03:00,87
2542,2020-8-6 03:15,86
2543,2020-8-6 03:30,89
2544,2020-8-6 03:45,89
2545,2020-8-6 04:00,90
2546,2020-8-6 04:15,90
2547,2020-8-6 04:30,88
2548,2020-8-6 04:45,87
2549,2020-8-6 05:00,89
2550,2020-8-6 05:15,88
2551,2020-8-6 05:30,87
2552,2020-8-6 05:45,88
2553,2020-8-6 06:00,90
2554,2020-8-6 06:15,89
2555,2020-8-6 06:30,86
2556,2020-8-6 06:45,87
2557,2020-8-6 07:00,88
2558,2020-8-6 07:15,88
2559,2020-8-6 07:30,91
2560,2020-8-6 07:45,94
2561,2020-8-6 08:00,93
2562,2020-8-6 08:15,91
2563,2020-8-6 08:30,92
2564,2020-8-6 08:45,95
2565,2020-8-6 09:00,97
2566,2020-8-6 09:15,100
2567,2020-8-6 09:30,107
2568,2020-8-6 09:45,109
2569,2020-8-6 10:00,116
2570,2020-8-6 10:15,126
2571,2020-8-6 10:30,133
2572,2020-8-6 10:45,146
2573,2020-8-6 11:00,162
2574,2020-8-6 11:15,153
2575,2020-8-6 11:30,154
2576,2020-8-6 11:45,155
