,Unnamed: 0,Time,Gluco
0,0,2020-07-08 15:30,169
1,1,2020-07-08 15:45,155
2,2,2020-07-08 16:00,136
3,3,2020-07-08 16:15,120
4,4,2020-07-08 16:30,111
5,5,2020-07-08 16:45,97
6,6,2020-07-08 17:00,76
7,7,2020-07-08 17:15,66
8,8,2020-07-08 17:30,58
9,9,2020-07-08 17:45,46
10,10,2020-07-08 18:00,40
11,11,2020-07-08 18:15,40
12,12,2020-07-08 18:30,40
13,13,2020-07-08 18:45,40
14,14,2020-07-08 19:00,40
15,15,2020-07-08 19:15,40
16,16,2020-07-08 19:30,40
17,17,2020-07-08 19:45,40
18,18,2020-07-08 20:00,40
19,19,2020-07-08 20:15,40
20,20,2020-07-08 20:30,52
21,21,2020-07-08 20:45,76
22,22,2020-07-08 21:00,87
23,23,2020-07-08 21:15,92
24,24,2020-07-08 21:30,88
25,25,2020-07-08 21:45,88
26,26,2020-07-08 22:00,88
27,27,2020-07-08 22:15,88
28,28,2020-07-08 22:30,88
29,29,2020-07-08 22:45,89
30,30,2020-07-08 23:00,89
31,31,2020-07-08 23:15,89
32,32,2020-07-08 23:30,89
33,33,2020-07-08 23:45,90
34,34,2020-07-09 00:00,90
35,35,2020-07-09 00:15,90
36,36,2020-07-09 00:30,90
37,37,2020-07-09 0:45,91
38,38,2020-07-09 1:00,97
39,39,2020-07-09 1:15,98
40,40,2020-07-09 1:30,99
41,41,2020-07-09 1:45,101
42,42,2020-07-09 2:00,101
43,43,2020-07-09 2:15,106
44,44,2020-07-09 2:30,113
45,45,2020-07-09 2:45,115
46,46,2020-07-09 3:00,106
47,47,2020-07-09 3:15,100
48,48,2020-07-09 3:30,98
49,49,2020-07-09 3:45,101
50,50,2020-07-09 4:00,111
51,51,2020-07-09 4:15,109
52,52,2020-07-09 4:30,100
53,53,2020-07-09 4:45,94
54,54,2020-07-09 5:00,96
55,55,2020-07-09 5:15,101
56,56,2020-07-09 5:30,106
57,57,2020-07-09 5:45,113
58,58,2020-07-09 6:00,116
59,59,2020-07-09 6:15,116
60,60,2020-07-09 6:30,117
61,61,2020-07-09 6:45,120
62,62,2020-07-09 7:00,124
63,63,2020-07-09 7:15,130
64,64,2020-07-09 7:30,137
65,65,2020-07-09 7:45,151
66,66,2020-07-09 8:00,173
67,67,2020-07-09 8:15,193
68,68,2020-07-09 8:30,197
69,69,2020-07-09 8:45,214
70,70,2020-07-09 9:00,231
71,71,2020-07-09 9:15,232
72,72,2020-07-09 9:30,231
73,73,2020-07-09 9:45,231
74,74,2020-07-09 10:00,223
75,75,2020-07-09 10:15,212
76,76,2020-07-09 10:30,201
77,77,2020-07-09 10:45,182
78,78,2020-07-09 11:00,161
79,79,2020-07-09 11:15,137
80,80,2020-07-09 11:30,107
81,81,2020-07-09 11:45,87
82,82,2020-07-09 12:00,78
83,83,2020-07-09 12:15,73
84,84,2020-07-09 12:30,82
85,85,2020-07-09 12:45,96
86,86,2020-07-09 13:00,100
87,87,2020-07-09 13:30,105
88,88,2020-07-09 13:45,105
89,89,2020-07-09 14:00,105
90,90,2020-07-09 14:15,103
91,91,2020-07-09 14:30,100
92,92,2020-07-09 14:45,101
93,93,2020-07-09 15:00,104
94,94,2020-07-09 15:15,108
95,95,2020-07-09 15:30,112
96,96,2020-07-09 15:45,112
97,97,2020-07-09 16:00,105
98,98,2020-07-09 16:15,94
99,99,2020-07-09 16:30,91
100,100,2020-07-09 16:45,102
101,101,2020-07-09 17:00,112
102,102,2020-07-09 17:15,114
103,103,2020-07-09 17:30,114
104,104,2020-07-09 17:45,116
105,105,2020-07-09 18:00,117
106,106,2020-07-09 18:15,118
107,107,2020-07-09 18:30,121
108,108,2020-07-09 18:45,123
109,109,2020-07-09 19:00,119
110,110,2020-07-09 19:15,123
111,111,2020-07-09 19:30,152
112,112,2020-07-09 19:45,191
113,113,2020-07-09 20:00,210
114,114,2020-07-09 20:15,215
115,115,2020-07-09 20:30,221
116,116,2020-07-09 20:45,225
117,117,2020-07-09 21:00,231
118,118,2020-07-09 21:15,236
119,119,2020-07-09 21:30,233
120,120,2020-07-09 21:45,227
121,121,2020-07-09 22:00,218
122,122,2020-07-09 22:15,229
123,123,2020-07-09 22:30,231
124,124,2020-07-09 22:45,219
125,125,2020-07-09 23:00,206
126,126,2020-07-09 23:15,158
127,127,2020-07-09 23:30,154
128,128,2020-07-09 23:45,150
129,129,2020-07-09 0:00,147
130,130,2020-07-10 0:15,135
131,131,2020-07-10 0:30,128
132,132,2020-07-10 0:45,128
133,133,2020-07-10 1:00,130
134,134,2020-07-10 1:15,130
135,135,2020-07-10 1:30,127
136,136,2020-07-10 1:45,122
137,137,2020-07-10 2:00,121
138,138,2020-07-10 2:15,120
139,139,2020-07-10 2:30,119
140,140,2020-07-10 2:45,121
141,141,2020-07-10 3:00,125
142,142,2020-07-10 3:15,122
143,143,2020-07-10 3:30,120
144,144,2020-07-10 3:45,122
145,145,2020-07-10 4:00,125
146,146,2020-07-10 4:15,124
147,147,2020-07-10 4:30,121
148,148,2020-07-10 4:45,121
149,149,2020-07-10 5:00,121
150,150,2020-07-10 5:15,119
151,151,2020-07-10 5:30,121
152,152,2020-07-10 5:45,124
153,153,2020-07-10 6:00,122
154,154,2020-07-10 6:15,122
155,155,2020-07-10 6:30,125
156,156,2020-07-10 6:45,128
157,157,2020-07-10 7:00,130
158,158,2020-07-10 7:15,131
159,159,2020-07-10 7:30,131
160,160,2020-07-10 7:45,132
161,161,2020-07-10 8:00,132
162,162,2020-07-10 8:15,137
163,163,2020-07-10 8:30,151
164,164,2020-07-10 8:45,169
165,165,2020-07-10 9:00,183
166,166,2020-07-10 9:15,197
167,167,2020-07-10 9:30,207
168,168,2020-07-10 9:45,213
169,169,2020-07-10 10:00,233
170,170,2020-07-10 10:15,254
171,171,2020-07-10 10:30,262
172,172,2020-07-10 10:45,263
173,173,2020-07-10 11:00,256
174,174,2020-07-10 11:15,241
175,175,2020-07-10 11:30,214
176,176,2020-07-10 11:45,186
177,177,2020-07-10 12:00,174
178,178,2020-07-10 12:15,167
179,179,2020-07-10 12:30,154
180,180,2020-07-10 12:45,132
181,181,2020-07-10 13:00,110
182,182,2020-07-10 13:15,107
183,183,2020-07-10 13:30,140
184,184,2020-07-10 13:45,171
185,185,2020-07-10 14:00,204
186,186,2020-07-10 14:15,224
187,187,2020-07-10 14:30,227
188,188,2020-07-10 14:45,219
189,189,2020-07-10 15:00,205
190,190,2020-07-10 15:15,179
191,191,2020-07-10 15:30,154
192,192,2020-07-10 15:45,148
193,193,2020-07-10 16:00,151
194,194,2020-07-10 16:15,151
195,195,2020-07-10 16:30,148
196,196,2020-07-10 16:45,149
197,197,2020-07-10 17:00,148
198,198,2020-07-10 17:15,136
199,199,2020-07-10 17:30,126
200,200,2020-07-10 17:45,122
201,201,2020-07-10 18:00,119
202,202,2020-07-10 18:15,117
203,203,2020-07-10 18:30,112
204,204,2020-07-10 18:45,106
205,205,2020-07-10 19:00,105
206,206,2020-07-10 19:15,106
207,207,2020-07-10 19:30,100
208,208,2020-07-10 19:45,99
209,209,2020-07-10 20:00,109
210,210,2020-07-10 20:15,120
211,211,2020-07-10 20:30,123
212,212,2020-07-10 20:45,123
213,213,2020-07-10 21:00,122
214,214,2020-07-10 21:15,124
215,215,2020-07-10 21:30,133
216,216,2020-07-10 21:45,152
217,217,2020-07-10 22:00,182
218,218,2020-07-10 22:15,206
219,219,2020-07-10 22:30,222
220,220,2020-07-10 22:45,231
221,221,2020-07-10 23:00,230
222,222,2020-07-10 23:15,214
223,223,2020-07-10 23:30,209
224,224,2020-07-10 23:45,204
225,225,2020-07-11 0:00,195
226,226,2020-07-11 0:15,180
227,227,2020-07-11 0:30,169
228,228,2020-07-11 00:45,169
229,229,2020-07-11 1:00,169
230,230,2020-07-11 1:15,162
231,231,2020-07-11 1:30,157
232,232,2020-07-11 1:45,159
233,233,2020-07-11 2:00,163
234,234,2020-07-11 2:15,167
235,235,2020-07-11 2:30,170
236,236,2020-07-11 2:45,170
237,237,2020-07-11 3:00,167
238,238,2020-07-11 3:15,165
239,239,2020-07-11 3:30,159
240,240,2020-07-11 3:45,150
241,241,2020-07-11 4:00,143
242,242,2020-07-11 4:15,139
243,243,2020-07-11 4:30,136
244,244,2020-07-11 4:45,137
245,245,2020-07-11 5:00,140
246,246,2020-07-11 5:15,139
247,247,2020-07-11 5:30,139
248,248,2020-07-11 5:45,136
249,249,2020-07-11 6:00,129
250,250,2020-07-11 6:15,122
251,251,2020-07-11 6:30,120
252,252,2020-07-11 6:45,120
253,253,2020-07-11 7:00,118
254,254,2020-07-11 7:15,111
255,255,2020-07-11 7:30,111
256,256,2020-07-11 7:45,114
257,257,2020-07-11 8:00,114
258,258,2020-07-11 8:15,118
259,259,2020-07-11 8:30,117
260,260,2020-07-11 8:45,120
261,261,2020-07-11 9:00,123
262,262,2020-07-11 9:15,122
263,263,2020-07-11 9:30,133
264,264,2020-07-11 9:45,164
265,265,2020-07-11 10:00,187
266,266,2020-07-11 10:15,203
267,267,2020-07-11 10:30,203
268,268,2020-07-11 10:45,199
269,269,2020-07-11 11:00,200
270,270,2020-07-11 11:15,211
271,271,2020-07-11 11:30,220
272,272,2020-07-11 11:45,213
273,273,2020-07-11 12:00,199
274,274,2020-07-11 12:15,192
275,275,2020-07-11 12:30,182
276,276,2020-07-11 12:45,156
277,277,2020-07-11 13:00,125
278,278,2020-07-11 13:15,104
279,279,2020-07-11 13:30,97
280,280,2020-07-11 13:45,98
281,281,2020-07-11 14:00,101
282,282,2020-07-11 14:15,101
283,283,2020-07-11 14:30,101
284,284,2020-07-11 14:45,101
285,285,2020-07-11 15:00,101
286,286,2020-07-11 15:15,100
287,287,2020-07-11 15:30,97
288,288,2020-07-11 15:45,98
289,289,2020-07-11 16:00,94
290,290,2020-07-11 16:15,89
291,291,2020-07-11 16:30,90
292,292,2020-07-11 16:45,90
293,293,2020-07-11 17:00,91
294,294,2020-07-11 17:15,93
295,295,2020-07-11 17:30,92
296,296,2020-07-11 17:45,95
297,297,2020-07-11 18:00,98
298,298,2020-07-11 18:15,100
299,299,2020-07-11 18:30,108
300,300,2020-07-11 18:45,117
301,301,2020-07-11 19:00,124
302,302,2020-07-11 19:15,136
303,303,2020-07-11 19:45,145
304,304,2020-07-11 20:00,154
305,305,2020-07-11 20:15,168
306,306,2020-07-11 20:30,174
307,307,2020-07-11 20:45,174
308,308,2020-07-11 21:00,174
309,309,2020-07-11 21:15,178
310,310,2020-07-11 21:30,176
311,311,2020-07-11 21:45,169
312,312,2020-07-11 22:00,161
313,313,2020-07-11 22:15,102
314,314,2020-07-11 22:30,100
315,315,2020-07-11 22:45,98
316,316,2020-07-11 23:00,97
317,317,2020-07-11 23:15,95
318,318,2020-07-11 23:30,93
319,319,2020-07-11 23:45,92
320,320,2020-07-11 0:00,88
321,321,2020-07-12 0:15,93
322,322,2020-07-12 0:30,93
323,323,2020-07-12 0:45,87
324,324,2020-07-12 1:00,83
325,325,2020-07-12 1:15,77
326,326,2020-07-12 1:30,71
327,327,2020-07-12 1:45,81
328,328,2020-07-12 2:00,97
329,329,2020-07-12 2:15,96
330,330,2020-07-12 2:30,95
331,331,2020-07-12 2:45,99
332,332,2020-07-12 3:00,98
333,333,2020-07-12 3:15,96
334,334,2020-07-12 3:30,100
335,335,2020-07-12 3:45,104
336,336,2020-07-12 4:00,101
337,337,2020-07-12 4:15,98
338,338,2020-07-12 4:30,96
339,339,2020-07-12 4:45,89
340,340,2020-07-12 5:00,75
341,341,2020-07-12 5:15,67
342,342,2020-07-12 5:30,75
343,343,2020-07-12 5:45,89
344,344,2020-07-12 6:00,101
345,345,2020-07-12 6:15,102
346,346,2020-07-12 6:30,100
347,347,2020-07-12 6:45,105
348,348,2020-07-12 7:00,104
349,349,2020-07-12 7:15,103
350,350,2020-07-12 7:30,103
351,351,2020-07-12 7:45,104
352,352,2020-07-12 8:00,110
353,353,2020-07-12 8:15,112
354,354,2020-07-12 8:30,110
355,355,2020-07-12 8:45,112
356,356,2020-07-12 9:00,114
357,357,2020-07-12 9:15,123
358,358,2020-07-12 9:30,144
359,359,2020-07-12 9:45,175
360,360,2020-07-12 10:00,186
361,361,2020-07-12 10:15,185
362,362,2020-07-12 10:30,175
363,363,2020-07-12 10:45,167
364,364,2020-07-12 11:00,165
365,365,2020-07-12 11:15,167
366,366,2020-07-12 11:30,168
367,367,2020-07-12 11:45,167
368,368,2020-07-12 12:00,167
369,369,2020-07-12 12:15,166
370,370,2020-07-12 12:30,145
371,371,2020-07-12 12:45,135
372,372,2020-07-12 13:00,132
373,373,2020-07-12 13:15,122
374,374,2020-07-12 13:30,108
375,375,2020-07-12 13:45,88
376,376,2020-07-12 14:00,89
377,377,2020-07-12 14:15,98
378,378,2020-07-12 14:30,97
379,379,2020-07-12 14:45,90
380,380,2020-07-12 15:00,89
381,381,2020-07-12 15:15,96
382,382,2020-07-12 15:30,106
383,383,2020-07-12 15:45,121
384,384,2020-07-12 16:00,144
385,385,2020-07-12 16:15,154
386,386,2020-07-12 16:30,155
387,387,2020-07-12 16:45,168
388,388,2020-07-12 17:00,186
389,389,2020-07-12 17:15,189
390,390,2020-07-12 17:30,191
391,391,2020-07-12 17:45,192
392,392,2020-07-12 18:00,190
393,393,2020-07-12 18:15,183
394,394,2020-07-12 18:30,173
395,395,2020-07-12 18:45,167
396,396,2020-07-12 19:00,167
397,397,2020-07-12 19:15,171
398,398,2020-07-12 19:30,166
399,399,2020-07-12 19:45,170
400,400,2020-07-12 20:00,178
401,401,2020-07-12 20:15,160
402,402,2020-07-12 20:30,169
403,403,2020-07-12 20:45,177
404,404,2020-07-12 21:00,172
405,405,2020-07-12 21:15,161
406,406,2020-07-12 21:30,148
407,407,2020-07-12 21:45,140
408,408,2020-07-12 22:00,133
409,409,2020-07-12 22:15,129
410,410,2020-07-12 22:30,128
411,411,2020-07-12 22:45,105
412,412,2020-07-12 23:00,104
413,413,2020-07-12 23:15,104
414,414,2020-07-12 23:30,104
415,415,2020-07-12 23:45,104
416,416,2020-07-13 00:00,104
417,417,2020-07-13 00:15,104
418,418,2020-07-13 00:30,104
419,419,2020-07-13 00:45,103
420,420,2020-07-13 01:00,103
421,421,2020-07-13 01:15,103
422,422,2020-07-13 01:30,103
423,423,2020-07-13 01:45,103
424,424,2020-07-13 02:00,103
425,425,2020-07-13 02:15,103
426,426,2020-07-13 2:30,103
427,427,2020-07-13 2:45,100
428,428,2020-07-13 3:00,92
429,429,2020-07-13 3:15,93
430,430,2020-07-13 3:30,100
431,431,2020-07-13 3:45,98
432,432,2020-07-13 4:00,97
433,433,2020-07-13 4:15,101
434,434,2020-07-13 4:30,108
435,435,2020-07-13 4:45,109
436,436,2020-07-13 5:00,107
437,437,2020-07-13 5:15,110
438,438,2020-07-13 5:30,114
439,439,2020-07-13 5:45,114
440,440,2020-07-13 6:00,114
441,441,2020-07-13 6:15,114
442,442,2020-07-13 6:30,111
443,443,2020-07-13 6:45,110
444,444,2020-07-13 7:00,110
445,445,2020-07-13 7:15,112
446,446,2020-07-13 7:30,113
447,447,2020-07-13 7:45,115
448,448,2020-07-13 8:00,131
449,449,2020-07-13 8:15,165
450,450,2020-07-13 8:30,189
451,451,2020-07-13 8:45,196
452,452,2020-07-13 9:00,200
453,453,2020-07-13 9:15,197
454,454,2020-07-13 9:30,190
455,455,2020-07-13 9:45,178
456,456,2020-07-13 10:00,163
457,457,2020-07-13 10:15,143
458,458,2020-07-13 10:30,127
459,459,2020-07-13 10:45,112
460,460,2020-07-13 11:00,101
461,461,2020-07-13 11:15,98
462,462,2020-07-13 11:30,97
463,463,2020-07-13 11:45,92
464,464,2020-07-13 12:00,94
465,465,2020-07-13 12:15,99
466,466,2020-07-13 12:30,100
467,467,2020-07-13 12:45,96
468,468,2020-07-13 13:00,96
469,469,2020-07-13 13:15,113
470,470,2020-07-13 13:30,134
471,471,2020-07-13 13:45,131
472,472,2020-07-13 14:00,125
473,473,2020-07-13 14:15,128
474,474,2020-07-13 14:30,126
475,475,2020-07-13 14:45,123
476,476,2020-07-13 15:00,122
477,477,2020-07-13 15:15,122
478,478,2020-07-13 15:30,117
479,479,2020-07-13 15:45,109
480,480,2020-07-13 16:00,105
481,481,2020-07-13 16:15,102
482,482,2020-07-13 16:30,101
483,483,2020-07-13 16:45,103
484,484,2020-07-13 17:00,106
485,485,2020-07-13 17:15,106
486,486,2020-07-13 17:30,111
487,487,2020-07-13 17:45,112
488,488,2020-07-13 18:00,113
489,489,2020-07-13 18:15,109
490,490,2020-07-13 18:30,110
491,491,2020-07-13 18:45,120
492,492,2020-07-13 19:00,131
493,493,2020-07-13 19:15,132
494,494,2020-07-13 19:30,134
495,495,2020-07-13 19:45,146
496,496,2020-07-13 20:00,155
497,497,2020-07-13 20:15,165
498,498,2020-07-13 20:30,174
499,499,2020-07-13 20:45,186
500,500,2020-07-13 21:00,198
501,501,2020-07-13 21:15,205
502,502,2020-07-13 21:30,214
503,503,2020-07-13 21:45,206
504,504,2020-07-13 22:00,218
505,505,2020-07-13 22:15,233
506,506,2020-07-13 22:30,212
507,507,2020-07-13 22:45,204
508,508,2020-07-13 23:00,197
509,509,2020-07-13 23:15,187
510,510,2020-07-13 23:30,178
511,511,2020-07-13 23:45,169
512,512,2020-07-13 0:00,168
513,513,2020-07-14 0:15,166
514,514,2020-07-14 0:30,152
515,515,2020-07-14 0:45,139
516,516,2020-07-14 1:00,132
517,517,2020-07-14 1:15,129
518,518,2020-07-14 1:30,125
519,519,2020-07-14 1:45,121
520,520,2020-07-14 2:00,123
521,521,2020-07-14 2:15,134
522,522,2020-07-14 2:30,140
523,523,2020-07-14 2:45,134
524,524,2020-07-14 3:00,131
525,525,2020-07-14 3:15,134
526,526,2020-07-14 3:30,137
527,527,2020-07-14 3:45,135
528,528,2020-07-14 4:00,131
529,529,2020-07-14 4:15,129
530,530,2020-07-14 4:30,130
531,531,2020-07-14 4:45,125
532,532,2020-07-14 5:00,117
533,533,2020-07-14 5:15,114
534,534,2020-07-14 5:30,111
535,535,2020-07-14 5:45,109
536,536,2020-07-14 6:00,110
537,537,2020-07-14 6:15,110
538,538,2020-07-14 6:30,117
539,539,2020-07-14 6:45,118
540,540,2020-07-14 7:00,117
541,541,2020-07-14 7:15,120
542,542,2020-07-14 7:30,142
543,543,2020-07-14 7:45,165
544,544,2020-07-14 8:00,172
545,545,2020-07-14 8:15,173
546,546,2020-07-14 8:30,180
547,547,2020-07-14 8:45,183
548,548,2020-07-14 9:00,178
549,549,2020-07-14 9:15,173
550,550,2020-07-14 9:30,170
551,551,2020-07-14 9:45,163
552,552,2020-07-14 10:00,153
553,553,2020-07-14 10:15,143
554,554,2020-07-14 10:30,131
555,555,2020-07-14 10:45,117
556,556,2020-07-14 11:00,107
557,557,2020-07-14 11:15,99
558,558,2020-07-14 11:30,97
559,559,2020-07-14 11:45,97
560,560,2020-07-14 12:00,96
561,561,2020-07-14 12:15,95
562,562,2020-07-14 12:30,99
563,563,2020-07-14 12:45,98
564,564,2020-07-14 13:00,100
565,565,2020-07-14 13:15,104
566,566,2020-07-14 13:30,112
567,567,2020-07-14 13:45,147
568,568,2020-07-14 14:00,161
569,569,2020-07-14 14:15,163
570,570,2020-07-14 14:30,159
571,571,2020-07-14 14:45,154
572,572,2020-07-14 15:00,146
573,573,2020-07-14 15:15,138
574,574,2020-07-14 15:30,128
575,575,2020-07-14 15:45,117
576,576,2020-07-14 16:00,110
577,577,2020-07-14 16:15,107
578,578,2020-07-14 16:30,107
579,579,2020-07-14 16:45,105
580,580,2020-07-14 17:00,102
581,581,2020-07-14 17:15,101
582,582,2020-07-14 17:30,102
583,583,2020-07-14 17:45,95
584,584,2020-07-14 18:00,94
585,585,2020-07-14 18:15,98
586,586,2020-07-14 18:30,97
587,587,2020-07-14 18:45,97
588,588,2020-07-14 19:00,105
589,589,2020-07-14 19:15,122
590,590,2020-07-14 19:30,142
591,591,2020-07-14 19:45,153
592,592,2020-07-14 20:00,151
593,593,2020-07-14 20:15,141
594,594,2020-07-14 20:30,138
595,595,2020-07-14 20:45,135
596,596,2020-07-14 21:00,124
597,597,2020-07-14 21:15,128
598,598,2020-07-14 21:30,154
599,599,2020-07-14 21:45,177
600,600,2020-07-14 22:00,176
601,601,2020-07-14 22:15,165
602,602,2020-07-14 22:30,147
603,603,2020-07-14 22:45,128
604,604,2020-07-14 23:00,120
605,605,2020-07-14 23:15,115
606,606,2020-07-14 23:30,108
607,607,2020-07-14 23:45,105
608,608,2020-07-15 0:00,102
609,609,2020-07-15 0:15,101
610,610,2020-07-15 0:30,102
611,611,2020-07-15 0:45,99
612,612,2020-07-15 1:00,98
613,613,2020-07-15 1:15,98
614,614,2020-07-15 1:30,106
615,615,2020-07-15 1:45,110
616,616,2020-07-15 2:00,107
617,617,2020-07-15 2:15,106
618,618,2020-07-15 2:30,109
619,619,2020-07-15 2:45,109
620,620,2020-07-15 3:00,110
621,621,2020-07-15 3:15,111
622,622,2020-07-15 3:30,107
623,623,2020-07-15 3:45,103
624,624,2020-07-15 4:00,107
625,625,2020-07-15 4:15,110
626,626,2020-07-15 4:30,110
627,627,2020-07-15 4:45,106
628,628,2020-07-15 5:00,105
629,629,2020-07-15 5:15,113
630,630,2020-07-15 5:30,117
631,631,2020-07-15 5:45,115
632,632,2020-07-15 6:00,116
633,633,2020-07-15 6:15,114
634,634,2020-07-15 6:30,117
635,635,2020-07-15 6:45,127
636,636,2020-07-15 7:00,146
637,637,2020-07-15 7:15,166
638,638,2020-07-15 7:30,170
639,639,2020-07-15 7:45,168
640,640,2020-07-15 8:00,172
641,641,2020-07-15 8:15,187
642,642,2020-07-15 8:30,213
643,643,2020-07-15 8:45,238
644,644,2020-07-15 9:00,230
645,645,2020-07-15 9:15,224
646,646,2020-07-15 9:30,227
647,647,2020-07-15 9:45,219
648,648,2020-07-15 10:00,205
649,649,2020-07-15 10:15,190
650,650,2020-07-15 10:30,172
651,651,2020-07-15 10:45,143
652,652,2020-07-15 11:00,117
653,653,2020-07-15 11:15,117
654,654,2020-07-15 11:30,117
655,655,2020-07-15 11:45,106
656,656,2020-07-15 12:00,90
657,657,2020-07-15 12:15,74
658,658,2020-07-15 12:30,84
659,659,2020-07-15 12:45,92
660,660,2020-07-15 13:00,98
661,661,2020-07-15 13:15,99
662,662,2020-07-15 13:30,115
663,663,2020-07-15 13:45,131
664,664,2020-07-15 14:00,119
665,665,2020-07-15 14:15,101
666,666,2020-07-15 14:30,99
667,667,2020-07-15 14:45,107
668,668,2020-07-15 15:00,109
669,669,2020-07-15 15:15,106
670,670,2020-07-15 15:30,107
671,671,2020-07-15 15:45,108
672,672,2020-07-15 16:00,110
673,673,2020-07-15 16:15,111
674,674,2020-07-15 16:30,109
675,675,2020-07-15 16:45,107
676,676,2020-07-15 17:00,106
677,677,2020-07-15 17:15,108
678,678,2020-07-15 17:30,108
679,679,2020-07-15 17:45,110
680,680,2020-07-15 18:00,115
681,681,2020-07-15 18:15,114
682,682,2020-07-15 18:30,111
683,683,2020-07-15 18:45,116
684,684,2020-07-15 19:00,133
685,685,2020-07-15 19:15,154
686,686,2020-07-15 19:30,163
687,687,2020-07-15 19:45,163
688,688,2020-07-15 20:00,165
689,689,2020-07-15 20:15,181
690,690,2020-07-15 20:30,196
691,691,2020-07-15 20:45,208
692,692,2020-07-15 21:00,215
693,693,2020-07-15 21:15,206
694,694,2020-07-15 21:30,178
695,695,2020-07-15 21:45,167
696,696,2020-07-15 22:00,175
697,697,2020-07-15 22:15,189
698,698,2020-07-15 22:30,187
699,699,2020-07-15 22:45,183
700,700,2020-07-15 23:00,192
701,701,2020-07-15 23:15,158
702,702,2020-07-15 23:30,159
703,703,2020-07-15 23:45,163
704,704,2020-07-15 0:00,144
705,705,2020-07-16 0:15,135
706,706,2020-07-16 0:30,128
707,707,2020-07-16 0:45,121
708,708,2020-07-16 1:00,122
709,709,2020-07-16 1:15,122
710,710,2020-07-16 1:30,121
711,711,2020-07-16 1:45,125
712,712,2020-07-16 2:00,131
713,713,2020-07-16 2:15,129
714,714,2020-07-16 2:30,127
715,715,2020-07-16 2:45,130
716,716,2020-07-16 3:00,133
717,717,2020-07-16 3:15,134
718,718,2020-07-16 3:30,127
719,719,2020-07-16 3:45,122
720,720,2020-07-16 4:00,123
721,721,2020-07-16 4:15,122
722,722,2020-07-16 4:30,118
723,723,2020-07-16 4:45,116
724,724,2020-07-16 5:00,117
725,725,2020-07-16 5:15,120
726,726,2020-07-16 5:30,115
727,727,2020-07-16 5:45,114
728,728,2020-07-16 6:00,120
729,729,2020-07-16 6:15,122
730,730,2020-07-16 6:30,120
731,731,2020-07-16 6:45,119
732,732,2020-07-16 7:00,122
733,733,2020-07-16 7:15,123
734,734,2020-07-16 7:30,124
735,735,2020-07-16 7:45,124
736,736,2020-07-16 8:00,128
737,737,2020-07-16 8:15,152
738,738,2020-07-16 8:30,174
739,739,2020-07-16 8:45,194
740,740,2020-07-16 9:00,224
741,741,2020-07-16 9:15,229
742,742,2020-07-16 9:30,236
743,743,2020-07-16 9:45,243
744,744,2020-07-16 10:00,239
745,745,2020-07-16 10:15,235
746,746,2020-07-16 10:30,229
747,747,2020-07-16 10:45,209
748,748,2020-07-16 11:00,172
749,749,2020-07-16 11:15,146
750,750,2020-07-16 11:30,142
751,751,2020-07-16 11:45,149
752,752,2020-07-16 12:00,145
753,753,2020-07-16 12:15,121
754,754,2020-07-16 12:30,95
755,755,2020-07-16 12:45,78
756,756,2020-07-16 13:00,68
757,757,2020-07-16 13:15,59
758,758,2020-07-16 13:30,57
759,759,2020-07-16 13:45,62
760,760,2020-07-16 14:00,68
761,761,2020-07-16 14:15,85
762,762,2020-07-16 14:30,112
763,763,2020-07-16 14:45,118
764,764,2020-07-16 15:00,116
765,765,2020-07-16 15:15,108
766,766,2020-07-16 15:30,94
767,767,2020-07-16 15:45,79
768,768,2020-07-16 16:00,89
769,769,2020-07-16 16:15,99
770,770,2020-07-16 16:30,101
771,771,2020-07-16 16:45,100
772,772,2020-07-16 17:00,97
773,773,2020-07-16 17:15,94
774,774,2020-07-16 17:30,93
775,775,2020-07-16 17:45,92
776,776,2020-07-16 18:00,89
777,777,2020-07-16 18:15,89
778,778,2020-07-16 18:30,92
779,779,2020-07-16 18:45,94
780,780,2020-07-16 19:00,93
781,781,2020-07-16 19:15,93
782,782,2020-07-16 19:30,97
783,783,2020-07-16 19:45,104
784,784,2020-07-16 20:00,133
785,785,2020-07-16 20:15,173
786,786,2020-07-16 20:30,211
787,787,2020-07-16 20:45,217
788,788,2020-07-16 21:00,195
789,789,2020-07-16 21:15,172
790,790,2020-07-16 21:30,197
791,791,2020-07-16 21:45,183
792,792,2020-07-16 22:00,148
793,793,2020-07-16 22:15,134
794,794,2020-07-16 22:30,129
795,795,2020-07-16 22:45,127
796,796,2020-07-16 23:00,128
797,797,2020-07-16 23:15,131
798,798,2020-07-16 23:30,126
799,799,2020-07-16 23:45,114
800,800,2020-07-17 0:00,97
801,801,2020-07-17 0:15,86
802,802,2020-07-17 0:30,99
803,803,2020-07-17 0:45,109
804,804,2020-07-17 1:00,97
805,805,2020-07-17 1:15,88
806,806,2020-07-17 1:30,101
807,807,2020-07-17 1:45,102
808,808,2020-07-17 2:00,91
809,809,2020-07-17 2:15,87
810,810,2020-07-17 2:30,87
811,811,2020-07-17 2:45,85
812,812,2020-07-17 3:00,83
813,813,2020-07-17 3:15,83
814,814,2020-07-17 3:30,81
815,815,2020-07-17 3:45,83
816,816,2020-07-17 4:00,87
817,817,2020-07-17 4:15,78
818,818,2020-07-17 4:30,69
819,819,2020-07-17 4:45,81
820,820,2020-07-17 5:00,94
821,821,2020-07-17 5:15,100
822,822,2020-07-17 5:30,104
823,823,2020-07-17 5:45,108
824,824,2020-07-17 6:00,111
825,825,2020-07-17 6:15,111
826,826,2020-07-17 6:30,107
827,827,2020-07-17 6:45,103
828,828,2020-07-17 7:00,105
829,829,2020-07-17 7:15,111
830,830,2020-07-17 7:30,116
831,831,2020-07-17 7:45,133
832,832,2020-07-17 8:00,166
833,833,2020-07-17 8:15,199
834,834,2020-07-17 8:30,218
835,835,2020-07-17 8:45,242
836,836,2020-07-17 9:00,252
837,837,2020-07-17 9:15,257
838,838,2020-07-17 9:30,254
839,839,2020-07-17 9:45,242
840,840,2020-07-17 10:00,230
841,841,2020-07-17 10:15,207
842,842,2020-07-17 10:30,163
843,843,2020-07-17 10:45,131
844,844,2020-07-17 11:00,115
845,845,2020-07-17 11:15,103
846,846,2020-07-17 11:30,97
847,847,2020-07-17 11:45,94
848,848,2020-07-17 12:00,86
849,849,2020-07-17 12:15,86
850,850,2020-07-17 12:30,100
851,851,2020-07-17 12:45,100
852,852,2020-07-17 13:00,102
853,853,2020-07-17 13:15,103
854,854,2020-07-17 13:30,101
855,855,2020-07-17 13:45,97
856,856,2020-07-17 14:00,93
857,857,2020-07-17 14:15,93
858,858,2020-07-17 14:30,95
859,859,2020-07-17 14:45,98
860,860,2020-07-17 15:00,100
861,861,2020-07-17 15:15,99
862,862,2020-07-17 15:30,100
863,863,2020-07-17 15:45,102
864,864,2020-07-17 16:00,100
865,865,2020-07-17 16:15,99
866,866,2020-07-17 16:30,96
867,867,2020-07-17 16:45,88
868,868,2020-07-17 17:00,96
869,869,2020-07-17 17:30,103
870,870,2020-07-17 17:45,102
871,871,2020-07-17 18:00,100
872,872,2020-07-17 18:15,100
873,873,2020-07-17 18:30,101
874,874,2020-07-17 18:45,98
875,875,2020-07-17 19:00,94
876,876,2020-07-17 19:15,89
877,877,2020-07-17 19:30,87
878,878,2020-07-17 19:45,87
879,879,2020-07-17 20:00,87
880,880,2020-07-17 20:15,89
881,881,2020-07-17 20:30,104
882,882,2020-07-17 20:45,137
883,883,2020-07-17 21:00,161
884,884,2020-07-17 21:15,165
885,885,2020-07-17 21:30,166
886,886,2020-07-17 21:45,175
887,887,2020-07-17 22:00,185
888,888,2020-07-17 22:15,184
889,889,2020-07-17 22:30,189
890,890,2020-07-17 22:45,190
891,891,2020-07-17 23:00,165
892,892,2020-07-17 23:15,146
893,893,2020-07-17 23:30,125
894,894,2020-07-17 23:45,132
895,895,2020-07-17 0:00,128
896,896,2020-07-18 0:30,121
897,897,2020-07-18 0:45,120
898,898,2020-07-18 1:00,124
899,899,2020-07-18 1:15,117
900,900,2020-07-18 1:30,109
901,901,2020-07-18 1:45,114
902,902,2020-07-18 2:00,118
903,903,2020-07-18 2:15,121
904,904,2020-07-18 2:30,122
905,905,2020-07-18 2:45,121
906,906,2020-07-18 3:00,121
907,907,2020-07-18 3:15,121
908,908,2020-07-18 3:30,118
909,909,2020-07-18 3:45,115
910,910,2020-07-18 4:00,115
911,911,2020-07-18 4:15,114
912,912,2020-07-18 4:30,117
913,913,2020-07-18 4:45,119
914,914,2020-07-18 5:00,119
915,915,2020-07-18 5:15,120
916,916,2020-07-18 5:30,119
917,917,2020-07-18 5:45,117
918,918,2020-07-18 6:00,111
919,919,2020-07-18 6:15,108
920,920,2020-07-18 6:30,107
921,921,2020-07-18 6:45,106
922,922,2020-07-18 7:00,107
923,923,2020-07-18 7:15,109
924,924,2020-07-18 7:30,110
925,925,2020-07-18 7:45,112
926,926,2020-07-18 8:00,115
927,927,2020-07-18 8:15,116
928,928,2020-07-18 8:30,119
929,929,2020-07-18 8:45,123
930,930,2020-07-18 9:00,124
931,931,2020-07-18 9:15,134
932,932,2020-07-18 9:30,156
933,933,2020-07-18 9:45,177
934,934,2020-07-18 10:00,190
935,935,2020-07-18 10:15,200
936,936,2020-07-18 10:30,217
937,937,2020-07-18 10:45,227
938,938,2020-07-18 11:00,190
939,939,2020-07-18 11:15,156
940,940,2020-07-18 11:30,142
941,941,2020-07-18 11:45,138
942,942,2020-07-18 12:00,131
943,943,2020-07-18 12:15,115
944,944,2020-07-18 12:30,103
945,945,2020-07-18 12:45,95
946,946,2020-07-18 13:00,94
947,947,2020-07-18 13:15,108
948,948,2020-07-18 13:30,119
949,949,2020-07-18 13:45,132
950,950,2020-07-18 14:00,162
951,951,2020-07-18 14:15,174
952,952,2020-07-18 14:30,170
953,953,2020-07-18 14:45,160
954,954,2020-07-18 15:00,152
955,955,2020-07-18 15:15,151
956,956,2020-07-18 15:30,161
957,957,2020-07-18 15:45,166
958,958,2020-07-18 16:00,160
959,959,2020-07-18 16:15,153
960,960,2020-07-18 16:30,148
961,961,2020-07-18 16:45,153
962,962,2020-07-18 17:00,159
963,963,2020-07-18 17:15,150
964,964,2020-07-18 17:30,132
965,965,2020-07-18 17:45,114
966,966,2020-07-18 18:00,99
967,967,2020-07-18 18:15,102
968,968,2020-07-18 18:30,108
969,969,2020-07-18 18:45,105
970,970,2020-07-18 19:00,103
971,971,2020-07-18 19:15,100
972,972,2020-07-18 19:30,95
973,973,2020-07-18 19:45,92
974,974,2020-07-18 20:00,97
975,975,2020-07-18 20:15,109
976,976,2020-07-18 20:30,122
977,977,2020-07-18 20:45,138
978,978,2020-07-18 21:00,145
979,979,2020-07-18 21:15,144
980,980,2020-07-18 21:30,152
981,981,2020-07-18 21:45,130
982,982,2020-07-18 22:00,136
983,983,2020-07-18 22:15,143
984,984,2020-07-18 22:30,143
985,985,2020-07-18 22:45,144
986,986,2020-07-18 23:00,147
987,987,2020-07-18 23:15,135
988,988,2020-07-18 23:30,122
989,989,2020-07-18 23:45,113
990,990,2020-07-19 0:00,108
991,991,2020-07-19 0:15,105
992,992,2020-07-19 0:30,99
993,993,2020-07-19 0:45,98
994,994,2020-07-19 1:00,97
995,995,2020-07-19 1:15,98
996,996,2020-07-19 1:30,99
997,997,2020-07-19 1:45,99
998,998,2020-07-19 2:00,100
999,999,2020-07-19 2:15,97
1000,1000,2020-07-19 2:30,99
1001,1001,2020-07-19 2:45,107
1002,1002,2020-07-19 3:00,110
1003,1003,2020-07-19 3:15,106
1004,1004,2020-07-19 3:30,99
1005,1005,2020-07-19 3:45,91
1006,1006,2020-07-19 4:00,91
1007,1007,2020-07-19 4:15,101
1008,1008,2020-07-19 4:30,104
1009,1009,2020-07-19 4:45,103
1010,1010,2020-07-19 5:00,99
1011,1011,2020-07-19 5:15,100
1012,1012,2020-07-19 5:30,98
1013,1013,2020-07-19 5:45,100
1014,1014,2020-07-19 6:00,105
1015,1015,2020-07-19 6:15,105
1016,1016,2020-07-19 6:30,104
1017,1017,2020-07-19 6:45,105
1018,1018,2020-07-19 7:00,105
1019,1019,2020-07-19 7:15,103
1020,1020,2020-07-19 7:30,100
1021,1021,2020-07-19 7:45,102
1022,1022,2020-07-19 8:00,105
1023,1023,2020-07-19 8:15,105
1024,1024,2020-07-19 8:30,107
1025,1025,2020-07-19 8:45,110
1026,1026,2020-07-19 9:00,117
1027,1027,2020-07-19 9:15,142
1028,1028,2020-07-19 9:30,161
1029,1029,2020-07-19 9:45,170
1030,1030,2020-07-19 10:00,173
1031,1031,2020-07-19 10:15,171
1032,1032,2020-07-19 10:30,178
1033,1033,2020-07-19 10:45,182
1034,1034,2020-07-19 11:00,204
1035,1035,2020-07-19 11:15,230
1036,1036,2020-07-19 11:30,238
1037,1037,2020-07-19 11:45,228
1038,1038,2020-07-19 12:00,218
1039,1039,2020-07-19 12:15,204
1040,1040,2020-07-19 12:30,202
1041,1041,2020-07-19 12:45,190
1042,1042,2020-07-19 13:00,169
1043,1043,2020-07-19 13:15,154
1044,1044,2020-07-19 13:30,142
1045,1045,2020-07-19 13:45,119
1046,1046,2020-07-19 14:00,105
1047,1047,2020-07-19 14:15,107
1048,1048,2020-07-19 14:30,110
1049,1049,2020-07-19 14:45,111
1050,1050,2020-07-19 15:00,107
1051,1051,2020-07-19 15:15,104
1052,1052,2020-07-19 15:30,105
1053,1053,2020-07-19 15:45,104
1054,1054,2020-07-19 16:00,111
1055,1055,2020-07-19 16:15,136
1056,1056,2020-07-19 16:30,151
1057,1057,2020-07-19 16:45,159
1058,1058,2020-07-19 17:00,157
1059,1059,2020-07-19 17:15,141
1060,1060,2020-07-19 17:30,118
1061,1061,2020-07-19 17:45,110
1062,1062,2020-07-19 18:00,100
1063,1063,2020-07-19 18:30,92
1064,1064,2020-07-19 18:45,102
1065,1065,2020-07-19 19:00,136
1066,1066,2020-07-19 19:15,141
1067,1067,2020-07-19 19:30,141
1068,1068,2020-07-19 19:45,136
1069,1069,2020-07-19 20:00,122
1070,1070,2020-07-19 20:15,107
1071,1071,2020-07-19 20:30,96
1072,1072,2020-07-19 20:45,103
1073,1073,2020-07-19 21:00,105
1074,1074,2020-07-19 21:15,100
1075,1075,2020-07-19 21:30,99
1076,1076,2020-07-19 21:45,100
1077,1077,2020-07-19 22:00,106
1078,1078,2020-07-19 22:15,125
1079,1079,2020-07-19 22:30,131
1080,1080,2020-07-19 22:45,124
1081,1081,2020-07-19 23:00,116
1082,1082,2020-07-19 23:15,113
1083,1083,2020-07-19 23:30,110
1084,1084,2020-07-19 23:45,107
1085,1085,2020-07-19 0:00,103
1086,1086,2020-07-20 0:15,99
1087,1087,2020-07-20 0:30,99
1088,1088,2020-07-20 0:45,101
1089,1089,2020-07-20 1:00,104
1090,1090,2020-07-20 1:15,104
1091,1091,2020-07-20 1:30,101
1092,1092,2020-07-20 1:45,99
1093,1093,2020-07-20 2:00,93
1094,1094,2020-07-20 2:15,88
1095,1095,2020-07-20 2:30,89
1096,1096,2020-07-20 2:45,89
1097,1097,2020-07-20 3:00,87
1098,1098,2020-07-20 3:15,93
1099,1099,2020-07-20 3:30,95
1100,1100,2020-07-20 3:45,98
1101,1101,2020-07-20 4:00,100
1102,1102,2020-07-20 4:15,102
1103,1103,2020-07-20 4:30,103
1104,1104,2020-07-20 4:45,103
1105,1105,2020-07-20 5:00,103
1106,1106,2020-07-20 5:15,103
1107,1107,2020-07-20 5:30,104
1108,1108,2020-07-20 5:45,104
1109,1109,2020-07-20 6:00,103
1110,1110,2020-07-20 6:15,105
1111,1111,2020-07-20 6:30,109
1112,1112,2020-07-20 6:45,113
1113,1113,2020-07-20 7:00,114
1114,1114,2020-07-20 7:15,114
1115,1115,2020-07-20 7:30,116
1116,1116,2020-07-20 7:45,134
1117,1117,2020-07-20 8:00,167
1118,1118,2020-07-20 8:15,192
1119,1119,2020-07-20 8:30,204
1120,1120,2020-07-20 8:45,223
1121,1121,2020-07-20 9:00,237
1122,1122,2020-07-20 9:15,238
1123,1123,2020-07-20 9:30,233
1124,1124,2020-07-20 9:45,218
1125,1125,2020-07-20 10:00,192
1126,1126,2020-07-20 10:15,165
1127,1127,2020-07-20 10:30,148
1128,1128,2020-07-20 10:45,135
1129,1129,2020-07-20 11:00,130
1130,1130,2020-07-20 11:15,125
1131,1131,2020-07-20 11:30,116
1132,1132,2020-07-20 11:45,100
1133,1133,2020-07-20 12:00,91
1134,1134,2020-07-20 12:15,92
1135,1135,2020-07-20 12:30,89
1136,1136,2020-07-20 12:45,85
1137,1137,2020-07-20 13:00,91
1138,1138,2020-07-20 13:15,102
1139,1139,2020-07-20 13:30,106
1140,1140,2020-07-20 13:45,95
1141,1141,2020-07-20 14:00,90
1142,1142,2020-07-20 14:15,89
1143,1143,2020-07-20 14:30,94
1144,1144,2020-07-20 14:45,101
1145,1145,2020-07-20 15:00,108
1146,1146,2020-07-20 15:15,117
1147,1147,2020-07-20 15:30,116
1148,1148,2020-07-20 15:45,111
1149,1149,2020-07-20 16:00,109
1150,1150,2020-07-20 16:15,106
1151,1151,2020-07-20 16:30,100
1152,1152,2020-07-20 16:45,94
1153,1153,2020-07-20 17:00,89
1154,1154,2020-07-20 17:15,86
1155,1155,2020-07-20 17:30,87
1156,1156,2020-07-20 17:45,90
1157,1157,2020-07-20 18:00,94
1158,1158,2020-07-20 18:15,95
1159,1159,2020-07-20 18:30,99
1160,1160,2020-07-20 18:45,127
1161,1161,2020-07-20 19:00,170
1162,1162,2020-07-20 19:15,205
1163,1163,2020-07-20 19:30,198
1164,1164,2020-07-20 19:45,185
1165,1165,2020-07-20 20:00,172
1166,1166,2020-07-20 20:15,164
1167,1167,2020-07-20 20:30,165
1168,1168,2020-07-20 20:45,158
1169,1169,2020-07-20 21:00,150
1170,1170,2020-07-20 21:15,117
1171,1171,2020-07-20 21:30,99
1172,1172,2020-07-20 21:45,98
1173,1173,2020-07-20 22:00,98
1174,1174,2020-07-20 22:15,97
1175,1175,2020-07-20 22:30,97
1176,1176,2020-07-20 22:45,96
1177,1177,2020-07-20 23:00,96
1178,1178,2020-07-20 23:15,95
1179,1179,2020-07-20 23:30,95
1180,1180,2020-07-20 23:45,94
1181,1181,2020-07-21 0:00,94
1182,1182,2020-07-21 0:15,89
1183,1183,2020-07-21 0:30,87
1184,1184,2020-07-21 0:45,87
1185,1185,2020-07-21 1:00,87
1186,1186,2020-07-21 1:15,88
1187,1187,2020-07-21 1:30,91
1188,1188,2020-07-21 1:45,94
1189,1189,2020-07-21 2:00,93
1190,1190,2020-07-21 2:15,92
1191,1191,2020-07-21 2:30,98
1192,1192,2020-07-21 2:45,97
1193,1193,2020-07-21 3:00,92
1194,1194,2020-07-21 3:15,91
1195,1195,2020-07-21 3:30,89
1196,1196,2020-07-21 3:45,91
1197,1197,2020-07-21 4:00,96
1198,1198,2020-07-21 4:15,103
1199,1199,2020-07-21 4:30,103
1200,1200,2020-07-21 4:45,98
1201,1201,2020-07-21 5:00,98
1202,1202,2020-07-21 5:15,96
1203,1203,2020-07-21 5:30,88
1204,1204,2020-07-21 5:45,84
1205,1205,2020-07-21 6:00,91
1206,1206,2020-07-21 6:15,94
1207,1207,2020-07-21 6:30,90
1208,1208,2020-07-21 6:45,93
1209,1209,2020-07-21 7:00,101
1210,1210,2020-07-21 7:15,104
1211,1211,2020-07-21 7:30,109
1212,1212,2020-07-21 7:45,124
1213,1213,2020-07-21 8:00,157
1214,1214,2020-07-21 8:15,193
1215,1215,2020-07-21 8:30,213
1216,1216,2020-07-21 8:45,230
1217,1217,2020-07-21 9:00,214
1218,1218,2020-07-21 9:15,185
1219,1219,2020-07-21 9:30,181
1220,1220,2020-07-21 9:45,179
1221,1221,2020-07-21 10:00,167
1222,1222,2020-07-21 10:15,158
1223,1223,2020-07-21 10:30,152
1224,1224,2020-07-21 10:45,132
1225,1225,2020-07-21 11:00,107
1226,1226,2020-07-21 11:15,102
1227,1227,2020-07-21 11:30,92
1228,1228,2020-07-21 11:45,81
1229,1229,2020-07-21 12:00,77
1230,1230,2020-07-21 12:15,86
1231,1231,2020-07-21 12:30,86
1232,1232,2020-07-21 12:45,86
1233,1233,2020-07-21 13:00,96
1234,1234,2020-07-21 13:15,96
1235,1235,2020-07-21 13:30,94
1236,1236,2020-07-21 13:45,101
1237,1237,2020-07-21 14:00,103
1238,1238,2020-07-21 14:15,103
1239,1239,2020-07-21 14:30,101
1240,1240,2020-07-21 14:45,98
1241,1241,2020-07-21 15:00,105
1242,1242,2020-07-21 15:15,135
1243,1243,2020-07-21 15:30,151
1244,1244,2020-07-21 15:45,128
1245,1245,2020-07-21 16:00,105
1246,1246,2020-07-21 16:15,102
1247,1247,2020-07-21 16:30,106
1248,1248,2020-07-21 16:45,110
1249,1249,2020-07-21 17:00,117
1250,1250,2020-07-21 17:30,118
1251,1251,2020-07-21 17:45,113
1252,1252,2020-07-21 18:00,109
1253,1253,2020-07-21 18:15,105
1254,1254,2020-07-21 18:30,101
1255,1255,2020-07-21 18:45,97
1256,1256,2020-07-21 19:00,98
1257,1257,2020-07-21 19:15,99
1258,1258,2020-07-21 19:30,98
1259,1259,2020-07-21 19:45,93
1260,1260,2020-07-21 20:00,97
1261,1261,2020-07-21 20:15,112
1262,1262,2020-07-21 20:30,113
1263,1263,2020-07-21 20:45,118
1264,1264,2020-07-21 21:00,136
1265,1265,2020-07-21 21:15,150
1266,1266,2020-07-21 21:30,144
1267,1267,2020-07-21 21:45,147
1268,1268,2020-07-21 22:00,165
1269,1269,2020-07-21 22:15,179
1270,1270,2020-07-21 22:30,185
1271,1271,2020-07-21 22:45,185
1272,1272,2020-07-21 23:00,171
1273,1273,2020-07-21 23:15,157
1274,1274,2020-07-21 23:30,153
1275,1275,2020-07-21 23:45,134
1276,1276,2020-07-21 0:00,126
1277,1277,2020-07-22 0:15,125
1278,1278,2020-07-22 0:30,123
1279,1279,2020-07-22 0:45,119
1280,1280,2020-07-22 1:00,116
1281,1281,2020-07-22 1:15,113
1282,1282,2020-07-22 1:30,112
1283,1283,2020-07-22 1:45,109
1284,1284,2020-07-22 2:00,107
1285,1285,2020-07-22 2:15,108
1286,1286,2020-07-22 2:30,107
1287,1287,2020-07-22 2:45,105
1288,1288,2020-07-22 3:00,98
1289,1289,2020-07-22 3:15,94
1290,1290,2020-07-22 3:30,98
1291,1291,2020-07-22 3:45,99
1292,1292,2020-07-22 4:00,98
1293,1293,2020-07-22 4:15,98
1294,1294,2020-07-22 4:30,97
1295,1295,2020-07-22 4:45,96
1296,1296,2020-07-22 5:00,93
1297,1297,2020-07-22 5:15,91
1298,1298,2020-07-22 5:30,95
1299,1299,2020-07-22 5:45,98
1300,1300,2020-07-22 6:00,98
1301,1301,2020-07-22 6:15,100
1302,1302,2020-07-22 6:30,104
1303,1303,2020-07-22 6:45,110
1304,1304,2020-07-22 7:00,116
1305,1305,2020-07-22 7:15,125
1306,1306,2020-07-22 7:30,156
1307,1307,2020-07-22 7:45,176
1308,1308,2020-07-22 8:00,162
1309,1309,2020-07-22 8:15,149
1310,1310,2020-07-22 8:30,148
1311,1311,2020-07-22 8:45,148
1312,1312,2020-07-22 9:00,144
1313,1313,2020-07-22 9:15,137
1314,1314,2020-07-22 9:30,139
1315,1315,2020-07-22 9:45,137
1316,1316,2020-07-22 10:00,125
1317,1317,2020-07-22 10:15,112
1318,1318,2020-07-22 10:30,103
1319,1319,2020-07-22 10:45,95
1320,1320,2020-07-22 11:00,90
1321,1321,2020-07-22 11:15,85
1322,1322,2020-07-22 11:30,88
1323,1323,2020-07-22 11:45,91
1324,1324,2020-07-22 12:00,90
1325,1325,2020-07-22 12:15,100
1326,1326,2020-07-22 12:30,117
1327,1327,2020-07-22 12:45,118
1328,1328,2020-07-22 13:00,117
1329,1329,2020-07-22 13:15,116
1330,1330,2020-07-22 13:30,115
1331,1331,2020-07-23 13:45,114
1332,1332,2020-07-23 14:00,108
1333,1333,2020-07-23 14:15,102
1334,1334,2020-07-23 14:30,97
1335,1335,2020-07-23 14:45,97
1336,1336,2020-07-23 15:00,95
1337,1337,2020-07-23 15:15,91
1338,1338,2020-07-23 15:30,89
1339,1339,2020-07-23 15:45,85
1340,1340,2020-07-23 16:00,81
1341,1341,2020-07-23 16:15,83
1342,1342,2020-07-23 16:30,93
1343,1343,2020-07-23 16:45,93
1344,1344,2020-07-23 17:00,87
1345,1345,2020-07-23 17:15,86
1346,1346,2020-07-23 17:30,84
1347,1347,2020-07-23 17:45,83
1348,1348,2020-07-23 18:00,83
1349,1349,2020-07-23 18:15,83
1350,1350,2020-07-23 18:30,82
1351,1351,2020-07-23 18:45,82
1352,1352,2020-07-23 19:00,84
1353,1353,2020-07-23 19:15,83
1354,1354,2020-07-23 19:30,96
1355,1355,2020-07-23 19:45,114
1356,1356,2020-07-23 20:00,129
1357,1357,2020-07-23 20:15,147
1358,1358,2020-07-23 20:30,151
1359,1359,2020-07-23 20:45,156
1360,1360,2020-07-23 21:00,168
1361,1361,2020-07-23 21:15,157
1362,1362,2020-07-23 21:30,159
1363,1363,2020-07-23 21:45,155
1364,1364,2020-07-23 22:00,134
1365,1365,2020-07-23 22:15,133
1366,1366,2020-07-23 22:30,130
1367,1367,2020-07-23 22:45,121
1368,1368,2020-07-23 23:00,115
1369,1369,2020-07-23 23:15,108
1370,1370,2020-07-23 23:30,109
1371,1371,2020-07-23 23:45,111
1372,1372,2020-07-24 0:00,111
1373,1373,2020-07-24 0:15,112
1374,1374,2020-07-24 0:30,104
1375,1375,2020-07-24 0:45,98
1376,1376,2020-07-24 1:00,104
1377,1377,2020-07-24 1:15,111
1378,1378,2020-07-24 1:30,104
1379,1379,2020-07-24 1:45,86
1380,1380,2020-07-24 2:00,85
1381,1381,2020-07-24 2:15,107
1382,1382,2020-07-24 2:30,114
1383,1383,2020-07-24 2:45,109
1384,1384,2020-07-24 3:00,104
1385,1385,2020-07-24 3:15,104
1386,1386,2020-07-24 3:30,104
1387,1387,2020-07-24 3:45,102
1388,1388,2020-07-24 4:00,98
1389,1389,2020-07-24 4:15,97
1390,1390,2020-07-24 4:30,100
1391,1391,2020-07-24 4:45,107
1392,1392,2020-07-24 5:00,107
1393,1393,2020-07-24 5:15,107
1394,1394,2020-07-24 5:30,112
1395,1395,2020-07-24 5:45,117
1396,1396,2020-07-24 6:00,111
1397,1397,2020-07-24 6:15,102
1398,1398,2020-07-24 6:30,101
1399,1399,2020-07-24 6:45,103
1400,1400,2020-07-24 7:00,104
1401,1401,2020-07-24 7:15,107
1402,1402,2020-07-24 7:30,110
1403,1403,2020-07-24 7:45,115
1404,1404,2020-07-24 8:00,122
1405,1405,2020-07-24 8:15,122
1406,1406,2020-07-24 8:30,120
1407,1407,2020-07-24 8:45,121
1408,1408,2020-07-24 9:00,125
1409,1409,2020-07-24 9:15,125
1410,1410,2020-07-24 9:30,121
1411,1411,2020-07-24 9:45,118
1412,1412,2020-07-24 10:00,118
1413,1413,2020-07-24 10:15,120
1414,1414,2020-07-24 10:30,116
1415,1415,2020-07-24 10:45,109
1416,1416,2020-07-24 11:00,109
1417,1417,2020-07-24 11:15,116
1418,1418,2020-07-24 11:30,113
1419,1419,2020-07-24 11:45,112
1420,1420,2020-07-24 12:00,151
1421,1421,2020-07-24 12:15,190
1422,1422,2020-07-24 12:30,200
1423,1423,2020-07-24 12:45,193
1424,1424,2020-07-24 13:00,179
1425,1425,2020-07-24 13:15,163
1426,1426,2020-07-24 13:30,145
1427,1427,2020-07-24 13:45,129
1428,1428,2020-07-24 14:00,115
1429,1429,2020-07-24 14:15,108
1430,1430,2020-07-24 14:30,111
1431,1431,2020-07-24 14:45,115
1432,1432,2020-07-24 15:00,126
1433,1433,2020-07-24 15:15,137
1434,1434,2020-07-24 15:30,140
1435,1435,2020-07-24 15:45,132
1436,1436,2020-07-24 16:00,119
1437,1437,2020-07-24 16:15,114
1438,1438,2020-07-24 16:30,119
1439,1439,2020-07-24 16:45,119
1440,1440,2020-07-24 17:00,116
1441,1441,2020-07-24 17:15,113
1442,1442,2020-07-24 17:30,94
1443,1443,2020-07-24 17:45,83
1444,1444,2020-07-24 18:00,91
1445,1445,2020-07-24 18:15,116
1446,1446,2020-07-24 18:30,141
1447,1447,2020-07-24 18:45,136
1448,1448,2020-07-24 19:00,120
1449,1449,2020-07-24 19:15,130
1450,1450,2020-07-24 19:30,145
1451,1451,2020-07-24 19:45,144
1452,1452,2020-07-24 20:00,137
1453,1453,2020-07-24 20:15,129
1454,1454,2020-07-24 20:30,117
1455,1455,2020-07-24 20:45,109
1456,1456,2020-07-24 21:00,107
1457,1457,2020-07-24 21:15,112
1458,1458,2020-07-24 21:30,118
1459,1459,2020-07-24 21:45,119
1460,1460,2020-07-24 22:00,117
1461,1461,2020-07-24 22:15,114
1462,1462,2020-07-24 22:30,112
1463,1463,2020-07-24 22:45,111
1464,1464,2020-07-24 23:00,111
1465,1465,2020-07-24 23:15,109
1466,1466,2020-07-24 23:30,107
1467,1467,2020-07-24 23:45,106
1468,1468,2020-07-25 0:00,105
1469,1469,2020-07-25 0:15,110
1470,1470,2020-07-25 0:30,110
1471,1471,2020-07-25 0:45,109
1472,1472,2020-07-25 1:00,111
1473,1473,2020-07-25 1:15,110
1474,1474,2020-07-25 1:30,111
1475,1475,2020-07-25 1:45,112
1476,1476,2020-07-25 2:00,111
1477,1477,2020-07-25 2:15,111
1478,1478,2020-07-25 2:30,110
1479,1479,2020-07-25 2:45,108
1480,1480,2020-07-25 3:00,108
1481,1481,2020-07-25 3:15,106
1482,1482,2020-07-25 3:30,106
1483,1483,2020-07-25 3:45,106
1484,1484,2020-07-25 4:00,104
1485,1485,2020-07-25 4:15,105
1486,1486,2020-07-25 4:30,107
1487,1487,2020-07-25 4:45,108
1488,1488,2020-07-25 5:00,110
1489,1489,2020-07-25 5:15,113
1490,1490,2020-07-25 5:30,116
1491,1491,2020-07-25 5:45,115
1492,1492,2020-07-25 6:00,118
1493,1493,2020-07-25 6:15,120
1494,1494,2020-07-25 6:30,121
1495,1495,2020-07-25 6:45,121
1496,1496,2020-07-25 7:00,119
1497,1497,2020-07-25 7:15,116
1498,1498,2020-07-25 7:30,116
1499,1499,2020-07-25 7:45,117
1500,1500,2020-07-25 8:00,115
1501,1501,2020-07-25 8:15,111
1502,1502,2020-07-25 8:30,109
1503,1503,2020-07-25 8:45,111
1504,1504,2020-07-25 9:00,114
1505,1505,2020-07-25 9:15,117
1506,1506,2020-07-25 9:30,117
1507,1507,2020-07-25 9:45,115
1508,1508,2020-07-25 10:00,113
1509,1509,2020-07-25 10:15,113
1510,1510,2020-07-25 10:30,112
1511,1511,2020-07-25 10:45,114
1512,1512,2020-07-25 11:00,116
1513,1513,2020-07-25 11:15,120
1514,1514,2020-07-25 11:30,146
1515,1515,2020-07-25 11:45,183
1516,1516,2020-07-25 12:00,200
1517,1517,2020-07-25 12:15,216
1518,1518,2020-07-25 12:30,225
1519,1519,2020-07-25 12:45,228
1520,1520,2020-07-25 13:00,225
1521,1521,2020-07-25 13:15,217
1522,1522,2020-07-25 13:30,207
1523,1523,2020-07-25 13:45,198
1524,1524,2020-07-25 14:00,194
1525,1525,2020-07-25 14:15,187
1526,1526,2020-07-25 14:30,165
1527,1527,2020-07-25 14:45,131
1528,1528,2020-07-25 15:00,96
1529,1529,2020-07-25 15:15,73
1530,1530,2020-07-25 15:30,64
1531,1531,2020-07-25 15:45,65
1532,1532,2020-07-25 16:00,65
1533,1533,2020-07-25 16:15,71
1534,1534,2020-07-25 16:30,74
1535,1535,2020-07-25 16:45,73
1536,1536,2020-07-25 17:00,78
1537,1537,2020-07-25 17:15,85
1538,1538,2020-07-25 17:30,82
1539,1539,2020-07-25 17:45,83
1540,1540,2020-07-25 18:00,88
1541,1541,2020-07-25 18:15,95
1542,1542,2020-07-25 18:30,99
1543,1543,2020-07-25 18:45,99
1544,1544,2020-07-25 19:00,98
1545,1545,2020-07-25 19:15,101
1546,1546,2020-07-25 19:30,113
1547,1547,2020-07-25 19:45,121
1548,1548,2020-07-25 20:00,116
1549,1549,2020-07-25 20:15,113
1550,1550,2020-07-25 20:30,110
1551,1551,2020-07-25 20:45,108
1552,1552,2020-07-25 21:00,112
1553,1553,2020-07-25 21:15,110
1554,1554,2020-07-25 21:30,108
1555,1555,2020-07-25 21:45,107
1556,1556,2020-07-25 22:00,103
1557,1557,2020-07-25 22:15,101
1558,1558,2020-07-25 22:30,101
1559,1559,2020-07-25 22:45,99
1560,1560,2020-07-25 23:00,97
1561,1561,2020-07-25 23:15,99
1562,1562,2020-07-25 23:30,98
1563,1563,2020-07-25 23:45,95
1564,1564,2020-07-26 0:00,96
1565,1565,2020-07-26 0:15,97
1566,1566,2020-07-26 0:30,93
1567,1567,2020-07-26 0:45,88
1568,1568,2020-07-26 1:00,90
1569,1569,2020-07-26 1:15,93
1570,1570,2020-07-26 1:30,95
1571,1571,2020-07-26 1:45,95
1572,1572,2020-07-26 2:00,92
1573,1573,2020-07-26 2:15,89
1574,1574,2020-07-26 2:30,85
1575,1575,2020-07-26 2:45,86
1576,1576,2020-07-26 3:00,90
1577,1577,2020-07-26 3:15,91
1578,1578,2020-07-26 3:30,92
1579,1579,2020-07-26 3:45,93
1580,1580,2020-07-26 4:00,91
1581,1581,2020-07-26 4:15,84
1582,1582,2020-07-26 4:30,81
1583,1583,2020-07-26 4:45,86
1584,1584,2020-07-26 5:00,93
1585,1585,2020-07-26 5:15,94
1586,1586,2020-07-26 5:30,94
1587,1587,2020-07-26 5:45,95
1588,1588,2020-07-26 6:00,92
1589,1589,2020-07-26 6:15,104
1590,1590,2020-07-26 6:30,131
1591,1591,2020-07-26 6:45,150
1592,1592,2020-07-26 7:00,165
1593,1593,2020-07-26 7:15,176
1594,1594,2020-07-26 7:30,194
1595,1595,2020-07-26 7:45,192
1596,1596,2020-07-26 8:00,188
1597,1597,2020-07-26 8:15,191
1598,1598,2020-07-26 8:30,193
1599,1599,2020-07-26 8:45,189
1600,1600,2020-07-26 9:00,177
1601,1601,2020-07-26 9:15,162
1602,1602,2020-07-26 9:30,130
1603,1603,2020-07-26 9:45,106
1604,1604,2020-07-26 10:00,112
1605,1605,2020-07-26 10:15,112
1606,1606,2020-07-26 10:30,115
1607,1607,2020-07-26 10:45,122
1608,1608,2020-07-26 11:00,121
1609,1609,2020-07-26 11:15,118
1610,1610,2020-07-26 11:30,114
1611,1611,2020-07-26 11:45,110
1612,1612,2020-07-26 12:00,111
1613,1613,2020-07-26 12:15,115
1614,1614,2020-07-26 12:30,121
1615,1615,2020-07-26 12:45,122
1616,1616,2020-07-26 13:00,122
1617,1617,2020-07-26 13:15,119
1618,1618,2020-07-26 13:30,110
1619,1619,2020-07-26 13:45,100
1620,1620,2020-07-26 14:00,96
1621,1621,2020-07-26 14:15,90
1622,1622,2020-07-26 14:30,91
1623,1623,2020-07-26 14:45,94
1624,1624,2020-07-26 15:00,92
1625,1625,2020-07-26 15:15,90
1626,1626,2020-07-26 15:30,88
1627,1627,2020-07-26 15:45,88
1628,1628,2020-07-26 16:00,92
1629,1629,2020-07-26 16:15,91
1630,1630,2020-07-26 16:30,91
1631,1631,2020-07-26 16:45,90
1632,1632,2020-07-26 17:00,90
1633,1633,2020-07-26 17:15,90
1634,1634,2020-07-26 17:30,90
1635,1635,2020-07-26 17:45,94
1636,1636,2020-07-26 18:00,90
1637,1637,2020-07-26 18:15,89
1638,1638,2020-07-26 18:30,89
1639,1639,2020-07-26 18:45,91
1640,1640,2020-07-26 19:00,91
1641,1641,2020-07-26 19:15,91
1642,1642,2020-07-26 19:30,94
1643,1643,2020-07-26 19:45,95
1644,1644,2020-07-26 20:00,88
1645,1645,2020-07-26 20:15,93
1646,1646,2020-07-26 20:30,95
1647,1647,2020-07-26 20:45,101
1648,1648,2020-07-26 21:00,108
1649,1649,2020-07-26 21:15,117
1650,1650,2020-07-26 21:30,124
1651,1651,2020-07-26 21:45,132
1652,1652,2020-07-26 22:00,137
1653,1653,2020-07-26 22:15,137
1654,1654,2020-07-26 22:30,134
1655,1655,2020-07-26 22:45,133
1656,1656,2020-07-26 23:00,135
1657,1657,2020-07-26 23:15,128
1658,1658,2020-07-26 23:30,123
1659,1659,2020-07-26 23:45,118
1660,1660,2020-07-27 0:00,114
1661,1661,2020-07-27 0:15,109
1662,1662,2020-07-27 0:30,105
1663,1663,2020-07-27 0:45,103
1664,1664,2020-07-27 1:00,103
1665,1665,2020-07-27 1:15,102
1666,1666,2020-07-27 1:30,101
1667,1667,2020-07-27 1:45,101
1668,1668,2020-07-27 2:00,100
1669,1669,2020-07-27 2:15,98
1670,1670,2020-07-27 2:30,93
1671,1671,2020-07-27 2:45,91
1672,1672,2020-07-27 3:00,93
1673,1673,2020-07-27 3:15,94
1674,1674,2020-07-27 3:30,94
1675,1675,2020-07-27 3:45,92
1676,1676,2020-07-27 4:00,93
1677,1677,2020-07-27 4:15,93
1678,1678,2020-07-27 4:30,95
1679,1679,2020-07-27 4:45,95
1680,1680,2020-07-27 5:00,94
1681,1681,2020-07-27 5:15,96
1682,1682,2020-07-27 5:30,95
1683,1683,2020-07-27 5:45,91
1684,1684,2020-07-27 6:00,89
1685,1685,2020-07-27 6:15,91
1686,1686,2020-07-27 6:30,91
1687,1687,2020-07-27 6:45,92
1688,1688,2020-07-27 7:00,95
1689,1689,2020-07-27 7:15,96
1690,1690,2020-07-27 7:30,98
1691,1691,2020-07-27 7:45,119
1692,1692,2020-07-27 8:00,150
1693,1693,2020-07-27 8:15,179
1694,1694,2020-07-27 8:30,188
1695,1695,2020-07-27 8:45,184
1696,1696,2020-07-27 9:00,188
1697,1697,2020-07-27 9:15,204
1698,1698,2020-07-27 9:30,212
1699,1699,2020-07-27 9:45,205
1700,1700,2020-07-27 10:00,186
1701,1701,2020-07-27 10:15,154
1702,1702,2020-07-27 10:30,133
1703,1703,2020-07-27 10:45,121
1704,1704,2020-07-27 11:00,112
1705,1705,2020-07-27 11:15,101
1706,1706,2020-07-27 11:30,102
1707,1707,2020-07-27 11:45,111
1708,1708,2020-07-27 12:00,110
1709,1709,2020-07-27 12:15,100
1710,1710,2020-07-27 12:30,99
1711,1711,2020-07-27 12:45,109
1712,1712,2020-07-27 13:00,117
1713,1713,2020-07-27 13:15,113
1714,1714,2020-07-27 13:30,101
1715,1715,2020-07-27 13:45,86
1716,1716,2020-07-27 14:00,92
1717,1717,2020-07-27 14:15,100
1718,1718,2020-07-27 14:30,105
1719,1719,2020-07-27 14:45,111
1720,1720,2020-07-27 15:00,111
1721,1721,2020-07-27 15:15,109
1722,1722,2020-07-27 15:30,107
1723,1723,2020-07-27 15:45,106
1724,1724,2020-07-27 16:00,104
1725,1725,2020-07-27 16:15,106
1726,1726,2020-07-27 16:30,105
1727,1727,2020-07-27 16:45,107
1728,1728,2020-07-27 17:00,102
1729,1729,2020-07-27 17:15,100
1730,1730,2020-07-27 17:30,100
1731,1731,2020-07-27 17:45,100
1732,1732,2020-07-27 18:00,101
1733,1733,2020-07-27 18:15,101
1734,1734,2020-07-27 18:30,105
1735,1735,2020-07-27 18:45,116
1736,1736,2020-07-27 19:00,124
1737,1737,2020-07-27 19:15,128
1738,1738,2020-07-27 19:30,127
1739,1739,2020-07-27 19:45,129
1740,1740,2020-07-27 20:00,141
1741,1741,2020-07-27 20:15,162
1742,1742,2020-07-27 20:30,169
1743,1743,2020-07-27 20:45,172
1744,1744,2020-07-27 21:00,162
1745,1745,2020-07-27 21:15,146
1746,1746,2020-07-27 21:30,122
1747,1747,2020-07-27 21:45,125
1748,1748,2020-07-27 22:00,124
1749,1749,2020-07-27 22:15,123
1750,1750,2020-07-27 22:30,134
1751,1751,2020-07-27 22:45,144
1752,1752,2020-07-27 23:00,144
1753,1753,2020-07-27 23:15,141
1754,1754,2020-07-27 23:30,135
1755,1755,2020-07-27 23:45,130
1756,1756,2020-07-28 0:00,125
1757,1757,2020-07-28 0:15,119
1758,1758,2020-07-28 0:30,113
1759,1759,2020-07-28 0:45,108
1760,1760,2020-07-28 1:00,107
1761,1761,2020-07-28 1:15,106
1762,1762,2020-07-28 1:30,100
1763,1763,2020-07-28 1:45,99
1764,1764,2020-07-28 2:00,109
1765,1765,2020-07-28 2:15,115
1766,1766,2020-07-28 2:30,107
1767,1767,2020-07-28 2:45,100
1768,1768,2020-07-28 3:00,103
1769,1769,2020-07-28 3:15,106
1770,1770,2020-07-28 3:30,105
1771,1771,2020-07-28 3:45,103
1772,1772,2020-07-28 4:00,94
1773,1773,2020-07-28 4:15,93
1774,1774,2020-07-28 4:30,105
1775,1775,2020-07-28 4:45,99
1776,1776,2020-07-28 5:00,87
1777,1777,2020-07-28 5:15,92
1778,1778,2020-07-28 5:30,103
1779,1779,2020-07-28 5:45,103
1780,1780,2020-07-28 6:00,102
1781,1781,2020-07-28 6:15,99
1782,1782,2020-07-28 6:30,101
1783,1783,2020-07-28 6:45,102
1784,1784,2020-07-28 7:00,103
1785,1785,2020-07-28 7:15,108
1786,1786,2020-07-28 7:30,106
1787,1787,2020-07-28 7:45,105
1788,1788,2020-07-28 8:00,104
1789,1789,2020-07-28 8:15,105
1790,1790,2020-07-28 8:30,107
1791,1791,2020-07-28 8:45,106
1792,1792,2020-07-28 9:00,107
1793,1793,2020-07-28 9:15,107
1794,1794,2020-07-28 9:30,106
1795,1795,2020-07-28 9:45,113
1796,1796,2020-07-28 10:00,123
1797,1797,2020-07-28 10:15,123
1798,1798,2020-07-28 10:30,122
1799,1799,2020-07-28 10:45,128
1800,1800,2020-07-28 11:00,144
1801,1801,2020-07-28 11:15,170
1802,1802,2020-07-28 11:30,177
1803,1803,2020-07-28 11:45,172
1804,1804,2020-07-28 12:00,170
1805,1805,2020-07-28 12:15,155
1806,1806,2020-07-28 12:30,134
1807,1807,2020-07-28 12:45,123
1808,1808,2020-07-28 13:00,123
1809,1809,2020-07-28 13:15,131
1810,1810,2020-07-28 13:30,135
1811,1811,2020-07-28 13:45,130
1812,1812,2020-07-28 14:00,131
1813,1813,2020-07-28 14:15,139
1814,1814,2020-07-28 14:30,139
1815,1815,2020-07-28 14:45,131
1816,1816,2020-07-28 15:00,125
1817,1817,2020-07-28 15:15,121
1818,1818,2020-07-28 15:30,126
1819,1819,2020-07-28 15:45,121
1820,1820,2020-07-28 16:00,110
1821,1821,2020-07-28 16:15,121
1822,1822,2020-07-28 16:30,130
1823,1823,2020-07-28 16:45,123
1824,1824,2020-07-28 17:00,117
1825,1825,2020-07-28 17:15,123
1826,1826,2020-07-28 17:30,131
1827,1827,2020-07-28 17:45,128
1828,1828,2020-07-28 18:00,106
1829,1829,2020-07-28 18:15,78
1830,1830,2020-07-28 18:30,75
1831,1831,2020-07-28 18:45,82
1832,1832,2020-07-28 19:00,90
1833,1833,2020-07-28 19:15,88
1834,1834,2020-07-28 19:30,92
1835,1835,2020-07-28 19:45,95
1836,1836,2020-07-28 20:00,97
1837,1837,2020-07-28 20:15,97
1838,1838,2020-07-28 20:30,99
1839,1839,2020-07-28 20:45,99
1840,1840,2020-07-28 21:00,95
1841,1841,2020-07-28 21:15,94
1842,1842,2020-07-28 21:30,92
1843,1843,2020-07-28 21:45,92
1844,1844,2020-07-28 22:00,92
1845,1845,2020-07-28 22:15,92
1846,1846,2020-07-28 22:30,92
1847,1847,2020-07-28 22:45,89
1848,1848,2020-07-28 23:00,89
1849,1849,2020-07-28 23:15,93
1850,1850,2020-07-28 23:30,94
1851,1851,2020-07-28 23:45,94
1852,1852,2020-07-29 0:00,95
1853,1853,2020-07-29 0:15,97
1854,1854,2020-07-29 0:30,95
1855,1855,2020-07-29 0:45,94
1856,1856,2020-07-29 1:00,95
1857,1857,2020-07-29 1:15,94
1858,1858,2020-07-29 1:30,94
1859,1859,2020-07-29 1:45,92
1860,1860,2020-07-29 2:00,87
1861,1861,2020-07-29 2:15,88
1862,1862,2020-07-29 2:30,91
1863,1863,2020-07-29 2:45,90
1864,1864,2020-07-29 3:00,88
1865,1865,2020-07-29 3:15,90
1866,1866,2020-07-29 3:30,89
1867,1867,2020-07-29 3:45,87
1868,1868,2020-07-29 4:00,83
1869,1869,2020-07-29 4:15,86
1870,1870,2020-07-29 4:30,91
1871,1871,2020-07-29 4:45,91
1872,1872,2020-07-29 5:00,89
1873,1873,2020-07-29 5:15,90
1874,1874,2020-07-29 5:30,94
1875,1875,2020-07-29 5:45,94
1876,1876,2020-07-29 6:00,92
1877,1877,2020-07-29 6:15,92
1878,1878,2020-07-29 6:30,96
1879,1879,2020-07-29 6:45,101
1880,1880,2020-07-29 7:00,117
1881,1881,2020-07-29 7:15,139
1882,1882,2020-07-29 7:30,167
1883,1883,2020-07-29 7:45,177
1884,1884,2020-07-29 8:00,179
1885,1885,2020-07-29 8:15,174
1886,1886,2020-07-29 8:30,166
1887,1887,2020-07-29 8:45,170
1888,1888,2020-07-29 9:00,170
1889,1889,2020-07-29 9:15,156
1890,1890,2020-07-29 9:30,140
1891,1891,2020-07-29 9:45,127
1892,1892,2020-07-29 10:00,115
1893,1893,2020-07-29 10:15,101
1894,1894,2020-07-29 10:30,98
1895,1895,2020-07-29 10:45,100
1896,1896,2020-07-29 11:00,97
1897,1897,2020-07-29 11:15,98
1898,1898,2020-07-29 11:30,104
1899,1899,2020-07-29 11:45,101
1900,1900,2020-07-29 12:00,89
1901,1901,2020-07-29 12:15,87
1902,1902,2020-07-29 12:30,88
1903,1903,2020-07-29 12:45,86
1904,1904,2020-07-29 13:00,83
1905,1905,2020-07-29 13:15,80
1906,1906,2020-07-29 13:30,94
1907,1907,2020-07-29 13:45,102
1908,1908,2020-07-29 14:00,102
1909,1909,2020-07-29 14:15,99
1910,1910,2020-07-29 14:30,96
1911,1911,2020-07-29 14:45,87
1912,1912,2020-07-29 15:00,84
1913,1913,2020-07-29 15:15,91
1914,1914,2020-07-29 15:30,96
1915,1915,2020-07-29 15:45,93
1916,1916,2020-07-29 16:00,90
1917,1917,2020-07-29 16:15,91
1918,1918,2020-07-29 16:30,92
1919,1919,2020-07-29 16:45,88
1920,1920,2020-07-29 17:00,86
1921,1921,2020-07-29 17:15,89
1922,1922,2020-07-29 17:30,87
1923,1923,2020-07-29 17:45,81
1924,1924,2020-07-29 18:00,79
1925,1925,2020-07-29 18:15,79
1926,1926,2020-07-29 18:30,83
1927,1927,2020-07-29 18:45,83
1928,1928,2020-07-29 19:00,82
1929,1929,2020-07-29 19:15,80
1930,1930,2020-07-29 19:30,83
1931,1931,2020-07-29 19:45,92
1932,1932,2020-07-29 20:00,115
1933,1933,2020-07-29 20:15,151
1934,1934,2020-07-29 20:30,142
1935,1935,2020-07-29 20:45,127
1936,1936,2020-07-29 21:00,121
1937,1937,2020-07-29 21:15,127
1938,1938,2020-07-29 21:30,131
1939,1939,2020-07-29 21:45,126
1940,1940,2020-07-29 22:00,112
1941,1941,2020-07-29 22:15,96
1942,1942,2020-07-29 22:30,94
1943,1943,2020-07-29 22:45,94
1944,1944,2020-07-29 23:00,93
1945,1945,2020-07-29 23:15,93
1946,1946,2020-07-29 23:30,93
1947,1947,2020-07-29 23:45,90
1948,1948,2020-07-30 0:00,89
1949,1949,2020-07-30 0:15,89
1950,1950,2020-07-30 0:30,87
1951,1951,2020-07-30 0:45,85
1952,1952,2020-07-30 1:00,83
1953,1953,2020-07-30 1:15,82
1954,1954,2020-07-30 1:30,82
1955,1955,2020-07-30 1:45,79
1956,1956,2020-07-30 2:00,76
1957,1957,2020-07-30 2:15,76
1958,1958,2020-07-30 2:30,78
1959,1959,2020-07-30 2:45,80
1960,1960,2020-07-30 3:00,79
1961,1961,2020-07-30 3:15,78
1962,1962,2020-07-30 3:30,78
1963,1963,2020-07-30 3:45,76
1964,1964,2020-07-30 4:00,76
1965,1965,2020-07-30 4:15,79
1966,1966,2020-07-30 4:30,79
1967,1967,2020-07-30 4:45,78
1968,1968,2020-07-30 5:00,78
1969,1969,2020-07-30 5:15,81
1970,1970,2020-07-30 5:30,81
1971,1971,2020-07-30 5:45,81
1972,1972,2020-07-30 6:00,81
1973,1973,2020-07-30 6:15,83
1974,1974,2020-07-30 6:30,86
1975,1975,2020-07-30 6:45,85
1976,1976,2020-07-30 7:00,87
1977,1977,2020-07-30 7:15,105
1978,1978,2020-07-30 7:30,139
1979,1979,2020-07-30 7:45,149
1980,1980,2020-07-30 8:00,151
1981,1981,2020-07-30 8:15,157
1982,1982,2020-07-30 8:30,161
1983,1983,2020-07-30 8:45,167
1984,1984,2020-07-30 9:00,168
1985,1985,2020-07-30 9:15,164
1986,1986,2020-07-30 9:30,154
1987,1987,2020-07-30 9:45,135
1988,1988,2020-07-30 10:00,122
1989,1989,2020-07-30 10:15,114
1990,1990,2020-07-30 10:30,105
1991,1991,2020-07-30 10:45,102
1992,1992,2020-07-30 11:00,97
1993,1993,2020-07-30 11:15,96
1994,1994,2020-07-30 11:30,99
1995,1995,2020-07-30 11:45,108
1996,1996,2020-07-30 12:00,121
1997,1997,2020-07-30 12:15,120
1998,1998,2020-07-30 12:30,118
1999,1999,2020-07-30 12:45,112
2000,2000,2020-07-30 13:00,107
2001,2001,2020-07-30 13:15,104
2002,2002,2020-07-30 13:30,101
2003,2003,2020-07-30 13:45,102
2004,2004,2020-07-30 14:00,103
2005,2005,2020-07-30 14:15,105
2006,2006,2020-07-30 14:30,102
2007,2007,2020-07-30 14:45,98
2008,2008,2020-07-30 15:00,94
2009,2009,2020-07-30 15:15,93
2010,2010,2020-07-30 15:30,96
2011,2011,2020-07-30 15:45,101
2012,2012,2020-07-30 16:00,102
2013,2013,2020-07-30 16:15,100
2014,2014,2020-07-30 16:30,100
2015,2015,2020-07-30 16:45,101
2016,2016,2020-07-30 17:00,99
2017,2017,2020-07-30 17:15,95
2018,2018,2020-07-30 17:30,95
2019,2019,2020-07-30 17:45,99
2020,2020,2020-07-30 18:00,99
2021,2021,2020-07-30 18:15,98
2022,2022,2020-07-30 18:30,102
2023,2023,2020-07-30 18:45,113
2024,2024,2020-07-30 19:00,133
2025,2025,2020-07-30 19:15,157
2026,2026,2020-07-30 19:30,173
2027,2027,2020-07-30 19:45,182
2028,2028,2020-07-30 20:00,189
2029,2029,2020-07-30 20:15,169
2030,2030,2020-07-30 20:30,138
2031,2031,2020-07-30 20:45,128
2032,2032,2020-07-30 21:00,123
2033,2033,2020-07-30 21:15,116
2034,2034,2020-07-30 21:30,106
2035,2035,2020-07-30 21:45,104
2036,2036,2020-07-30 22:00,106
2037,2037,2020-07-30 22:15,107
2038,2038,2020-07-30 22:30,105
2039,2039,2020-07-30 22:45,101
2040,2040,2020-07-30 23:00,101
2041,2041,2020-07-30 23:15,96
2042,2042,2020-07-30 23:30,95
2043,2043,2020-07-30 23:45,94
2044,2044,2020-07-31 0:00,90
2045,2045,2020-07-31 0:15,93
2046,2046,2020-07-31 0:30,93
2047,2047,2020-07-31 0:45,93
2048,2048,2020-07-31 1:00,93
2049,2049,2020-07-31 1:15,93
2050,2050,2020-07-31 1:30,93
2051,2051,2020-07-31 1:45,91
2052,2052,2020-07-31 2:00,92
2053,2053,2020-07-31 2:15,90
2054,2054,2020-07-31 2:30,89
2055,2055,2020-07-31 2:45,91
2056,2056,2020-07-31 3:00,92
2057,2057,2020-07-31 3:15,93
2058,2058,2020-07-31 3:30,95
2059,2059,2020-07-31 3:45,92
2060,2060,2020-07-31 4:00,92
2061,2061,2020-07-31 4:15,93
2062,2062,2020-07-31 4:30,92
2063,2063,2020-07-31 4:45,91
2064,2064,2020-07-31 5:00,94
2065,2065,2020-07-31 5:15,96
2066,2066,2020-07-31 5:30,95
2067,2067,2020-07-31 5:45,94
2068,2068,2020-07-31 6:00,93
2069,2069,2020-07-31 6:15,93
2070,2070,2020-07-31 6:30,96
2071,2071,2020-07-31 6:45,96
2072,2072,2020-07-31 7:00,98
2073,2073,2020-07-31 7:15,113
2074,2074,2020-07-31 7:30,151
2075,2075,2020-07-31 7:45,173
2076,2076,2020-07-31 8:00,181
2077,2077,2020-07-31 8:15,181
2078,2078,2020-07-31 8:30,179
2079,2079,2020-07-31 8:45,169
2080,2080,2020-07-31 9:00,156
2081,2081,2020-07-31 9:15,146
2082,2082,2020-07-31 9:30,130
2083,2083,2020-07-31 9:45,124
2084,2084,2020-07-31 10:00,130
2085,2085,2020-07-31 10:15,126
2086,2086,2020-07-31 10:30,112
2087,2087,2020-07-31 10:45,108
2088,2088,2020-07-31 11:00,111
2089,2089,2020-07-31 11:15,118
2090,2090,2020-07-31 11:30,123
2091,2091,2020-07-31 11:45,124
2092,2092,2020-07-31 12:00,124
2093,2093,2020-07-31 12:15,125
2094,2094,2020-07-31 12:30,131
2095,2095,2020-07-31 12:45,139
2096,2096,2020-07-31 13:00,141
2097,2097,2020-07-31 13:15,138
2098,2098,2020-07-31 13:30,138
2099,2099,2020-07-31 13:45,141
2100,2100,2020-07-31 14:00,140
2101,2101,2020-07-31 14:15,138
2102,2102,2020-07-31 14:30,139
2103,2103,2020-07-31 14:45,140
2104,2104,2020-07-31 15:00,137
2105,2105,2020-07-31 15:15,135
2106,2106,2020-07-31 15:30,134
2107,2107,2020-07-31 15:45,132
2108,2108,2020-07-31 16:00,131
2109,2109,2020-07-31 16:15,132
2110,2110,2020-07-31 16:30,147
2111,2111,2020-07-31 16:45,180
2112,2112,2020-07-31 17:00,209
2113,2113,2020-07-31 17:15,224
2114,2114,2020-07-31 17:30,225
2115,2115,2020-07-31 17:45,221
2116,2116,2020-07-31 18:00,217
2117,2117,2020-07-31 18:15,200
2118,2118,2020-07-31 18:30,181
2119,2119,2020-07-31 18:45,161
2120,2120,2020-07-31 19:00,147
2121,2121,2020-07-31 19:15,156
2122,2122,2020-07-31 19:30,139
2123,2123,2020-07-31 19:45,123
2124,2124,2020-07-31 20:00,113
2125,2125,2020-07-31 20:15,103
2126,2126,2020-07-31 20:30,108
2127,2127,2020-07-31 20:45,141
2128,2128,2020-07-31 21:00,174
2129,2129,2020-07-31 21:15,191
2130,2130,2020-07-31 21:30,156
2131,2131,2020-07-31 21:45,147
2132,2132,2020-07-31 22:00,99
2133,2133,2020-07-31 22:15,98
2134,2134,2020-07-31 22:30,98
2135,2135,2020-07-31 22:45,97
2136,2136,2020-07-31 23:00,97
2137,2137,2020-07-31 23:15,97
2138,2138,2020-07-31 23:30,96
2139,2139,2020-07-31 23:45,96
2140,2140,2020-08-01 00:00,96
2141,2141,2020-08-01 00:15,95
2142,2142,2020-08-01 00:30,95
2143,2143,2020-08-01 0:45,95
2144,2144,2020-08-01 1:00,93
2145,2145,2020-08-01 1:15,86
2146,2146,2020-08-01 1:30,81
2147,2147,2020-08-01 1:45,83
2148,2148,2020-08-01 2:00,84
2149,2149,2020-08-01 2:15,81
2150,2150,2020-08-01 2:30,78
2151,2151,2020-08-01 2:45,79
2152,2152,2020-08-01 3:00,81
2153,2153,2020-08-01 3:15,81
2154,2154,2020-08-01 3:30,83
2155,2155,2020-08-01 3:45,86
2156,2156,2020-08-01 4:00,88
2157,2157,2020-08-01 4:15,87
2158,2158,2020-08-01 4:30,77
2159,2159,2020-08-01 4:45,76
2160,2160,2020-08-01 5:00,88
2161,2161,2020-08-01 5:15,91
2162,2162,2020-08-01 5:30,91
2163,2163,2020-08-01 5:45,91
2164,2164,2020-08-01 6:00,92
2165,2165,2020-08-01 6:15,94
2166,2166,2020-08-01 6:30,97
2167,2167,2020-08-01 6:45,97
2168,2168,2020-08-01 7:00,97
2169,2169,2020-08-01 7:15,103
2170,2170,2020-08-01 7:30,102
2171,2171,2020-08-01 7:45,101
2172,2172,2020-08-01 8:00,107
2173,2173,2020-08-01 8:15,120
2174,2174,2020-08-01 8:30,143
2175,2175,2020-08-01 8:45,157
2176,2176,2020-08-01 9:00,170
2177,2177,2020-08-01 9:15,177
2178,2178,2020-08-01 9:30,189
2179,2179,2020-08-01 9:45,200
2180,2180,2020-08-01 10:00,189
2181,2181,2020-08-01 10:15,185
2182,2182,2020-08-01 10:30,196
2183,2183,2020-08-01 10:45,207
2184,2184,2020-08-01 11:00,214
2185,2185,2020-08-01 11:15,210
2186,2186,2020-08-01 11:30,199
2187,2187,2020-08-01 11:45,191
2188,2188,2020-08-01 12:00,175
2189,2189,2020-08-01 12:15,145
2190,2190,2020-08-01 12:30,124
2191,2191,2020-08-01 12:45,106
2192,2192,2020-08-01 13:00,89
2193,2193,2020-08-01 13:15,76
2194,2194,2020-08-01 13:30,72
2195,2195,2020-08-01 13:45,72
2196,2196,2020-08-01 14:00,85
2197,2197,2020-08-01 14:15,99
2198,2198,2020-08-01 14:30,103
2199,2199,2020-08-01 14:45,102
2200,2200,2020-08-01 15:00,103
2201,2201,2020-08-01 15:15,97
2202,2202,2020-08-01 15:30,86
2203,2203,2020-08-01 15:45,83
2204,2204,2020-08-01 16:00,87
2205,2205,2020-08-01 16:15,92
2206,2206,2020-08-01 16:30,93
2207,2207,2020-08-01 16:45,94
2208,2208,2020-08-01 17:00,97
2209,2209,2020-08-01 17:15,95
2210,2210,2020-08-01 17:30,93
2211,2211,2020-08-01 17:45,92
2212,2212,2020-08-01 18:00,92
2213,2213,2020-08-01 18:15,93
2214,2214,2020-08-01 18:30,94
2215,2215,2020-08-01 18:45,94
2216,2216,2020-08-01 19:00,94
2217,2217,2020-08-01 19:15,95
2218,2218,2020-08-01 19:30,96
2219,2219,2020-08-01 19:45,95
2220,2220,2020-08-01 20:00,93
2221,2221,2020-08-01 20:15,94
2222,2222,2020-08-01 20:30,95
2223,2223,2020-08-01 20:45,99
2224,2224,2020-08-01 21:00,102
2225,2225,2020-08-01 21:15,105
2226,2226,2020-08-01 21:30,125
2227,2227,2020-08-01 21:45,129
2228,2228,2020-08-01 22:00,122
2229,2229,2020-08-01 22:15,134
2230,2230,2020-08-01 22:30,156
2231,2231,2020-08-01 22:45,173
2232,2232,2020-08-01 23:00,184
2233,2233,2020-08-01 23:15,186
2234,2234,2020-08-01 23:30,182
2235,2235,2020-08-01 23:45,170
2236,2236,2020-08-02 0:00,150
2237,2237,2020-08-02 0:15,138
2238,2238,2020-08-02 0:30,128
2239,2239,2020-08-02 0:45,122
2240,2240,2020-08-02 1:00,119
2241,2241,2020-08-02 1:15,114
2242,2242,2020-08-02 1:30,114
2243,2243,2020-08-02 1:45,115
2244,2244,2020-08-02 2:00,113
2245,2245,2020-08-02 2:15,114
2246,2246,2020-08-02 2:30,114
2247,2247,2020-08-02 2:45,113
2248,2248,2020-08-02 3:00,115
2249,2249,2020-08-02 3:15,110
2250,2250,2020-08-02 3:30,106
2251,2251,2020-08-02 3:45,107
2252,2252,2020-08-02 4:00,106
2253,2253,2020-08-02 4:15,102
2254,2254,2020-08-02 4:30,97
2255,2255,2020-08-02 4:45,94
2256,2256,2020-08-02 5:00,94
2257,2257,2020-08-02 5:15,94
2258,2258,2020-08-02 5:30,92
2259,2259,2020-08-02 5:45,94
2260,2260,2020-08-02 6:00,99
2261,2261,2020-08-02 6:15,100
2262,2262,2020-08-02 6:30,94
2263,2263,2020-08-02 6:45,90
2264,2264,2020-08-02 7:00,91
2265,2265,2020-08-02 7:15,94
2266,2266,2020-08-02 7:30,98
2267,2267,2020-08-02 7:45,103
2268,2268,2020-08-02 8:00,113
2269,2269,2020-08-02 8:15,122
2270,2270,2020-08-02 8:30,125
2271,2271,2020-08-02 8:45,134
2272,2272,2020-08-02 9:00,149
2273,2273,2020-08-02 9:15,168
2274,2274,2020-08-02 9:30,193
2275,2275,2020-08-02 9:45,194
2276,2276,2020-08-02 10:00,182
2277,2277,2020-08-02 10:15,168
2278,2278,2020-08-02 10:30,145
2279,2279,2020-08-02 10:45,116
2280,2280,2020-08-02 11:00,105
2281,2281,2020-08-02 11:15,110
2282,2282,2020-08-02 11:30,108
2283,2283,2020-08-02 11:45,99
2284,2284,2020-08-02 12:00,88
2285,2285,2020-08-02 12:15,81
2286,2286,2020-08-02 12:30,76
2287,2287,2020-08-02 12:45,73
2288,2288,2020-08-02 13:00,74
2289,2289,2020-08-02 13:15,73
2290,2290,2020-08-02 13:30,75
2291,2291,2020-08-02 13:45,84
2292,2292,2020-08-02 14:00,91
2293,2293,2020-08-02 14:15,98
2294,2294,2020-08-02 14:30,102
2295,2295,2020-08-02 14:45,99
2296,2296,2020-08-02 15:00,100
2297,2297,2020-08-02 15:15,101
2298,2298,2020-08-02 15:30,101
2299,2299,2020-08-02 15:45,101
2300,2300,2020-08-02 16:00,99
2301,2301,2020-08-02 16:15,100
2302,2302,2020-08-02 16:30,100
2303,2303,2020-08-02 16:45,98
2304,2304,2020-08-02 17:00,98
2305,2305,2020-08-02 17:15,99
2306,2306,2020-08-02 17:30,94
2307,2307,2020-08-02 17:45,92
2308,2308,2020-08-02 18:00,93
2309,2309,2020-08-02 18:15,92
2310,2310,2020-08-02 18:30,90
2311,2311,2020-08-02 18:45,92
2312,2312,2020-08-02 19:00,90
2313,2313,2020-08-02 19:15,86
2314,2314,2020-08-02 19:30,96
2315,2315,2020-08-02 19:45,116
2316,2316,2020-08-02 20:00,122
2317,2317,2020-08-02 20:15,119
2318,2318,2020-08-02 20:30,123
2319,2319,2020-08-02 20:45,135
2320,2320,2020-08-02 21:00,145
2321,2321,2020-08-02 21:15,149
2322,2322,2020-08-02 21:30,146
2323,2323,2020-08-02 21:45,144
2324,2324,2020-08-02 22:00,149
2325,2325,2020-08-02 22:15,145
2326,2326,2020-08-02 22:30,137
2327,2327,2020-08-02 22:45,98
2328,2328,2020-08-02 23:00,98
2329,2329,2020-08-02 23:15,98
2330,2330,2020-08-02 23:30,98
2331,2331,2020-08-02 23:45,98
2332,2332,2020-08-03 00:00,98
2333,2333,2020-08-03 00:15,98
2334,2334,2020-08-03 00:30,98
2335,2335,2020-08-03 00:45,98
2336,2336,2020-08-03 01:00,98
2337,2337,2020-08-03 1:15,99
2338,2338,2020-08-03 1:30,101
2339,2339,2020-08-03 1:45,101
2340,2340,2020-08-03 2:00,100
2341,2341,2020-08-03 2:15,102
2342,2342,2020-08-03 2:30,102
2343,2343,2020-08-03 2:45,99
2344,2344,2020-08-03 3:00,98
2345,2345,2020-08-03 3:15,100
2346,2346,2020-08-03 3:30,105
2347,2347,2020-08-03 3:45,106
2348,2348,2020-08-03 4:00,104
2349,2349,2020-08-03 4:15,106
2350,2350,2020-08-03 4:30,108
2351,2351,2020-08-03 4:45,104
2352,2352,2020-08-03 5:00,102
2353,2353,2020-08-03 5:15,102
2354,2354,2020-08-03 5:30,100
2355,2355,2020-08-03 5:45,98
2356,2356,2020-08-03 6:00,93
2357,2357,2020-08-03 6:15,94
2358,2358,2020-08-03 6:30,97
2359,2359,2020-08-03 6:45,95
2360,2360,2020-08-03 7:00,93
2361,2361,2020-08-03 7:15,98
2362,2362,2020-08-03 7:30,105
2363,2363,2020-08-03 7:45,107
2364,2364,2020-08-03 8:00,105
2365,2365,2020-08-03 8:15,107
2366,2366,2020-08-03 8:30,110
2367,2367,2020-08-03 8:45,109
2368,2368,2020-08-03 9:00,113
2369,2369,2020-08-03 9:15,114
2370,2370,2020-08-03 9:30,110
2371,2371,2020-08-03 9:45,110
2372,2372,2020-08-03 10:00,116
2373,2373,2020-08-03 10:15,121
2374,2374,2020-08-03 10:30,119
2375,2375,2020-08-03 10:45,117
2376,2376,2020-08-03 11:00,116
2377,2377,2020-08-03 11:15,117
2378,2378,2020-08-03 11:30,121
2379,2379,2020-08-03 11:45,133
2380,2380,2020-08-03 12:00,143
2381,2381,2020-08-03 12:15,154
2382,2382,2020-08-03 12:30,174
2383,2383,2020-08-03 12:45,194
2384,2384,2020-08-03 13:00,202
2385,2385,2020-08-03 13:15,196
2386,2386,2020-08-03 13:30,187
2387,2387,2020-08-03 13:45,174
2388,2388,2020-08-03 14:00,156
2389,2389,2020-08-03 14:15,134
2390,2390,2020-08-03 14:30,117
2391,2391,2020-08-03 14:45,97
2392,2392,2020-08-03 15:00,87
2393,2393,2020-08-03 15:15,90
2394,2394,2020-08-03 15:30,93
2395,2395,2020-08-03 15:45,94
2396,2396,2020-08-03 16:00,89
2397,2397,2020-08-03 16:15,80
2398,2398,2020-08-03 16:30,75
2399,2399,2020-08-03 16:45,78
2400,2400,2020-08-03 17:00,85
2401,2401,2020-08-03 17:15,99
2402,2402,2020-08-03 17:30,103
2403,2403,2020-08-03 17:45,102
2404,2404,2020-08-03 18:00,102
2405,2405,2020-08-03 18:15,101
2406,2406,2020-08-03 18:30,96
2407,2407,2020-08-03 18:45,93
2408,2408,2020-08-03 19:00,91
2409,2409,2020-08-03 19:15,92
2410,2410,2020-08-03 19:30,101
2411,2411,2020-08-03 19:45,115
2412,2412,2020-08-03 20:00,118
2413,2413,2020-08-03 20:15,115
2414,2414,2020-08-03 20:30,117
2415,2415,2020-08-03 20:45,126
2416,2416,2020-08-03 21:00,114
2417,2417,2020-08-03 21:15,113
2418,2418,2020-08-03 21:30,127
2419,2419,2020-08-03 21:45,128
2420,2420,2020-08-03 22:00,121
2421,2421,2020-08-03 22:15,115
2422,2422,2020-08-03 22:30,114
2423,2423,2020-08-03 22:45,114
2424,2424,2020-08-03 23:00,113
2425,2425,2020-08-03 23:15,113
2426,2426,2020-08-03 23:30,113
2427,2427,2020-08-03 23:45,104
2428,2428,2020-08-04 0:00,100
2429,2429,2020-08-04 0:15,98
2430,2430,2020-08-04 0:30,94
2431,2431,2020-08-04 0:45,95
2432,2432,2020-08-04 1:00,96
2433,2433,2020-08-04 1:15,95
2434,2434,2020-08-04 1:30,94
2435,2435,2020-08-04 1:45,94
2436,2436,2020-08-04 2:00,92
2437,2437,2020-08-04 2:15,93
2438,2438,2020-08-04 2:30,99
2439,2439,2020-08-04 2:45,96
2440,2440,2020-08-04 3:00,97
2441,2441,2020-08-04 3:15,95
2442,2442,2020-08-04 3:30,92
2443,2443,2020-08-04 3:45,93
2444,2444,2020-08-04 4:00,92
2445,2445,2020-08-04 4:15,94
2446,2446,2020-08-04 4:30,96
2447,2447,2020-08-04 4:45,96
2448,2448,2020-08-04 5:00,97
2449,2449,2020-08-04 5:15,95
2450,2450,2020-08-04 5:30,94
2451,2451,2020-08-04 5:45,95
2452,2452,2020-08-04 6:00,96
2453,2453,2020-08-04 6:15,94
2454,2454,2020-08-04 6:30,95
2455,2455,2020-08-04 6:45,98
2456,2456,2020-08-04 7:00,102
2457,2457,2020-08-04 7:15,105
2458,2458,2020-08-04 7:30,109
2459,2459,2020-08-04 7:45,114
2460,2460,2020-08-04 8:00,115
2461,2461,2020-08-04 8:15,112
2462,2462,2020-08-04 8:30,111
2463,2463,2020-08-04 8:45,113
2464,2464,2020-08-04 9:00,112
2465,2465,2020-08-04 9:15,111
2466,2466,2020-08-04 9:30,124
2467,2467,2020-08-04 9:45,149
2468,2468,2020-08-04 10:00,171
2469,2469,2020-08-04 10:15,189
2470,2470,2020-08-04 10:30,198
2471,2471,2020-08-04 10:45,198
2472,2472,2020-08-04 11:00,188
2473,2473,2020-08-04 11:15,177
2474,2474,2020-08-04 11:30,161
2475,2475,2020-08-04 11:45,149
2476,2476,2020-08-04 12:00,142
2477,2477,2020-08-04 12:15,132
2478,2478,2020-08-04 12:30,108
2479,2479,2020-08-04 12:45,100
2480,2480,2020-08-04 13:00,106
2481,2481,2020-08-04 13:15,110
2482,2482,2020-08-04 13:30,107
2483,2483,2020-08-04 13:45,97
2484,2484,2020-08-04 14:00,93
2485,2485,2020-08-04 14:15,89
2486,2486,2020-08-04 14:30,84
2487,2487,2020-08-04 14:45,81
2488,2488,2020-08-04 15:00,82
2489,2489,2020-08-04 15:15,83
2490,2490,2020-08-04 15:30,87
2491,2491,2020-08-04 15:45,89
2492,2492,2020-08-04 16:00,88
2493,2493,2020-08-04 16:15,86
2494,2494,2020-08-04 16:30,86
2495,2495,2020-08-04 16:45,89
2496,2496,2020-08-04 17:00,90
2497,2497,2020-08-04 17:15,87
2498,2498,2020-08-04 17:30,89
2499,2499,2020-08-04 17:45,91
2500,2500,2020-08-04 18:00,96
2501,2501,2020-08-04 18:15,105
2502,2502,2020-08-04 18:30,113
2503,2503,2020-08-04 18:45,116
2504,2504,2020-08-04 19:00,113
2505,2505,2020-08-04 19:15,101
2506,2506,2020-08-04 19:30,95
2507,2507,2020-08-04 19:45,91
2508,2508,2020-08-04 20:00,97
2509,2509,2020-08-04 20:15,117
2510,2510,2020-08-04 20:30,132
2511,2511,2020-08-04 20:45,120
2512,2512,2020-08-04 21:00,104
2513,2513,2020-08-04 21:15,101
2514,2514,2020-08-04 21:30,103
2515,2515,2020-08-04 21:45,105
2516,2516,2020-08-04 22:00,96
2517,2517,2020-08-04 22:15,92
2518,2518,2020-08-04 22:30,91
2519,2519,2020-08-04 22:45,82
2520,2520,2020-08-04 23:00,82
2521,2521,2020-08-04 23:15,82
2522,2522,2020-08-04 23:30,83
2523,2523,2020-08-04 23:45,83
2524,2524,2020-08-05 00:00,83
2525,2525,2020-08-05 0:15,84
2526,2526,2020-08-05 0:30,83
2527,2527,2020-08-05 0:45,81
2528,2528,2020-08-05 1:00,81
2529,2529,2020-08-05 1:15,82
2530,2530,2020-08-05 1:30,85
2531,2531,2020-08-05 1:45,87
2532,2532,2020-08-05 2:00,85
2533,2533,2020-08-05 2:15,86
2534,2534,2020-08-05 2:30,87
2535,2535,2020-08-05 2:45,84
2536,2536,2020-08-05 3:00,82
2537,2537,2020-08-05 3:15,79
2538,2538,2020-08-05 3:30,77
2539,2539,2020-08-05 3:45,77
2540,2540,2020-08-05 4:00,78
2541,2541,2020-08-05 4:15,80
2542,2542,2020-08-05 4:30,83
2543,2543,2020-08-05 4:45,84
2544,2544,2020-08-05 5:00,81
2545,2545,2020-08-05 5:15,79
2546,2546,2020-08-05 5:30,83
2547,2547,2020-08-05 5:45,85
2548,2548,2020-08-05 6:00,84
2549,2549,2020-08-05 6:15,90
2550,2550,2020-08-05 6:30,95
2551,2551,2020-08-05 6:45,94
2552,2552,2020-08-05 7:00,91
2553,2553,2020-08-05 7:15,92
2554,2554,2020-08-05 7:30,96
2555,2555,2020-08-05 7:45,101
2556,2556,2020-08-05 8:00,106
2557,2557,2020-08-05 8:15,112
2558,2558,2020-08-05 8:30,120
2559,2559,2020-08-05 8:45,130
2560,2560,2020-08-05 9:00,133
2561,2561,2020-08-05 9:15,142
2562,2562,2020-08-05 9:30,157
2563,2563,2020-08-05 9:45,170
2564,2564,2020-08-05 10:00,185
2565,2565,2020-08-05 10:15,195
2566,2566,2020-08-05 10:30,180
2567,2567,2020-08-05 10:45,146
2568,2568,2020-08-05 11:00,125
2569,2569,2020-08-05 11:15,124
2570,2570,2020-08-05 11:30,132
2571,2571,2020-08-05 11:45,131
2572,2572,2020-08-05 12:00,116
2573,2573,2020-08-05 12:15,111
2574,2574,2020-08-05 12:30,104
2575,2575,2020-08-05 12:45,107
2576,2576,2020-08-05 13:00,118
2577,2577,2020-08-05 13:15,123
2578,2578,2020-08-05 13:30,123
2579,2579,2020-08-05 13:45,114
2580,2580,2020-08-05 14:00,104
2581,2581,2020-08-05 14:15,105
2582,2582,2020-08-05 14:30,109
2583,2583,2020-08-05 14:45,110
2584,2584,2020-08-05 15:00,102
2585,2585,2020-08-05 15:15,88
2586,2586,2020-08-05 15:30,90
2587,2587,2020-08-05 15:45,100
2588,2588,2020-08-05 16:00,101
2589,2589,2020-08-05 16:15,99
2590,2590,2020-08-05 16:30,96
2591,2591,2020-08-05 16:45,91
2592,2592,2020-08-05 17:00,93
2593,2593,2020-08-05 17:15,110
2594,2594,2020-08-05 17:30,121
2595,2595,2020-08-05 17:45,125
2596,2596,2020-08-05 18:00,126
2597,2597,2020-08-05 18:15,125
2598,2598,2020-08-05 18:30,126
2599,2599,2020-08-05 18:45,126
2600,2600,2020-08-05 19:00,124
2601,2601,2020-08-05 19:15,120
2602,2602,2020-08-05 19:30,121
2603,2603,2020-08-05 19:45,128
2604,2604,2020-08-05 20:00,128
2605,2605,2020-08-05 20:15,126
2606,2606,2020-08-05 20:30,123
2607,2607,2020-08-05 20:45,123
2608,2608,2020-08-05 21:00,125
2609,2609,2020-08-05 21:15,123
2610,2610,2020-08-05 21:30,117
2611,2611,2020-08-05 21:45,109
2612,2612,2020-08-05 22:00,106
2613,2613,2020-08-05 22:15,103
2614,2614,2020-08-05 22:30,90
2615,2615,2020-08-05 22:45,89
2616,2616,2020-08-05 23:00,89
2617,2617,2020-08-05 23:15,89
2618,2618,2020-08-05 23:30,89
2619,2619,2020-08-05 23:45,89
2620,2620,2020-08-06 00:00,89
2621,2621,2020-08-06 00:15,89
2622,2622,2020-08-06 00:30,89
2623,2623,2020-08-06 00:45,89
2624,2624,2020-08-06 1:00,89
2625,2625,2020-08-06 1:15,88
2626,2626,2020-08-06 1:30,89
2627,2627,2020-08-06 1:45,89
2628,2628,2020-08-06 2:00,86
2629,2629,2020-08-06 2:15,90
2630,2630,2020-08-06 2:30,93
2631,2631,2020-08-06 2:45,87
2632,2632,2020-08-06 3:00,86
2633,2633,2020-08-06 3:15,89
2634,2634,2020-08-06 3:30,89
2635,2635,2020-08-06 3:45,90
2636,2636,2020-08-06 4:00,90
2637,2637,2020-08-06 4:15,88
2638,2638,2020-08-06 4:30,87
2639,2639,2020-08-06 4:45,89
2640,2640,2020-08-06 5:00,88
2641,2641,2020-08-06 5:15,87
2642,2642,2020-08-06 5:30,88
2643,2643,2020-08-06 5:45,90
2644,2644,2020-08-06 6:00,89
2645,2645,2020-08-06 6:15,86
2646,2646,2020-08-06 6:30,87
2647,2647,2020-08-06 6:45,88
2648,2648,2020-08-06 7:00,88
2649,2649,2020-08-06 7:15,91
2650,2650,2020-08-06 7:30,94
2651,2651,2020-08-06 7:45,93
2652,2652,2020-08-06 8:00,91
2653,2653,2020-08-06 8:15,92
2654,2654,2020-08-06 8:30,95
2655,2655,2020-08-06 8:45,97
2656,2656,2020-08-06 9:00,100
2657,2657,2020-08-06 9:15,107
2658,2658,2020-08-06 9:30,109
2659,2659,2020-08-06 9:45,116
2660,2660,2020-08-06 10:00,126
2661,2661,2020-08-06 10:15,133
2662,2662,2020-08-06 10:30,146
2663,2663,2020-08-06 10:45,162
2664,2664,2020-08-06 11:00,153
2665,2665,2020-08-06 11:15,154
2666,2666,2020-08-06 11:30,155
