,Unnamed: 0,0,1
0,1,2020-7-8 15:30,173
1,2,2020-7-8 15:45,169
2,3,2020-7-8 16:00,155
3,4,2020-7-8 16:15,136
4,5,2020-7-8 16:30,120
5,6,2020-7-8 16:45,111
6,7,2020-7-8 17:00,97
7,8,2020-7-8 17:15,76
8,9,2020-7-8 17:30,66
9,10,2020-7-8 17:45,58
10,11,2020-7-8 18:00,46
11,12,2020-7-8 18:15,40
12,13,2020-7-8 18:30,40
13,14,2020-7-8 18:45,40
14,15,2020-7-8 19:00,40
15,16,2020-7-8 19:15,40
16,17,2020-7-8 19:30,40
17,18,2020-7-8 19:45,40
18,19,2020-7-8 20:00,40
19,20,2020-7-8 20:15,40
20,21,2020-7-8 20:30,40
21,22,2020-7-8 20:45,52
22,23,2020-7-8 21:00,76
23,24,2020-7-8 21:15,87
24,25,2020-7-8 21:30,92
25,26,2020-7-9 00:45,88
26,27,2020-7-9 01:00,91
27,28,2020-7-9 01:15,97
28,29,2020-7-9 01:30,98
29,30,2020-7-9 01:45,99
30,31,2020-7-9 02:00,101
31,32,2020-7-9 02:15,101
32,33,2020-7-9 02:30,106
33,34,2020-7-9 02:45,113
34,35,2020-7-9 03:00,115
35,36,2020-7-9 03:15,106
36,37,2020-7-9 03:30,100
37,38,2020-7-9 03:45,98
38,39,2020-7-9 04:00,101
39,40,2020-7-9 04:15,111
40,41,2020-7-9 04:30,109
41,42,2020-7-9 04:45,100
42,43,2020-7-9 05:00,94
43,44,2020-7-9 05:15,96
44,45,2020-7-9 05:30,101
45,46,2020-7-9 05:45,106
46,47,2020-7-9 06:00,113
47,48,2020-7-9 06:15,116
48,49,2020-7-9 06:30,116
49,50,2020-7-9 06:45,117
50,51,2020-7-9 07:00,120
51,52,2020-7-9 07:15,124
52,53,2020-7-9 07:30,130
53,54,2020-7-9 07:45,137
54,55,2020-7-9 08:00,151
55,56,2020-7-9 08:15,173
56,57,2020-7-9 08:30,193
57,58,2020-7-9 08:45,197
58,59,2020-7-9 09:00,214
59,60,2020-7-9 09:15,231
60,61,2020-7-9 09:30,232
61,62,2020-7-9 09:45,231
62,63,2020-7-9 10:00,231
63,64,2020-7-9 10:15,223
64,65,2020-7-9 10:30,212
65,66,2020-7-9 10:45,201
66,67,2020-7-9 11:00,182
67,68,2020-7-9 11:15,161
68,69,2020-7-9 11:30,137
69,70,2020-7-9 11:45,107
70,71,2020-7-9 12:00,87
71,72,2020-7-9 12:15,78
72,73,2020-7-9 12:30,73
73,74,2020-7-9 12:45,82
74,75,2020-7-9 13:00,96
75,76,2020-7-9 13:30,100
76,77,2020-7-9 13:45,105
77,78,2020-7-9 14:00,105
78,79,2020-7-9 14:15,105
79,80,2020-7-9 14:30,103
80,81,2020-7-9 14:45,100
81,82,2020-7-9 15:00,101
82,83,2020-7-9 15:15,104
83,84,2020-7-9 15:30,108
84,85,2020-7-9 15:45,112
85,86,2020-7-9 16:00,112
86,87,2020-7-9 16:15,105
87,88,2020-7-9 16:30,94
88,89,2020-7-9 16:45,91
89,90,2020-7-9 17:00,102
90,91,2020-7-9 17:15,112
91,92,2020-7-9 17:30,114
92,93,2020-7-9 17:45,114
93,94,2020-7-9 18:00,116
94,95,2020-7-9 18:15,117
95,96,2020-7-9 18:30,118
96,97,2020-7-9 18:45,121
97,98,2020-7-9 19:00,123
98,99,2020-7-9 19:15,119
99,100,2020-7-9 19:30,123
100,101,2020-7-9 19:45,152
101,102,2020-7-9 20:00,191
102,103,2020-7-9 20:15,210
103,104,2020-7-9 20:30,215
104,105,2020-7-9 20:45,221
105,106,2020-7-9 21:00,225
106,107,2020-7-9 21:15,231
107,108,2020-7-9 21:30,236
108,109,2020-7-9 21:45,233
109,110,2020-7-9 22:00,227
110,111,2020-7-9 22:15,218
111,112,2020-7-9 22:30,229
112,113,2020-7-9 22:45,231
113,114,2020-7-9 23:00,219
114,115,2020-7-9 23:15,206
115,116,2020-7-9 00:00,158
116,117,2020-7-10 00:15,147
117,118,2020-7-10 00:30,135
118,119,2020-7-10 00:45,128
119,120,2020-7-10 01:00,128
120,121,2020-7-10 01:15,130
121,122,2020-7-10 01:30,130
122,123,2020-7-10 01:45,127
123,124,2020-7-10 02:00,122
124,125,2020-7-10 02:15,121
125,126,2020-7-10 02:30,120
126,127,2020-7-10 02:45,119
127,128,2020-7-10 03:00,121
128,129,2020-7-10 03:15,125
129,130,2020-7-10 03:30,122
130,131,2020-7-10 03:45,120
131,132,2020-7-10 04:00,122
132,133,2020-7-10 04:15,125
133,134,2020-7-10 04:30,124
134,135,2020-7-10 04:45,121
135,136,2020-7-10 05:00,121
136,137,2020-7-10 05:15,121
137,138,2020-7-10 05:30,119
138,139,2020-7-10 05:45,121
139,140,2020-7-10 06:00,124
140,141,2020-7-10 06:15,122
141,142,2020-7-10 06:30,122
142,143,2020-7-10 06:45,125
143,144,2020-7-10 07:00,128
144,145,2020-7-10 07:15,130
145,146,2020-7-10 07:30,131
146,147,2020-7-10 07:45,131
147,148,2020-7-10 08:00,132
148,149,2020-7-10 08:15,132
149,150,2020-7-10 08:30,137
150,151,2020-7-10 08:45,151
151,152,2020-7-10 09:00,169
152,153,2020-7-10 09:15,183
153,154,2020-7-10 09:30,197
154,155,2020-7-10 09:45,207
155,156,2020-7-10 10:00,213
156,157,2020-7-10 10:15,233
157,158,2020-7-10 10:30,254
158,159,2020-7-10 10:45,262
159,160,2020-7-10 11:00,263
160,161,2020-7-10 11:15,256
161,162,2020-7-10 11:30,241
162,163,2020-7-10 11:45,214
163,164,2020-7-10 12:00,186
164,165,2020-7-10 12:15,174
165,166,2020-7-10 12:30,167
166,167,2020-7-10 12:45,154
167,168,2020-7-10 13:00,132
168,169,2020-7-10 13:15,110
169,170,2020-7-10 13:30,107
170,171,2020-7-10 13:45,140
171,172,2020-7-10 14:00,171
172,173,2020-7-10 14:15,204
173,174,2020-7-10 14:30,224
174,175,2020-7-10 14:45,227
175,176,2020-7-10 15:00,219
176,177,2020-7-10 15:15,205
177,178,2020-7-10 15:30,179
178,179,2020-7-10 15:45,154
179,180,2020-7-10 16:00,148
180,181,2020-7-10 16:15,151
181,182,2020-7-10 16:30,151
182,183,2020-7-10 16:45,148
183,184,2020-7-10 17:00,149
184,185,2020-7-10 17:15,148
185,186,2020-7-10 17:30,136
186,187,2020-7-10 17:45,126
187,188,2020-7-10 18:00,122
188,189,2020-7-10 18:15,119
189,190,2020-7-10 18:30,117
190,191,2020-7-10 18:45,112
191,192,2020-7-10 19:00,106
192,193,2020-7-10 19:15,105
193,194,2020-7-10 19:30,106
194,195,2020-7-10 19:45,100
195,196,2020-7-10 20:00,99
196,197,2020-7-10 20:15,109
197,198,2020-7-10 20:30,120
198,199,2020-7-10 20:45,123
199,200,2020-7-10 21:00,123
200,201,2020-7-10 21:15,122
201,202,2020-7-10 21:30,124
202,203,2020-7-10 21:45,133
203,204,2020-7-10 22:00,152
204,205,2020-7-10 22:15,182
205,206,2020-7-10 22:30,206
206,207,2020-7-10 22:45,222
207,208,2020-7-10 23:00,231
208,209,2020-7-10 23:15,230
209,210,2020-7-10 23:30,214
210,211,2020-7-10 23:45,209
211,212,2020-7-11 00:00,204
212,213,2020-7-11 00:15,195
213,214,2020-7-11 00:30,180
214,215,2020-7-11 01:00,169
215,216,2020-7-11 01:15,169
216,217,2020-7-11 01:30,162
217,218,2020-7-11 01:45,157
218,219,2020-7-11 02:00,159
219,220,2020-7-11 02:15,163
220,221,2020-7-11 02:30,167
221,222,2020-7-11 02:45,170
222,223,2020-7-11 03:00,170
223,224,2020-7-11 03:15,167
224,225,2020-7-11 03:30,165
225,226,2020-7-11 03:45,159
226,227,2020-7-11 04:00,150
227,228,2020-7-11 04:15,143
228,229,2020-7-11 04:30,139
229,230,2020-7-11 04:45,136
230,231,2020-7-11 05:00,137
231,232,2020-7-11 05:15,140
232,233,2020-7-11 05:30,139
233,234,2020-7-11 05:45,139
234,235,2020-7-11 06:00,136
235,236,2020-7-11 06:15,129
236,237,2020-7-11 06:30,122
237,238,2020-7-11 06:45,120
238,239,2020-7-11 07:00,120
239,240,2020-7-11 07:15,118
240,241,2020-7-11 07:30,111
241,242,2020-7-11 07:45,111
242,243,2020-7-11 08:00,114
243,244,2020-7-11 08:15,114
244,245,2020-7-11 08:30,118
245,246,2020-7-11 08:45,117
246,247,2020-7-11 09:00,120
247,248,2020-7-11 09:15,123
248,249,2020-7-11 09:30,122
249,250,2020-7-11 09:45,133
250,251,2020-7-11 10:00,164
251,252,2020-7-11 10:15,187
252,253,2020-7-11 10:30,203
253,254,2020-7-11 10:45,203
254,255,2020-7-11 11:00,199
255,256,2020-7-11 11:15,200
256,257,2020-7-11 11:30,211
257,258,2020-7-11 11:45,220
258,259,2020-7-11 12:00,213
259,260,2020-7-11 12:15,199
260,261,2020-7-11 12:30,192
261,262,2020-7-11 12:45,182
262,263,2020-7-11 13:00,156
263,264,2020-7-11 13:15,125
264,265,2020-7-11 13:30,104
265,266,2020-7-11 13:45,97
266,267,2020-7-11 14:00,98
267,268,2020-7-11 14:15,101
268,269,2020-7-11 14:30,101
269,270,2020-7-11 14:45,101
270,271,2020-7-11 15:00,101
271,272,2020-7-11 15:15,101
272,273,2020-7-11 15:30,100
273,274,2020-7-11 15:45,97
274,275,2020-7-11 16:00,98
275,276,2020-7-11 16:15,94
276,277,2020-7-11 16:30,89
277,278,2020-7-11 16:45,90
278,279,2020-7-11 17:00,90
279,280,2020-7-11 17:15,91
280,281,2020-7-11 17:30,93
281,282,2020-7-11 17:45,92
282,283,2020-7-11 18:00,95
283,284,2020-7-11 18:15,98
284,285,2020-7-11 18:30,100
285,286,2020-7-11 18:45,108
286,287,2020-7-11 19:00,117
287,288,2020-7-11 19:15,124
288,289,2020-7-11 19:45,136
289,290,2020-7-11 20:00,145
290,291,2020-7-11 20:15,154
291,292,2020-7-11 20:30,168
292,293,2020-7-11 20:45,174
293,294,2020-7-11 21:00,174
294,295,2020-7-11 21:15,174
295,296,2020-7-11 21:30,178
296,297,2020-7-11 21:45,176
297,298,2020-7-11 22:00,169
298,299,2020-7-11 22:15,161
299,300,2020-7-11 23:45,102
300,301,2020-7-11 00:00,92
301,302,2020-7-12 00:15,88
302,303,2020-7-12 00:30,93
303,304,2020-7-12 00:45,93
304,305,2020-7-12 01:00,87
305,306,2020-7-12 01:15,83
306,307,2020-7-12 01:30,77
307,308,2020-7-12 01:45,71
308,309,2020-7-12 02:00,81
309,310,2020-7-12 02:15,97
310,311,2020-7-12 02:30,96
311,312,2020-7-12 02:45,95
312,313,2020-7-12 03:00,99
313,314,2020-7-12 03:15,98
314,315,2020-7-12 03:30,96
315,316,2020-7-12 03:45,100
316,317,2020-7-12 04:00,104
317,318,2020-7-12 04:15,101
318,319,2020-7-12 04:30,98
319,320,2020-7-12 04:45,96
320,321,2020-7-12 05:00,89
321,322,2020-7-12 05:15,75
322,323,2020-7-12 05:30,67
323,324,2020-7-12 05:45,75
324,325,2020-7-12 06:00,89
325,326,2020-7-12 06:15,101
326,327,2020-7-12 06:30,102
327,328,2020-7-12 06:45,100
328,329,2020-7-12 07:00,105
329,330,2020-7-12 07:15,104
330,331,2020-7-12 07:30,103
331,332,2020-7-12 07:45,103
332,333,2020-7-12 08:00,104
333,334,2020-7-12 08:15,110
334,335,2020-7-12 08:30,112
335,336,2020-7-12 08:45,110
336,337,2020-7-12 09:00,112
337,338,2020-7-12 09:15,114
338,339,2020-7-12 09:30,123
339,340,2020-7-12 09:45,144
340,341,2020-7-12 10:00,175
341,342,2020-7-12 10:15,186
342,343,2020-7-12 10:30,185
343,344,2020-7-12 10:45,175
344,345,2020-7-12 11:00,167
345,346,2020-7-12 11:15,165
346,347,2020-7-12 11:30,167
347,348,2020-7-12 11:45,168
348,349,2020-7-12 12:00,167
349,350,2020-7-12 12:15,167
350,351,2020-7-12 12:30,166
351,352,2020-7-12 12:45,145
352,353,2020-7-12 13:00,135
353,354,2020-7-12 13:15,132
354,355,2020-7-12 13:30,122
355,356,2020-7-12 13:45,108
356,357,2020-7-12 14:00,88
357,358,2020-7-12 14:15,89
358,359,2020-7-12 14:30,98
359,360,2020-7-12 14:45,97
360,361,2020-7-12 15:00,90
361,362,2020-7-12 15:15,89
362,363,2020-7-12 15:30,96
363,364,2020-7-12 15:45,106
364,365,2020-7-12 16:00,121
365,366,2020-7-12 16:15,144
366,367,2020-7-12 16:30,154
367,368,2020-7-12 16:45,155
368,369,2020-7-12 17:00,168
369,370,2020-7-12 17:15,186
370,371,2020-7-12 17:30,189
371,372,2020-7-12 17:45,191
372,373,2020-7-12 18:00,192
373,374,2020-7-12 18:15,190
374,375,2020-7-12 18:30,183
375,376,2020-7-12 18:45,173
376,377,2020-7-12 19:00,167
377,378,2020-7-12 19:15,167
378,379,2020-7-12 19:30,171
379,380,2020-7-12 19:45,166
380,381,2020-7-12 20:00,170
381,382,2020-7-12 20:15,178
382,383,2020-7-12 20:30,160
383,384,2020-7-12 20:45,169
384,385,2020-7-12 21:00,177
385,386,2020-7-12 21:15,172
386,387,2020-7-12 21:30,161
387,388,2020-7-12 21:45,148
388,389,2020-7-12 22:00,140
389,390,2020-7-12 22:15,133
390,391,2020-7-12 22:30,129
391,392,2020-7-12 22:45,128
392,393,2020-7-13 02:30,105
393,394,2020-7-13 02:45,103
394,395,2020-7-13 03:00,100
395,396,2020-7-13 03:15,92
396,397,2020-7-13 03:30,93
397,398,2020-7-13 03:45,100
398,399,2020-7-13 04:00,98
399,400,2020-7-13 04:15,97
400,401,2020-7-13 04:30,101
401,402,2020-7-13 04:45,108
402,403,2020-7-13 05:00,109
403,404,2020-7-13 05:15,107
404,405,2020-7-13 05:30,110
405,406,2020-7-13 05:45,114
406,407,2020-7-13 06:00,114
407,408,2020-7-13 06:15,114
408,409,2020-7-13 06:30,114
409,410,2020-7-13 06:45,111
410,411,2020-7-13 07:00,110
411,412,2020-7-13 07:15,110
412,413,2020-7-13 07:30,112
413,414,2020-7-13 07:45,113
414,415,2020-7-13 08:00,115
415,416,2020-7-13 08:15,131
416,417,2020-7-13 08:30,165
417,418,2020-7-13 08:45,189
418,419,2020-7-13 09:00,196
419,420,2020-7-13 09:15,200
420,421,2020-7-13 09:30,197
421,422,2020-7-13 09:45,190
422,423,2020-7-13 10:00,178
423,424,2020-7-13 10:15,163
424,425,2020-7-13 10:30,143
425,426,2020-7-13 10:45,127
426,427,2020-7-13 11:00,112
427,428,2020-7-13 11:15,101
428,429,2020-7-13 11:30,98
429,430,2020-7-13 11:45,97
430,431,2020-7-13 12:00,92
431,432,2020-7-13 12:15,94
432,433,2020-7-13 12:30,99
433,434,2020-7-13 12:45,100
434,435,2020-7-13 13:00,96
435,436,2020-7-13 13:15,96
436,437,2020-7-13 13:30,113
437,438,2020-7-13 13:45,134
438,439,2020-7-13 14:00,131
439,440,2020-7-13 14:15,125
440,441,2020-7-13 14:30,128
441,442,2020-7-13 14:45,126
442,443,2020-7-13 15:00,123
443,444,2020-7-13 15:15,122
444,445,2020-7-13 15:30,122
445,446,2020-7-13 15:45,117
446,447,2020-7-13 16:00,109
447,448,2020-7-13 16:15,105
448,449,2020-7-13 16:30,102
449,450,2020-7-13 16:45,101
450,451,2020-7-13 17:00,103
451,452,2020-7-13 17:15,106
452,453,2020-7-13 17:30,106
453,454,2020-7-13 18:00,111
454,455,2020-7-13 18:15,113
455,456,2020-7-13 18:30,109
456,457,2020-7-13 18:45,110
457,458,2020-7-13 19:00,120
458,459,2020-7-13 19:15,131
459,460,2020-7-13 19:30,132
460,461,2020-7-13 19:45,134
461,462,2020-7-13 20:00,146
462,463,2020-7-13 20:15,155
463,464,2020-7-13 20:30,165
464,465,2020-7-13 20:45,174
465,466,2020-7-13 21:00,186
466,467,2020-7-13 21:15,198
467,468,2020-7-13 21:30,205
468,469,2020-7-13 21:45,214
469,470,2020-7-13 22:00,206
470,471,2020-7-13 22:15,218
471,472,2020-7-13 22:30,233
472,473,2020-7-13 23:00,212
473,474,2020-7-13 23:15,197
474,475,2020-7-13 23:30,187
475,476,2020-7-13 23:45,178
476,477,2020-7-13 00:00,169
477,478,2020-7-14 00:15,168
478,479,2020-7-14 00:30,166
479,480,2020-7-14 00:45,152
480,481,2020-7-14 01:00,139
481,482,2020-7-14 01:15,132
482,483,2020-7-14 01:30,129
483,484,2020-7-14 01:45,125
484,485,2020-7-14 02:00,121
485,486,2020-7-14 02:15,123
486,487,2020-7-14 02:30,134
487,488,2020-7-14 02:45,140
488,489,2020-7-14 03:00,134
489,490,2020-7-14 03:15,131
490,491,2020-7-14 03:30,134
491,492,2020-7-14 03:45,137
492,493,2020-7-14 04:00,135
493,494,2020-7-14 04:15,131
494,495,2020-7-14 04:30,129
495,496,2020-7-14 04:45,130
496,497,2020-7-14 05:00,125
497,498,2020-7-14 05:15,117
498,499,2020-7-14 05:30,114
499,500,2020-7-14 05:45,111
500,501,2020-7-14 06:00,109
501,502,2020-7-14 06:15,110
502,503,2020-7-14 06:30,110
503,504,2020-7-14 06:45,117
504,505,2020-7-14 07:00,118
505,506,2020-7-14 07:15,117
506,507,2020-7-14 07:30,120
507,508,2020-7-14 07:45,142
508,509,2020-7-14 08:00,165
509,510,2020-7-14 08:15,172
510,511,2020-7-14 08:30,173
511,512,2020-7-14 08:45,180
512,513,2020-7-14 09:00,183
513,514,2020-7-14 09:15,178
514,515,2020-7-14 09:30,173
515,516,2020-7-14 09:45,170
516,517,2020-7-14 10:00,163
517,518,2020-7-14 10:15,153
518,519,2020-7-14 10:30,143
519,520,2020-7-14 10:45,131
520,521,2020-7-14 11:00,117
521,522,2020-7-14 11:15,107
522,523,2020-7-14 11:30,99
523,524,2020-7-14 11:45,97
524,525,2020-7-14 12:00,97
525,526,2020-7-14 12:15,96
526,527,2020-7-14 12:30,95
527,528,2020-7-14 12:45,99
528,529,2020-7-14 13:00,98
529,530,2020-7-14 13:15,100
530,531,2020-7-14 13:30,104
531,532,2020-7-14 13:45,112
532,533,2020-7-14 14:00,147
533,534,2020-7-14 14:15,161
534,535,2020-7-14 14:30,163
535,536,2020-7-14 14:45,159
536,537,2020-7-14 15:00,154
537,538,2020-7-14 15:15,146
538,539,2020-7-14 15:30,138
539,540,2020-7-14 15:45,128
540,541,2020-7-14 16:00,117
541,542,2020-7-14 16:15,110
542,543,2020-7-14 16:30,107
543,544,2020-7-14 16:45,107
544,545,2020-7-14 17:00,105
545,546,2020-7-14 17:15,102
546,547,2020-7-14 17:30,101
547,548,2020-7-14 17:45,102
548,549,2020-7-14 18:00,95
549,550,2020-7-14 18:15,94
550,551,2020-7-14 18:30,98
551,552,2020-7-14 18:45,97
552,553,2020-7-14 19:00,97
553,554,2020-7-14 19:15,105
554,555,2020-7-14 19:30,122
555,556,2020-7-14 19:45,142
556,557,2020-7-14 20:00,153
557,558,2020-7-14 20:15,151
558,559,2020-7-14 20:30,141
559,560,2020-7-14 20:45,138
560,561,2020-7-14 21:00,135
561,562,2020-7-14 21:15,124
562,563,2020-7-14 21:30,128
563,564,2020-7-14 21:45,154
564,565,2020-7-14 22:00,177
565,566,2020-7-14 22:15,176
566,567,2020-7-14 22:30,165
567,568,2020-7-14 22:45,147
568,569,2020-7-14 23:00,128
569,570,2020-7-14 23:15,120
570,571,2020-7-14 23:30,115
571,572,2020-7-14 23:45,108
572,573,2020-7-15 00:00,105
573,574,2020-7-15 00:15,102
574,575,2020-7-15 00:30,101
575,576,2020-7-15 00:45,102
576,577,2020-7-15 01:00,99
577,578,2020-7-15 01:15,98
578,579,2020-7-15 01:30,98
579,580,2020-7-15 01:45,106
580,581,2020-7-15 02:00,110
581,582,2020-7-15 02:15,107
582,583,2020-7-15 02:30,106
583,584,2020-7-15 02:45,109
584,585,2020-7-15 03:00,109
585,586,2020-7-15 03:15,110
586,587,2020-7-15 03:30,111
587,588,2020-7-15 03:45,107
588,589,2020-7-15 04:00,103
589,590,2020-7-15 04:15,107
590,591,2020-7-15 04:30,110
591,592,2020-7-15 04:45,110
592,593,2020-7-15 05:00,106
593,594,2020-7-15 05:15,105
594,595,2020-7-15 05:30,113
595,596,2020-7-15 05:45,117
596,597,2020-7-15 06:00,115
597,598,2020-7-15 06:15,116
598,599,2020-7-15 06:30,114
599,600,2020-7-15 06:45,117
600,601,2020-7-15 07:00,127
601,602,2020-7-15 07:15,146
602,603,2020-7-15 07:30,166
603,604,2020-7-15 07:45,170
604,605,2020-7-15 08:00,168
605,606,2020-7-15 08:15,172
606,607,2020-7-15 08:30,187
607,608,2020-7-15 08:45,213
608,609,2020-7-15 09:00,238
609,610,2020-7-15 09:15,230
610,611,2020-7-15 09:30,224
611,612,2020-7-15 09:45,227
612,613,2020-7-15 10:00,219
613,614,2020-7-15 10:15,205
614,615,2020-7-15 10:30,190
615,616,2020-7-15 10:45,172
616,617,2020-7-15 11:00,143
617,618,2020-7-15 11:15,117
618,619,2020-7-15 11:30,117
619,620,2020-7-15 11:45,117
620,621,2020-7-15 12:00,106
621,622,2020-7-15 12:15,90
622,623,2020-7-15 12:30,74
623,624,2020-7-15 12:45,84
624,625,2020-7-15 13:00,92
625,626,2020-7-15 13:15,98
626,627,2020-7-15 13:30,99
627,628,2020-7-15 13:45,115
628,629,2020-7-15 14:00,131
629,630,2020-7-15 14:15,119
630,631,2020-7-15 14:30,101
631,632,2020-7-15 14:45,99
632,633,2020-7-15 15:00,107
633,634,2020-7-15 15:15,109
634,635,2020-7-15 15:30,106
635,636,2020-7-15 16:00,107
636,637,2020-7-15 16:15,110
637,638,2020-7-15 16:30,111
638,639,2020-7-15 16:45,109
639,640,2020-7-15 17:00,107
640,641,2020-7-15 17:15,106
641,642,2020-7-15 17:30,108
642,643,2020-7-15 17:45,108
643,644,2020-7-15 18:00,110
644,645,2020-7-15 18:15,115
645,646,2020-7-15 18:30,114
646,647,2020-7-15 18:45,111
647,648,2020-7-15 19:00,116
648,649,2020-7-15 19:15,133
649,650,2020-7-15 19:30,154
650,651,2020-7-15 19:45,163
651,652,2020-7-15 20:00,163
652,653,2020-7-15 20:15,165
653,654,2020-7-15 20:30,181
654,655,2020-7-15 20:45,196
655,656,2020-7-15 21:00,208
656,657,2020-7-15 21:15,215
657,658,2020-7-15 21:30,206
658,659,2020-7-15 21:45,178
659,660,2020-7-15 22:00,167
660,661,2020-7-15 22:15,175
661,662,2020-7-15 22:30,189
662,663,2020-7-15 22:45,187
663,664,2020-7-15 23:00,183
664,665,2020-7-15 23:15,192
665,666,2020-7-15 23:30,158
666,667,2020-7-15 23:45,159
667,668,2020-7-15 00:00,163
668,669,2020-7-16 00:15,144
669,670,2020-7-16 00:30,135
670,671,2020-7-16 00:45,128
671,672,2020-7-16 01:00,121
672,673,2020-7-16 01:15,122
673,674,2020-7-16 01:30,122
674,675,2020-7-16 01:45,121
675,676,2020-7-16 02:00,125
676,677,2020-7-16 02:15,131
677,678,2020-7-16 02:30,129
678,679,2020-7-16 02:45,127
679,680,2020-7-16 03:00,130
680,681,2020-7-16 03:15,133
681,682,2020-7-16 03:30,134
682,683,2020-7-16 03:45,127
683,684,2020-7-16 04:00,122
684,685,2020-7-16 04:15,123
685,686,2020-7-16 04:30,122
686,687,2020-7-16 04:45,118
687,688,2020-7-16 05:00,116
688,689,2020-7-16 05:15,117
689,690,2020-7-16 05:30,120
690,691,2020-7-16 05:45,115
691,692,2020-7-16 06:00,114
692,693,2020-7-16 06:15,120
693,694,2020-7-16 06:30,122
694,695,2020-7-16 06:45,120
695,696,2020-7-16 07:00,119
696,697,2020-7-16 07:15,122
697,698,2020-7-16 07:30,123
698,699,2020-7-16 07:45,124
699,700,2020-7-16 08:00,124
700,701,2020-7-16 08:15,128
701,702,2020-7-16 08:30,152
702,703,2020-7-16 08:45,174
703,704,2020-7-16 09:00,194
704,705,2020-7-16 09:15,224
705,706,2020-7-16 09:30,229
706,707,2020-7-16 09:45,236
707,708,2020-7-16 10:00,243
708,709,2020-7-16 10:15,239
709,710,2020-7-16 10:30,235
710,711,2020-7-16 10:45,229
711,712,2020-7-16 11:00,209
712,713,2020-7-16 11:15,172
713,714,2020-7-16 11:30,146
714,715,2020-7-16 11:45,142
715,716,2020-7-16 12:00,149
716,717,2020-7-16 12:15,145
717,718,2020-7-16 12:30,121
718,719,2020-7-16 12:45,95
719,720,2020-7-16 13:00,78
720,721,2020-7-16 13:15,68
721,722,2020-7-16 13:30,59
722,723,2020-7-16 13:45,57
723,724,2020-7-16 14:00,62
724,725,2020-7-16 14:15,68
725,726,2020-7-16 14:30,85
726,727,2020-7-16 14:45,112
727,728,2020-7-16 15:00,118
728,729,2020-7-16 15:15,116
729,730,2020-7-16 15:30,108
730,731,2020-7-16 15:45,94
731,732,2020-7-16 16:00,79
732,733,2020-7-16 16:15,89
733,734,2020-7-16 16:30,99
734,735,2020-7-16 16:45,101
735,736,2020-7-16 17:00,100
736,737,2020-7-16 17:15,97
737,738,2020-7-16 17:30,94
738,739,2020-7-16 17:45,93
739,740,2020-7-16 18:00,92
740,741,2020-7-16 18:15,89
741,742,2020-7-16 18:30,89
742,743,2020-7-16 18:45,92
743,744,2020-7-16 19:00,94
744,745,2020-7-16 19:15,93
745,746,2020-7-16 19:30,93
746,747,2020-7-16 19:45,97
747,748,2020-7-16 20:00,104
748,749,2020-7-16 20:15,133
749,750,2020-7-16 20:30,173
750,751,2020-7-16 20:45,211
751,752,2020-7-16 21:00,217
752,753,2020-7-16 21:15,195
753,754,2020-7-16 21:30,172
754,755,2020-7-16 21:45,197
755,756,2020-7-16 22:00,183
756,757,2020-7-16 22:15,148
757,758,2020-7-16 22:30,134
758,759,2020-7-16 22:45,129
759,760,2020-7-16 23:00,127
760,761,2020-7-16 23:15,128
761,762,2020-7-16 23:30,131
762,763,2020-7-16 23:45,126
763,764,2020-7-17 00:00,114
764,765,2020-7-17 00:15,97
765,766,2020-7-17 00:30,86
766,767,2020-7-17 00:45,99
767,768,2020-7-17 01:00,109
768,769,2020-7-17 01:15,97
769,770,2020-7-17 01:30,88
770,771,2020-7-17 01:45,101
771,772,2020-7-17 02:00,102
772,773,2020-7-17 02:15,91
773,774,2020-7-17 02:30,87
774,775,2020-7-17 02:45,87
775,776,2020-7-17 03:00,85
776,777,2020-7-17 03:15,83
777,778,2020-7-17 03:30,83
778,779,2020-7-17 03:45,81
779,780,2020-7-17 04:00,83
780,781,2020-7-17 04:15,87
781,782,2020-7-17 04:30,78
782,783,2020-7-17 04:45,69
783,784,2020-7-17 05:00,81
784,785,2020-7-17 05:15,94
785,786,2020-7-17 05:30,100
786,787,2020-7-17 05:45,104
787,788,2020-7-17 06:00,108
788,789,2020-7-17 06:15,111
789,790,2020-7-17 06:30,111
790,791,2020-7-17 06:45,107
791,792,2020-7-17 07:00,103
792,793,2020-7-17 07:15,105
793,794,2020-7-17 07:30,111
794,795,2020-7-17 07:45,116
795,796,2020-7-17 08:00,133
796,797,2020-7-17 08:15,166
797,798,2020-7-17 08:30,199
798,799,2020-7-17 08:45,218
799,800,2020-7-17 09:00,242
800,801,2020-7-17 09:15,252
801,802,2020-7-17 09:30,257
802,803,2020-7-17 09:45,254
803,804,2020-7-17 10:00,242
804,805,2020-7-17 10:15,230
805,806,2020-7-17 10:30,207
806,807,2020-7-17 10:45,163
807,808,2020-7-17 11:00,131
808,809,2020-7-17 11:15,115
809,810,2020-7-17 11:30,103
810,811,2020-7-17 11:45,97
811,812,2020-7-17 12:00,94
812,813,2020-7-17 12:15,86
813,814,2020-7-17 12:30,86
814,815,2020-7-17 12:45,100
815,816,2020-7-17 13:00,100
816,817,2020-7-17 13:15,102
817,818,2020-7-17 13:30,103
818,819,2020-7-17 13:45,101
819,820,2020-7-17 14:00,97
820,821,2020-7-17 14:15,93
821,822,2020-7-17 14:30,93
822,823,2020-7-17 14:45,95
823,824,2020-7-17 15:00,98
824,825,2020-7-17 15:15,100
825,826,2020-7-17 15:30,99
826,827,2020-7-17 15:45,100
827,828,2020-7-17 16:00,102
828,829,2020-7-17 16:15,100
829,830,2020-7-17 16:30,99
830,831,2020-7-17 16:45,96
831,832,2020-7-17 17:00,88
832,833,2020-7-17 17:30,96
833,834,2020-7-17 17:45,103
834,835,2020-7-17 18:00,102
835,836,2020-7-17 18:15,100
836,837,2020-7-17 18:30,100
837,838,2020-7-17 18:45,101
838,839,2020-7-17 19:00,98
839,840,2020-7-17 19:15,94
840,841,2020-7-17 19:30,89
841,842,2020-7-17 19:45,87
842,843,2020-7-17 20:00,87
843,844,2020-7-17 20:15,87
844,845,2020-7-17 20:30,89
845,846,2020-7-17 20:45,104
846,847,2020-7-17 21:00,137
847,848,2020-7-17 21:15,161
848,849,2020-7-17 21:30,165
849,850,2020-7-17 21:45,166
850,851,2020-7-17 22:00,175
851,852,2020-7-17 22:15,185
852,853,2020-7-17 22:30,184
853,854,2020-7-17 22:45,189
854,855,2020-7-17 23:00,190
855,856,2020-7-17 23:15,165
856,857,2020-7-17 23:30,146
857,858,2020-7-17 23:45,125
858,859,2020-7-17 00:00,132
859,860,2020-7-18 00:30,128
860,861,2020-7-18 00:45,121
861,862,2020-7-18 01:00,120
862,863,2020-7-18 01:15,124
863,864,2020-7-18 01:30,117
864,865,2020-7-18 01:45,109
865,866,2020-7-18 02:00,114
866,867,2020-7-18 02:15,118
867,868,2020-7-18 02:30,121
868,869,2020-7-18 02:45,122
869,870,2020-7-18 03:00,121
870,871,2020-7-18 03:15,121
871,872,2020-7-18 03:30,121
872,873,2020-7-18 03:45,118
873,874,2020-7-18 04:00,115
874,875,2020-7-18 04:15,115
875,876,2020-7-18 04:30,114
876,877,2020-7-18 04:45,117
877,878,2020-7-18 05:00,119
878,879,2020-7-18 05:15,119
879,880,2020-7-18 05:30,120
880,881,2020-7-18 05:45,119
881,882,2020-7-18 06:00,117
882,883,2020-7-18 06:15,111
883,884,2020-7-18 06:30,108
884,885,2020-7-18 06:45,107
885,886,2020-7-18 07:00,106
886,887,2020-7-18 07:15,107
887,888,2020-7-18 07:30,109
888,889,2020-7-18 07:45,110
889,890,2020-7-18 08:00,112
890,891,2020-7-18 08:15,115
891,892,2020-7-18 08:30,116
892,893,2020-7-18 08:45,119
893,894,2020-7-18 09:00,123
894,895,2020-7-18 09:15,124
895,896,2020-7-18 09:30,134
896,897,2020-7-18 09:45,156
897,898,2020-7-18 10:00,177
898,899,2020-7-18 10:15,190
899,900,2020-7-18 10:30,200
900,901,2020-7-18 10:45,217
901,902,2020-7-18 11:00,227
902,903,2020-7-18 11:15,190
903,904,2020-7-18 11:30,156
904,905,2020-7-18 11:45,142
905,906,2020-7-18 12:00,138
906,907,2020-7-18 12:15,131
907,908,2020-7-18 12:30,115
908,909,2020-7-18 12:45,103
909,910,2020-7-18 13:00,95
910,911,2020-7-18 13:15,94
911,912,2020-7-18 13:30,108
912,913,2020-7-18 13:45,119
913,914,2020-7-18 14:00,132
914,915,2020-7-18 14:15,162
915,916,2020-7-18 14:30,174
916,917,2020-7-18 14:45,170
917,918,2020-7-18 15:00,160
918,919,2020-7-18 15:15,152
919,920,2020-7-18 15:30,151
920,921,2020-7-18 15:45,161
921,922,2020-7-18 16:00,166
922,923,2020-7-18 16:15,160
923,924,2020-7-18 16:30,153
924,925,2020-7-18 16:45,148
925,926,2020-7-18 17:00,153
926,927,2020-7-18 17:15,159
927,928,2020-7-18 17:30,150
928,929,2020-7-18 17:45,132
929,930,2020-7-18 18:00,114
930,931,2020-7-18 18:15,99
931,932,2020-7-18 18:30,102
932,933,2020-7-18 18:45,108
933,934,2020-7-18 19:00,105
934,935,2020-7-18 19:15,103
935,936,2020-7-18 19:30,100
936,937,2020-7-18 19:45,95
937,938,2020-7-18 20:00,92
938,939,2020-7-18 20:15,97
939,940,2020-7-18 20:30,109
940,941,2020-7-18 20:45,122
941,942,2020-7-18 21:00,138
942,943,2020-7-18 21:15,145
943,944,2020-7-18 21:30,144
944,945,2020-7-18 21:45,152
945,946,2020-7-18 22:00,130
946,947,2020-7-18 22:15,136
947,948,2020-7-18 22:30,143
948,949,2020-7-18 22:45,143
949,950,2020-7-18 23:00,144
950,951,2020-7-18 23:15,147
951,952,2020-7-18 23:30,135
952,953,2020-7-18 23:45,122
953,954,2020-7-19 00:00,113
954,955,2020-7-19 00:15,108
955,956,2020-7-19 00:30,105
956,957,2020-7-19 00:45,99
957,958,2020-7-19 01:00,98
958,959,2020-7-19 01:15,97
959,960,2020-7-19 01:30,98
960,961,2020-7-19 01:45,99
961,962,2020-7-19 02:00,99
962,963,2020-7-19 02:15,100
963,964,2020-7-19 02:30,97
964,965,2020-7-19 02:45,99
965,966,2020-7-19 03:00,107
966,967,2020-7-19 03:15,110
967,968,2020-7-19 03:30,106
968,969,2020-7-19 03:45,99
969,970,2020-7-19 04:00,91
970,971,2020-7-19 04:15,91
971,972,2020-7-19 04:30,101
972,973,2020-7-19 04:45,104
973,974,2020-7-19 05:00,103
974,975,2020-7-19 05:15,99
975,976,2020-7-19 05:30,100
976,977,2020-7-19 05:45,98
977,978,2020-7-19 06:00,100
978,979,2020-7-19 06:15,105
979,980,2020-7-19 06:30,105
980,981,2020-7-19 06:45,104
981,982,2020-7-19 07:00,105
982,983,2020-7-19 07:15,105
983,984,2020-7-19 07:30,103
984,985,2020-7-19 07:45,100
985,986,2020-7-19 08:00,102
986,987,2020-7-19 08:15,105
987,988,2020-7-19 08:30,105
988,989,2020-7-19 08:45,107
989,990,2020-7-19 09:00,110
990,991,2020-7-19 09:15,117
991,992,2020-7-19 09:30,142
992,993,2020-7-19 09:45,161
993,994,2020-7-19 10:00,170
994,995,2020-7-19 10:15,173
995,996,2020-7-19 10:30,171
996,997,2020-7-19 10:45,178
997,998,2020-7-19 11:00,182
998,999,2020-7-19 11:15,204
999,1000,2020-7-19 11:30,230
1000,1001,2020-7-19 11:45,238
1001,1002,2020-7-19 12:00,228
1002,1003,2020-7-19 12:15,218
1003,1004,2020-7-19 12:30,204
1004,1005,2020-7-19 12:45,202
1005,1006,2020-7-19 13:00,190
1006,1007,2020-7-19 13:15,169
1007,1008,2020-7-19 13:30,154
1008,1009,2020-7-19 13:45,142
1009,1010,2020-7-19 14:00,119
1010,1011,2020-7-19 14:15,105
1011,1012,2020-7-19 14:30,107
1012,1013,2020-7-19 14:45,110
1013,1014,2020-7-19 15:00,111
1014,1015,2020-7-19 15:15,107
1015,1016,2020-7-19 15:30,104
1016,1017,2020-7-19 15:45,105
1017,1018,2020-7-19 16:00,104
1018,1019,2020-7-19 16:15,111
1019,1020,2020-7-19 16:30,136
1020,1021,2020-7-19 16:45,151
1021,1022,2020-7-19 17:00,159
1022,1023,2020-7-19 17:15,157
1023,1024,2020-7-19 17:30,141
1024,1025,2020-7-19 17:45,118
1025,1026,2020-7-19 18:00,110
1026,1027,2020-7-19 18:30,100
1027,1028,2020-7-19 18:45,92
1028,1029,2020-7-19 19:00,102
1029,1030,2020-7-19 19:15,136
1030,1031,2020-7-19 19:30,141
1031,1032,2020-7-19 19:45,141
1032,1033,2020-7-19 20:00,136
1033,1034,2020-7-19 20:15,122
1034,1035,2020-7-19 20:30,107
1035,1036,2020-7-19 20:45,96
1036,1037,2020-7-19 21:00,103
1037,1038,2020-7-19 21:15,105
1038,1039,2020-7-19 21:30,100
1039,1040,2020-7-19 21:45,99
1040,1041,2020-7-19 22:00,100
1041,1042,2020-7-19 22:15,106
1042,1043,2020-7-19 22:30,125
1043,1044,2020-7-19 22:45,131
1044,1045,2020-7-19 23:00,124
1045,1046,2020-7-19 23:15,116
1046,1047,2020-7-19 23:30,113
1047,1048,2020-7-19 23:45,110
1048,1049,2020-7-19 00:00,107
1049,1050,2020-7-20 00:15,103
1050,1051,2020-7-20 00:30,99
1051,1052,2020-7-20 00:45,99
1052,1053,2020-7-20 01:00,101
1053,1054,2020-7-20 01:15,104
1054,1055,2020-7-20 01:30,104
1055,1056,2020-7-20 01:45,101
1056,1057,2020-7-20 02:00,99
1057,1058,2020-7-20 02:15,93
1058,1059,2020-7-20 02:30,88
1059,1060,2020-7-20 02:45,89
1060,1061,2020-7-20 03:00,89
1061,1062,2020-7-20 03:15,87
1062,1063,2020-7-20 03:30,93
1063,1064,2020-7-20 03:45,95
1064,1065,2020-7-20 04:00,98
1065,1066,2020-7-20 04:15,100
1066,1067,2020-7-20 04:30,102
1067,1068,2020-7-20 04:45,103
1068,1069,2020-7-20 05:00,103
1069,1070,2020-7-20 05:15,103
1070,1071,2020-7-20 05:30,103
1071,1072,2020-7-20 05:45,104
1072,1073,2020-7-20 06:00,104
1073,1074,2020-7-20 06:15,103
1074,1075,2020-7-20 06:30,105
1075,1076,2020-7-20 06:45,109
1076,1077,2020-7-20 07:00,113
1077,1078,2020-7-20 07:15,114
1078,1079,2020-7-20 07:30,114
1079,1080,2020-7-20 07:45,116
1080,1081,2020-7-20 08:00,134
1081,1082,2020-7-20 08:15,167
1082,1083,2020-7-20 08:30,192
1083,1084,2020-7-20 08:45,204
1084,1085,2020-7-20 09:00,223
1085,1086,2020-7-20 09:15,237
1086,1087,2020-7-20 09:30,238
1087,1088,2020-7-20 09:45,233
1088,1089,2020-7-20 10:00,218
1089,1090,2020-7-20 10:15,192
1090,1091,2020-7-20 10:30,165
1091,1092,2020-7-20 10:45,148
1092,1093,2020-7-20 11:00,135
1093,1094,2020-7-20 11:15,130
1094,1095,2020-7-20 11:30,125
1095,1096,2020-7-20 11:45,116
1096,1097,2020-7-20 12:00,100
1097,1098,2020-7-20 12:15,91
1098,1099,2020-7-20 12:30,92
1099,1100,2020-7-20 12:45,89
1100,1101,2020-7-20 13:00,85
1101,1102,2020-7-20 13:15,91
1102,1103,2020-7-20 13:30,102
1103,1104,2020-7-20 13:45,106
1104,1105,2020-7-20 14:00,95
1105,1106,2020-7-20 14:15,90
1106,1107,2020-7-20 14:30,89
1107,1108,2020-7-20 14:45,94
1108,1109,2020-7-20 15:00,101
1109,1110,2020-7-20 15:15,108
1110,1111,2020-7-20 15:30,117
1111,1112,2020-7-20 15:45,116
1112,1113,2020-7-20 16:00,111
1113,1114,2020-7-20 16:15,109
1114,1115,2020-7-20 16:30,106
1115,1116,2020-7-20 16:45,100
1116,1117,2020-7-20 17:00,94
1117,1118,2020-7-20 17:15,89
1118,1119,2020-7-20 17:30,86
1119,1120,2020-7-20 17:45,87
1120,1121,2020-7-20 18:00,90
1121,1122,2020-7-20 18:15,94
1122,1123,2020-7-20 18:30,95
1123,1124,2020-7-20 18:45,99
1124,1125,2020-7-20 19:00,127
1125,1126,2020-7-20 19:15,170
1126,1127,2020-7-20 19:30,205
1127,1128,2020-7-20 19:45,198
1128,1129,2020-7-20 20:00,185
1129,1130,2020-7-20 20:15,172
1130,1131,2020-7-20 20:30,164
1131,1132,2020-7-20 20:45,165
1132,1133,2020-7-20 21:00,158
1133,1134,2020-7-20 21:15,150
1134,1135,2020-7-20 21:30,117
1135,1136,2020-7-21 00:00,99
1136,1137,2020-7-21 00:15,94
1137,1138,2020-7-21 00:30,89
1138,1139,2020-7-21 00:45,87
1139,1140,2020-7-21 01:00,87
1140,1141,2020-7-21 01:15,87
1141,1142,2020-7-21 01:30,88
1142,1143,2020-7-21 01:45,91
1143,1144,2020-7-21 02:00,94
1144,1145,2020-7-21 02:15,93
1145,1146,2020-7-21 02:30,92
1146,1147,2020-7-21 02:45,98
1147,1148,2020-7-21 03:00,97
1148,1149,2020-7-21 03:15,92
1149,1150,2020-7-21 03:30,91
1150,1151,2020-7-21 03:45,89
1151,1152,2020-7-21 04:00,91
1152,1153,2020-7-21 04:15,96
1153,1154,2020-7-21 04:30,103
1154,1155,2020-7-21 04:45,103
1155,1156,2020-7-21 05:00,98
1156,1157,2020-7-21 05:15,98
1157,1158,2020-7-21 05:30,96
1158,1159,2020-7-21 05:45,88
1159,1160,2020-7-21 06:00,84
1160,1161,2020-7-21 06:15,91
1161,1162,2020-7-21 06:30,94
1162,1163,2020-7-21 06:45,90
1163,1164,2020-7-21 07:00,93
1164,1165,2020-7-21 07:15,101
1165,1166,2020-7-21 07:30,104
1166,1167,2020-7-21 07:45,109
1167,1168,2020-7-21 08:00,124
1168,1169,2020-7-21 08:15,157
1169,1170,2020-7-21 08:30,193
1170,1171,2020-7-21 08:45,213
1171,1172,2020-7-21 09:00,230
1172,1173,2020-7-21 09:15,214
1173,1174,2020-7-21 09:30,185
1174,1175,2020-7-21 09:45,181
1175,1176,2020-7-21 10:00,179
1176,1177,2020-7-21 10:15,167
1177,1178,2020-7-21 10:30,158
1178,1179,2020-7-21 10:45,152
1179,1180,2020-7-21 11:00,132
1180,1181,2020-7-21 11:15,107
1181,1182,2020-7-21 11:30,102
1182,1183,2020-7-21 11:45,92
1183,1184,2020-7-21 12:00,81
1184,1185,2020-7-21 12:15,77
1185,1186,2020-7-21 12:30,86
1186,1187,2020-7-21 12:45,86
1187,1188,2020-7-21 13:00,86
1188,1189,2020-7-21 13:15,96
1189,1190,2020-7-21 13:30,96
1190,1191,2020-7-21 13:45,94
1191,1192,2020-7-21 14:00,101
1192,1193,2020-7-21 14:15,103
1193,1194,2020-7-21 14:30,103
1194,1195,2020-7-21 14:45,101
1195,1196,2020-7-21 15:00,98
1196,1197,2020-7-21 15:15,105
1197,1198,2020-7-21 15:30,135
1198,1199,2020-7-21 15:45,151
1199,1200,2020-7-21 16:00,128
1200,1201,2020-7-21 16:15,105
1201,1202,2020-7-21 16:30,102
1202,1203,2020-7-21 16:45,106
1203,1204,2020-7-21 17:00,110
1204,1205,2020-7-21 17:30,117
1205,1206,2020-7-21 17:45,118
1206,1207,2020-7-21 18:00,113
1207,1208,2020-7-21 18:15,109
1208,1209,2020-7-21 18:30,105
1209,1210,2020-7-21 18:45,101
1210,1211,2020-7-21 19:00,97
1211,1212,2020-7-21 19:15,98
1212,1213,2020-7-21 19:30,99
1213,1214,2020-7-21 19:45,98
1214,1215,2020-7-21 20:00,93
1215,1216,2020-7-21 20:15,97
1216,1217,2020-7-21 20:30,112
1217,1218,2020-7-21 20:45,113
1218,1219,2020-7-21 21:00,118
1219,1220,2020-7-21 21:15,136
1220,1221,2020-7-21 21:30,150
1221,1222,2020-7-21 21:45,144
1222,1223,2020-7-21 22:00,147
1223,1224,2020-7-21 22:15,165
1224,1225,2020-7-21 22:30,179
1225,1226,2020-7-21 22:45,185
1226,1227,2020-7-21 23:00,185
1227,1228,2020-7-21 23:15,171
1228,1229,2020-7-21 23:30,157
1229,1230,2020-7-21 23:45,153
1230,1231,2020-7-21 00:00,134
1231,1232,2020-7-22 00:15,126
1232,1233,2020-7-22 00:30,125
1233,1234,2020-7-22 00:45,123
1234,1235,2020-7-22 01:00,119
1235,1236,2020-7-22 01:15,116
1236,1237,2020-7-22 01:30,113
1237,1238,2020-7-22 01:45,112
1238,1239,2020-7-22 02:00,109
1239,1240,2020-7-22 02:15,107
1240,1241,2020-7-22 02:30,108
1241,1242,2020-7-22 02:45,107
1242,1243,2020-7-22 03:00,105
1243,1244,2020-7-22 03:15,98
1244,1245,2020-7-22 03:30,94
1245,1246,2020-7-22 03:45,98
1246,1247,2020-7-22 04:00,99
1247,1248,2020-7-22 04:15,98
1248,1249,2020-7-22 04:30,98
1249,1250,2020-7-22 04:45,97
1250,1251,2020-7-22 05:00,96
1251,1252,2020-7-22 05:15,93
1252,1253,2020-7-22 05:30,91
1253,1254,2020-7-22 05:45,95
1254,1255,2020-7-22 06:00,98
1255,1256,2020-7-22 06:15,98
1256,1257,2020-7-22 06:30,100
1257,1258,2020-7-22 06:45,104
1258,1259,2020-7-22 07:00,110
1259,1260,2020-7-22 07:15,116
1260,1261,2020-7-22 07:30,125
1261,1262,2020-7-22 07:45,156
1262,1263,2020-7-22 08:00,176
1263,1264,2020-7-22 08:15,162
1264,1265,2020-7-22 08:30,149
1265,1266,2020-7-22 08:45,148
1266,1267,2020-7-22 09:00,148
1267,1268,2020-7-22 09:15,144
1268,1269,2020-7-22 09:30,137
1269,1270,2020-7-22 09:45,139
1270,1271,2020-7-22 10:00,137
1271,1272,2020-7-22 10:15,125
1272,1273,2020-7-22 10:30,112
1273,1274,2020-7-22 10:45,103
1274,1275,2020-7-22 11:00,95
1275,1276,2020-7-22 11:15,90
1276,1277,2020-7-22 11:30,85
1277,1278,2020-7-22 11:45,88
1278,1279,2020-7-22 12:00,91
1279,1280,2020-7-22 12:15,90
1280,1281,2020-7-22 12:30,100
1281,1282,2020-7-22 12:45,117
1282,1283,2020-7-23 13:45,118
1283,1284,2020-7-23 14:00,114
1284,1285,2020-7-23 14:15,108
1285,1286,2020-7-23 14:30,102
1286,1287,2020-7-23 14:45,97
1287,1288,2020-7-23 15:00,97
1288,1289,2020-7-23 15:15,95
1289,1290,2020-7-23 15:30,91
1290,1291,2020-7-23 15:45,89
1291,1292,2020-7-23 16:00,85
1292,1293,2020-7-23 16:15,81
1293,1294,2020-7-23 16:30,83
1294,1295,2020-7-23 16:45,93
1295,1296,2020-7-23 17:00,93
1296,1297,2020-7-23 17:15,87
1297,1298,2020-7-23 17:30,86
1298,1299,2020-7-23 17:45,84
1299,1300,2020-7-23 18:00,83
1300,1301,2020-7-23 18:15,83
1301,1302,2020-7-23 18:30,83
1302,1303,2020-7-23 18:45,82
1303,1304,2020-7-23 19:00,82
1304,1305,2020-7-23 19:15,84
1305,1306,2020-7-23 19:30,83
1306,1307,2020-7-23 19:45,96
1307,1308,2020-7-23 20:00,114
1308,1309,2020-7-23 20:15,129
1309,1310,2020-7-23 20:30,147
1310,1311,2020-7-23 20:45,151
1311,1312,2020-7-23 21:00,156
1312,1313,2020-7-23 21:15,168
1313,1314,2020-7-23 21:30,157
1314,1315,2020-7-23 21:45,159
1315,1316,2020-7-23 22:00,155
1316,1317,2020-7-23 22:15,134
1317,1318,2020-7-23 22:30,133
1318,1319,2020-7-23 22:45,130
1319,1320,2020-7-23 23:00,121
1320,1321,2020-7-23 23:15,115
1321,1322,2020-7-23 23:30,108
1322,1323,2020-7-23 23:45,109
1323,1324,2020-7-24 00:00,111
1324,1325,2020-7-24 00:15,111
1325,1326,2020-7-24 00:30,112
1326,1327,2020-7-24 00:45,104
1327,1328,2020-7-24 01:00,98
1328,1329,2020-7-24 01:15,104
1329,1330,2020-7-24 01:30,111
1330,1331,2020-7-24 01:45,104
1331,1332,2020-7-24 02:00,86
1332,1333,2020-7-24 02:15,85
1333,1334,2020-7-24 02:30,107
1334,1335,2020-7-24 02:45,114
1335,1336,2020-7-24 03:00,109
1336,1337,2020-7-24 03:15,104
1337,1338,2020-7-24 03:30,104
1338,1339,2020-7-24 03:45,104
1339,1340,2020-7-24 04:00,102
1340,1341,2020-7-24 04:15,98
1341,1342,2020-7-24 04:30,97
1342,1343,2020-7-24 04:45,100
1343,1344,2020-7-24 05:00,107
1344,1345,2020-7-24 05:15,107
1345,1346,2020-7-24 05:30,107
1346,1347,2020-7-24 05:45,112
1347,1348,2020-7-24 06:00,117
1348,1349,2020-7-24 06:15,111
1349,1350,2020-7-24 06:30,102
1350,1351,2020-7-24 06:45,101
1351,1352,2020-7-24 07:00,103
1352,1353,2020-7-24 07:15,104
1353,1354,2020-7-24 07:30,107
1354,1355,2020-7-24 07:45,110
1355,1356,2020-7-24 08:00,115
1356,1357,2020-7-24 08:15,122
1357,1358,2020-7-24 08:30,122
1358,1359,2020-7-24 08:45,120
1359,1360,2020-7-24 09:00,121
1360,1361,2020-7-24 09:15,125
1361,1362,2020-7-24 09:30,125
1362,1363,2020-7-24 09:45,121
1363,1364,2020-7-24 10:00,118
1364,1365,2020-7-24 10:15,118
1365,1366,2020-7-24 10:30,120
1366,1367,2020-7-24 10:45,116
1367,1368,2020-7-24 11:00,109
1368,1369,2020-7-24 11:15,109
1369,1370,2020-7-24 11:30,116
1370,1371,2020-7-24 11:45,113
1371,1372,2020-7-24 12:00,112
1372,1373,2020-7-24 12:15,151
1373,1374,2020-7-24 12:30,190
1374,1375,2020-7-24 12:45,200
1375,1376,2020-7-24 13:00,193
1376,1377,2020-7-24 13:15,179
1377,1378,2020-7-24 13:30,163
1378,1379,2020-7-24 13:45,145
1379,1380,2020-7-24 14:00,129
1380,1381,2020-7-24 14:15,115
1381,1382,2020-7-24 14:30,108
1382,1383,2020-7-24 14:45,111
1383,1384,2020-7-24 15:00,115
1384,1385,2020-7-24 15:15,126
1385,1386,2020-7-24 15:30,137
1386,1387,2020-7-24 15:45,140
1387,1388,2020-7-24 16:00,132
1388,1389,2020-7-24 16:15,119
1389,1390,2020-7-24 16:30,114
1390,1391,2020-7-24 16:45,119
1391,1392,2020-7-24 17:00,119
1392,1393,2020-7-24 17:15,116
1393,1394,2020-7-24 17:30,113
1394,1395,2020-7-24 17:45,94
1395,1396,2020-7-24 18:00,83
1396,1397,2020-7-24 18:15,91
1397,1398,2020-7-24 18:30,116
1398,1399,2020-7-24 18:45,141
1399,1400,2020-7-24 19:00,136
1400,1401,2020-7-24 19:15,120
1401,1402,2020-7-24 19:30,130
1402,1403,2020-7-24 19:45,145
1403,1404,2020-7-24 20:00,144
1404,1405,2020-7-24 20:15,137
1405,1406,2020-7-24 20:30,129
1406,1407,2020-7-24 20:45,117
1407,1408,2020-7-24 21:00,109
1408,1409,2020-7-24 21:15,107
1409,1410,2020-7-24 21:30,112
1410,1411,2020-7-24 21:45,118
1411,1412,2020-7-24 22:00,119
1412,1413,2020-7-24 22:15,117
1413,1414,2020-7-24 22:30,114
1414,1415,2020-7-24 22:45,112
1415,1416,2020-7-24 23:00,111
1416,1417,2020-7-24 23:15,111
1417,1418,2020-7-24 23:30,109
1418,1419,2020-7-24 23:45,107
1419,1420,2020-7-25 00:00,106
1420,1421,2020-7-25 00:15,105
1421,1422,2020-7-25 00:30,110
1422,1423,2020-7-25 00:45,110
1423,1424,2020-7-25 01:00,109
1424,1425,2020-7-25 01:15,111
1425,1426,2020-7-25 01:30,110
1426,1427,2020-7-25 01:45,111
1427,1428,2020-7-25 02:00,112
1428,1429,2020-7-25 02:15,111
1429,1430,2020-7-25 02:30,111
1430,1431,2020-7-25 02:45,110
1431,1432,2020-7-25 03:00,108
1432,1433,2020-7-25 03:15,108
1433,1434,2020-7-25 03:30,106
1434,1435,2020-7-25 03:45,106
1435,1436,2020-7-25 04:00,106
1436,1437,2020-7-25 04:15,104
1437,1438,2020-7-25 04:30,105
1438,1439,2020-7-25 04:45,107
1439,1440,2020-7-25 05:00,108
1440,1441,2020-7-25 05:15,110
1441,1442,2020-7-25 05:30,113
1442,1443,2020-7-25 05:45,116
1443,1444,2020-7-25 06:00,115
1444,1445,2020-7-25 06:15,118
1445,1446,2020-7-25 06:30,120
1446,1447,2020-7-25 06:45,121
1447,1448,2020-7-25 07:00,121
1448,1449,2020-7-25 07:15,119
1449,1450,2020-7-25 07:30,116
1450,1451,2020-7-25 07:45,116
1451,1452,2020-7-25 08:00,117
1452,1453,2020-7-25 08:15,115
1453,1454,2020-7-25 08:30,111
1454,1455,2020-7-25 08:45,109
1455,1456,2020-7-25 09:00,111
1456,1457,2020-7-25 09:15,114
1457,1458,2020-7-25 09:30,117
1458,1459,2020-7-25 09:45,117
1459,1460,2020-7-25 10:00,115
1460,1461,2020-7-25 10:15,113
1461,1462,2020-7-25 10:30,113
1462,1463,2020-7-25 10:45,112
1463,1464,2020-7-25 11:00,114
1464,1465,2020-7-25 11:15,116
1465,1466,2020-7-25 11:30,120
1466,1467,2020-7-25 11:45,146
1467,1468,2020-7-25 12:00,183
1468,1469,2020-7-25 12:15,200
1469,1470,2020-7-25 12:30,216
1470,1471,2020-7-25 12:45,225
1471,1472,2020-7-25 13:00,228
1472,1473,2020-7-25 13:15,225
1473,1474,2020-7-25 13:30,217
1474,1475,2020-7-25 13:45,207
1475,1476,2020-7-25 14:00,198
1476,1477,2020-7-25 14:15,194
1477,1478,2020-7-25 14:30,187
1478,1479,2020-7-25 14:45,165
1479,1480,2020-7-25 15:00,131
1480,1481,2020-7-25 15:15,96
1481,1482,2020-7-25 15:30,73
1482,1483,2020-7-25 15:45,64
1483,1484,2020-7-25 16:00,65
1484,1485,2020-7-25 16:15,65
1485,1486,2020-7-25 16:30,71
1486,1487,2020-7-25 16:45,74
1487,1488,2020-7-25 17:00,73
1488,1489,2020-7-25 17:15,78
1489,1490,2020-7-25 17:30,85
1490,1491,2020-7-25 17:45,82
1491,1492,2020-7-25 18:00,83
1492,1493,2020-7-25 18:15,88
1493,1494,2020-7-25 18:30,95
1494,1495,2020-7-25 18:45,99
1495,1496,2020-7-25 19:00,99
1496,1497,2020-7-25 19:15,98
1497,1498,2020-7-25 19:30,101
1498,1499,2020-7-25 19:45,113
1499,1500,2020-7-25 20:00,121
1500,1501,2020-7-25 20:15,116
1501,1502,2020-7-25 20:30,113
1502,1503,2020-7-25 20:45,110
1503,1504,2020-7-25 21:00,108
1504,1505,2020-7-25 21:15,112
1505,1506,2020-7-25 21:30,110
1506,1507,2020-7-25 21:45,108
1507,1508,2020-7-25 22:00,107
1508,1509,2020-7-25 22:15,103
1509,1510,2020-7-25 22:30,101
1510,1511,2020-7-25 22:45,101
1511,1512,2020-7-25 23:00,99
1512,1513,2020-7-25 23:15,97
1513,1514,2020-7-25 23:30,99
1514,1515,2020-7-25 23:45,98
1515,1516,2020-7-26 00:00,95
1516,1517,2020-7-26 00:15,96
1517,1518,2020-7-26 00:30,97
1518,1519,2020-7-26 00:45,93
1519,1520,2020-7-26 01:00,88
1520,1521,2020-7-26 01:15,90
1521,1522,2020-7-26 01:30,93
1522,1523,2020-7-26 01:45,95
1523,1524,2020-7-26 02:00,95
1524,1525,2020-7-26 02:15,92
1525,1526,2020-7-26 02:30,89
1526,1527,2020-7-26 02:45,85
1527,1528,2020-7-26 03:00,86
1528,1529,2020-7-26 03:15,90
1529,1530,2020-7-26 03:30,91
1530,1531,2020-7-26 03:45,92
1531,1532,2020-7-26 04:00,93
1532,1533,2020-7-26 04:15,91
1533,1534,2020-7-26 04:30,84
1534,1535,2020-7-26 04:45,81
1535,1536,2020-7-26 05:00,86
1536,1537,2020-7-26 05:15,93
1537,1538,2020-7-26 05:30,94
1538,1539,2020-7-26 05:45,94
1539,1540,2020-7-26 06:00,95
1540,1541,2020-7-26 06:15,92
1541,1542,2020-7-26 06:30,104
1542,1543,2020-7-26 06:45,131
1543,1544,2020-7-26 07:00,150
1544,1545,2020-7-26 07:15,165
1545,1546,2020-7-26 07:30,176
1546,1547,2020-7-26 07:45,194
1547,1548,2020-7-26 08:00,192
1548,1549,2020-7-26 08:15,188
1549,1550,2020-7-26 08:30,191
1550,1551,2020-7-26 08:45,193
1551,1552,2020-7-26 09:00,189
1552,1553,2020-7-26 09:15,177
1553,1554,2020-7-26 09:30,162
1554,1555,2020-7-26 09:45,130
1555,1556,2020-7-26 10:00,106
1556,1557,2020-7-26 10:15,112
1557,1558,2020-7-26 10:30,112
1558,1559,2020-7-26 10:45,115
1559,1560,2020-7-26 11:00,122
1560,1561,2020-7-26 11:15,121
1561,1562,2020-7-26 11:30,118
1562,1563,2020-7-26 11:45,114
1563,1564,2020-7-26 12:00,110
1564,1565,2020-7-26 12:15,111
1565,1566,2020-7-26 12:30,115
1566,1567,2020-7-26 12:45,121
1567,1568,2020-7-26 13:00,122
1568,1569,2020-7-26 13:15,122
1569,1570,2020-7-26 13:30,119
1570,1571,2020-7-26 13:45,110
1571,1572,2020-7-26 14:00,100
1572,1573,2020-7-26 14:15,96
1573,1574,2020-7-26 14:30,90
1574,1575,2020-7-26 14:45,91
1575,1576,2020-7-26 15:00,94
1576,1577,2020-7-26 15:15,92
1577,1578,2020-7-26 15:30,90
1578,1579,2020-7-26 15:45,88
1579,1580,2020-7-26 16:00,88
1580,1581,2020-7-26 16:15,92
1581,1582,2020-7-26 16:30,91
1582,1583,2020-7-26 16:45,91
1583,1584,2020-7-26 17:00,90
1584,1585,2020-7-26 17:15,90
1585,1586,2020-7-26 17:30,90
1586,1587,2020-7-26 17:45,90
1587,1588,2020-7-26 18:00,94
1588,1589,2020-7-26 18:15,90
1589,1590,2020-7-26 18:30,89
1590,1591,2020-7-26 18:45,89
1591,1592,2020-7-26 19:00,91
1592,1593,2020-7-26 19:15,91
1593,1594,2020-7-26 19:30,91
1594,1595,2020-7-26 19:45,94
1595,1596,2020-7-26 20:00,95
1596,1597,2020-7-26 20:15,88
1597,1598,2020-7-26 20:30,93
1598,1599,2020-7-26 20:45,95
1599,1600,2020-7-26 21:00,101
1600,1601,2020-7-26 21:15,108
1601,1602,2020-7-26 21:30,117
1602,1603,2020-7-26 21:45,124
1603,1604,2020-7-26 22:00,132
1604,1605,2020-7-26 22:15,137
1605,1606,2020-7-26 22:30,137
1606,1607,2020-7-26 22:45,134
1607,1608,2020-7-26 23:00,133
1608,1609,2020-7-26 23:15,135
1609,1610,2020-7-26 23:30,128
1610,1611,2020-7-26 23:45,123
1611,1612,2020-7-27 00:00,118
1612,1613,2020-7-27 00:15,114
1613,1614,2020-7-27 00:30,109
1614,1615,2020-7-27 00:45,105
1615,1616,2020-7-27 01:00,103
1616,1617,2020-7-27 01:15,103
1617,1618,2020-7-27 01:30,102
1618,1619,2020-7-27 01:45,101
1619,1620,2020-7-27 02:00,101
1620,1621,2020-7-27 02:15,100
1621,1622,2020-7-27 02:30,98
1622,1623,2020-7-27 02:45,93
1623,1624,2020-7-27 03:00,91
1624,1625,2020-7-27 03:15,93
1625,1626,2020-7-27 03:30,94
1626,1627,2020-7-27 03:45,94
1627,1628,2020-7-27 04:00,92
1628,1629,2020-7-27 04:15,93
1629,1630,2020-7-27 04:30,93
1630,1631,2020-7-27 04:45,95
1631,1632,2020-7-27 05:00,95
1632,1633,2020-7-27 05:15,94
1633,1634,2020-7-27 05:30,96
1634,1635,2020-7-27 05:45,95
1635,1636,2020-7-27 06:00,91
1636,1637,2020-7-27 06:15,89
1637,1638,2020-7-27 06:30,91
1638,1639,2020-7-27 06:45,91
1639,1640,2020-7-27 07:00,92
1640,1641,2020-7-27 07:15,95
1641,1642,2020-7-27 07:30,96
1642,1643,2020-7-27 07:45,98
1643,1644,2020-7-27 08:00,119
1644,1645,2020-7-27 08:15,150
1645,1646,2020-7-27 08:30,179
1646,1647,2020-7-27 08:45,188
1647,1648,2020-7-27 09:00,184
1648,1649,2020-7-27 09:15,188
1649,1650,2020-7-27 09:30,204
1650,1651,2020-7-27 09:45,212
1651,1652,2020-7-27 10:00,205
1652,1653,2020-7-27 10:15,186
1653,1654,2020-7-27 10:30,154
1654,1655,2020-7-27 10:45,133
1655,1656,2020-7-27 11:00,121
1656,1657,2020-7-27 11:15,112
1657,1658,2020-7-27 11:30,101
1658,1659,2020-7-27 11:45,102
1659,1660,2020-7-27 12:00,111
1660,1661,2020-7-27 12:15,110
1661,1662,2020-7-27 12:30,100
1662,1663,2020-7-27 12:45,99
1663,1664,2020-7-27 13:00,109
1664,1665,2020-7-27 13:15,117
1665,1666,2020-7-27 13:30,113
1666,1667,2020-7-27 13:45,101
1667,1668,2020-7-27 14:00,86
1668,1669,2020-7-27 14:15,92
1669,1670,2020-7-27 14:30,100
1670,1671,2020-7-27 14:45,105
1671,1672,2020-7-27 15:00,111
1672,1673,2020-7-27 15:15,111
1673,1674,2020-7-27 15:30,109
1674,1675,2020-7-27 15:45,107
1675,1676,2020-7-27 16:00,106
1676,1677,2020-7-27 16:15,104
1677,1678,2020-7-27 16:30,106
1678,1679,2020-7-27 16:45,105
1679,1680,2020-7-27 17:00,107
1680,1681,2020-7-27 17:15,102
1681,1682,2020-7-27 17:30,100
1682,1683,2020-7-27 17:45,100
1683,1684,2020-7-27 18:00,100
1684,1685,2020-7-27 18:15,101
1685,1686,2020-7-27 18:30,101
1686,1687,2020-7-27 18:45,105
1687,1688,2020-7-27 19:00,116
1688,1689,2020-7-27 19:15,124
1689,1690,2020-7-27 19:30,128
1690,1691,2020-7-27 19:45,127
1691,1692,2020-7-27 20:00,129
1692,1693,2020-7-27 20:15,141
1693,1694,2020-7-27 20:30,162
1694,1695,2020-7-27 20:45,169
1695,1696,2020-7-27 21:00,172
1696,1697,2020-7-27 21:15,162
1697,1698,2020-7-27 21:30,146
1698,1699,2020-7-27 21:45,122
1699,1700,2020-7-27 22:15,125
1700,1701,2020-7-27 22:30,123
1701,1702,2020-7-27 22:45,134
1702,1703,2020-7-27 23:00,144
1703,1704,2020-7-27 23:15,144
1704,1705,2020-7-27 23:30,141
1705,1706,2020-7-27 23:45,135
1706,1707,2020-7-28 00:00,130
1707,1708,2020-7-28 00:15,125
1708,1709,2020-7-28 00:30,119
1709,1710,2020-7-28 00:45,113
1710,1711,2020-7-28 01:00,108
1711,1712,2020-7-28 01:15,107
1712,1713,2020-7-28 01:30,106
1713,1714,2020-7-28 01:45,100
1714,1715,2020-7-28 02:00,99
1715,1716,2020-7-28 02:15,109
1716,1717,2020-7-28 02:30,115
1717,1718,2020-7-28 02:45,107
1718,1719,2020-7-28 03:00,100
1719,1720,2020-7-28 03:15,103
1720,1721,2020-7-28 03:30,106
1721,1722,2020-7-28 03:45,105
1722,1723,2020-7-28 04:00,103
1723,1724,2020-7-28 04:15,94
1724,1725,2020-7-28 04:30,93
1725,1726,2020-7-28 04:45,105
1726,1727,2020-7-28 05:00,99
1727,1728,2020-7-28 05:15,87
1728,1729,2020-7-28 05:30,92
1729,1730,2020-7-28 05:45,103
1730,1731,2020-7-28 06:00,103
1731,1732,2020-7-28 06:15,102
1732,1733,2020-7-28 06:30,99
1733,1734,2020-7-28 06:45,101
1734,1735,2020-7-28 07:00,102
1735,1736,2020-7-28 07:15,103
1736,1737,2020-7-28 07:30,108
1737,1738,2020-7-28 07:45,106
1738,1739,2020-7-28 08:00,105
1739,1740,2020-7-28 08:15,104
1740,1741,2020-7-28 08:30,105
1741,1742,2020-7-28 08:45,107
1742,1743,2020-7-28 09:00,106
1743,1744,2020-7-28 09:15,107
1744,1745,2020-7-28 09:30,107
1745,1746,2020-7-28 09:45,106
1746,1747,2020-7-28 10:00,113
1747,1748,2020-7-28 10:15,123
1748,1749,2020-7-28 10:30,123
1749,1750,2020-7-28 10:45,122
1750,1751,2020-7-28 11:00,128
1751,1752,2020-7-28 11:15,144
1752,1753,2020-7-28 11:30,170
1753,1754,2020-7-28 11:45,177
1754,1755,2020-7-28 12:00,172
1755,1756,2020-7-28 12:15,170
1756,1757,2020-7-28 12:30,155
1757,1758,2020-7-28 12:45,134
1758,1759,2020-7-28 13:00,123
1759,1760,2020-7-28 13:15,123
1760,1761,2020-7-28 13:30,131
1761,1762,2020-7-28 13:45,135
1762,1763,2020-7-28 14:00,130
1763,1764,2020-7-28 14:15,131
1764,1765,2020-7-28 14:30,139
1765,1766,2020-7-28 14:45,139
1766,1767,2020-7-28 15:00,131
1767,1768,2020-7-28 15:15,125
1768,1769,2020-7-28 15:30,121
1769,1770,2020-7-28 15:45,126
1770,1771,2020-7-28 16:00,121
1771,1772,2020-7-28 16:15,110
1772,1773,2020-7-28 16:30,121
1773,1774,2020-7-28 16:45,130
1774,1775,2020-7-28 17:00,123
1775,1776,2020-7-28 17:15,117
1776,1777,2020-7-28 17:30,123
1777,1778,2020-7-28 17:45,131
1778,1779,2020-7-28 18:00,128
1779,1780,2020-7-28 18:15,106
1780,1781,2020-7-28 18:30,78
1781,1782,2020-7-28 18:45,75
1782,1783,2020-7-28 19:00,82
1783,1784,2020-7-28 19:15,90
1784,1785,2020-7-28 19:30,88
1785,1786,2020-7-28 19:45,92
1786,1787,2020-7-28 20:00,95
1787,1788,2020-7-28 20:15,97
1788,1789,2020-7-28 20:30,97
1789,1790,2020-7-28 20:45,99
1790,1791,2020-7-28 21:00,99
1791,1792,2020-7-28 21:15,95
1792,1793,2020-7-28 21:30,94
1793,1794,2020-7-28 22:30,92
1794,1795,2020-7-28 22:45,92
1795,1796,2020-7-28 23:00,89
1796,1797,2020-7-28 23:15,89
1797,1798,2020-7-28 23:30,93
1798,1799,2020-7-28 23:45,94
1799,1800,2020-7-29 00:00,94
1800,1801,2020-7-29 00:15,95
1801,1802,2020-7-29 00:30,97
1802,1803,2020-7-29 00:45,95
1803,1804,2020-7-29 01:00,94
1804,1805,2020-7-29 01:15,95
1805,1806,2020-7-29 01:30,94
1806,1807,2020-7-29 01:45,94
1807,1808,2020-7-29 02:00,92
1808,1809,2020-7-29 02:15,87
1809,1810,2020-7-29 02:30,88
1810,1811,2020-7-29 02:45,91
1811,1812,2020-7-29 03:00,90
1812,1813,2020-7-29 03:15,88
1813,1814,2020-7-29 03:30,90
1814,1815,2020-7-29 03:45,89
1815,1816,2020-7-29 04:00,87
1816,1817,2020-7-29 04:15,83
1817,1818,2020-7-29 04:30,86
1818,1819,2020-7-29 04:45,91
1819,1820,2020-7-29 05:00,91
1820,1821,2020-7-29 05:15,89
1821,1822,2020-7-29 05:30,90
1822,1823,2020-7-29 05:45,94
1823,1824,2020-7-29 06:00,94
1824,1825,2020-7-29 06:15,92
1825,1826,2020-7-29 06:30,92
1826,1827,2020-7-29 06:45,96
1827,1828,2020-7-29 07:00,101
1828,1829,2020-7-29 07:15,117
1829,1830,2020-7-29 07:30,139
1830,1831,2020-7-29 07:45,167
1831,1832,2020-7-29 08:00,177
1832,1833,2020-7-29 08:15,179
1833,1834,2020-7-29 08:30,174
1834,1835,2020-7-29 08:45,166
1835,1836,2020-7-29 09:00,170
1836,1837,2020-7-29 09:15,170
1837,1838,2020-7-29 09:30,156
1838,1839,2020-7-29 09:45,140
1839,1840,2020-7-29 10:00,127
1840,1841,2020-7-29 10:15,115
1841,1842,2020-7-29 10:30,101
1842,1843,2020-7-29 10:45,98
1843,1844,2020-7-29 11:00,100
1844,1845,2020-7-29 11:15,97
1845,1846,2020-7-29 11:30,98
1846,1847,2020-7-29 11:45,104
1847,1848,2020-7-29 12:00,101
1848,1849,2020-7-29 12:15,89
1849,1850,2020-7-29 12:30,87
1850,1851,2020-7-29 12:45,88
1851,1852,2020-7-29 13:00,86
1852,1853,2020-7-29 13:15,83
1853,1854,2020-7-29 13:30,80
1854,1855,2020-7-29 13:45,94
1855,1856,2020-7-29 14:00,102
1856,1857,2020-7-29 14:15,102
1857,1858,2020-7-29 14:30,99
1858,1859,2020-7-29 14:45,96
1859,1860,2020-7-29 15:00,87
1860,1861,2020-7-29 15:15,84
1861,1862,2020-7-29 15:30,91
1862,1863,2020-7-29 15:45,96
1863,1864,2020-7-29 16:00,93
1864,1865,2020-7-29 16:15,90
1865,1866,2020-7-29 16:30,91
1866,1867,2020-7-29 16:45,92
1867,1868,2020-7-29 17:00,88
1868,1869,2020-7-29 17:15,86
1869,1870,2020-7-29 17:30,89
1870,1871,2020-7-29 17:45,87
1871,1872,2020-7-29 18:00,81
1872,1873,2020-7-29 18:15,79
1873,1874,2020-7-29 18:30,79
1874,1875,2020-7-29 18:45,83
1875,1876,2020-7-29 19:00,83
1876,1877,2020-7-29 19:15,82
1877,1878,2020-7-29 19:30,80
1878,1879,2020-7-29 19:45,83
1879,1880,2020-7-29 20:00,92
1880,1881,2020-7-29 20:15,115
1881,1882,2020-7-29 20:30,151
1882,1883,2020-7-29 20:45,142
1883,1884,2020-7-29 21:00,127
1884,1885,2020-7-29 21:15,121
1885,1886,2020-7-29 21:30,127
1886,1887,2020-7-29 21:45,131
1887,1888,2020-7-29 22:00,126
1888,1889,2020-7-29 22:15,112
1889,1890,2020-7-29 22:30,96
1890,1891,2020-7-29 22:45,94
1891,1892,2020-7-29 23:30,94
1892,1893,2020-7-29 23:45,93
1893,1894,2020-7-30 00:00,90
1894,1895,2020-7-30 00:15,89
1895,1896,2020-7-30 00:30,89
1896,1897,2020-7-30 00:45,87
1897,1898,2020-7-30 01:00,85
1898,1899,2020-7-30 01:15,83
1899,1900,2020-7-30 01:30,82
1900,1901,2020-7-30 01:45,82
1901,1902,2020-7-30 02:00,79
1902,1903,2020-7-30 02:15,76
1903,1904,2020-7-30 02:30,76
1904,1905,2020-7-30 02:45,78
1905,1906,2020-7-30 03:00,80
1906,1907,2020-7-30 03:15,79
1907,1908,2020-7-30 03:30,78
1908,1909,2020-7-30 03:45,78
1909,1910,2020-7-30 04:00,76
1910,1911,2020-7-30 04:15,76
1911,1912,2020-7-30 04:30,79
1912,1913,2020-7-30 04:45,79
1913,1914,2020-7-30 05:00,78
1914,1915,2020-7-30 05:15,78
1915,1916,2020-7-30 05:30,81
1916,1917,2020-7-30 05:45,81
1917,1918,2020-7-30 06:00,81
1918,1919,2020-7-30 06:15,81
1919,1920,2020-7-30 06:30,83
1920,1921,2020-7-30 06:45,86
1921,1922,2020-7-30 07:00,85
1922,1923,2020-7-30 07:15,87
1923,1924,2020-7-30 07:30,105
1924,1925,2020-7-30 07:45,139
1925,1926,2020-7-30 08:00,149
1926,1927,2020-7-30 08:15,151
1927,1928,2020-7-30 08:30,157
1928,1929,2020-7-30 08:45,161
1929,1930,2020-7-30 09:00,167
1930,1931,2020-7-30 09:15,168
1931,1932,2020-7-30 09:30,164
1932,1933,2020-7-30 09:45,154
1933,1934,2020-7-30 10:00,135
1934,1935,2020-7-30 10:15,122
1935,1936,2020-7-30 10:30,114
1936,1937,2020-7-30 10:45,105
1937,1938,2020-7-30 11:00,102
1938,1939,2020-7-30 11:15,97
1939,1940,2020-7-30 11:30,96
1940,1941,2020-7-30 11:45,99
1941,1942,2020-7-30 12:00,108
1942,1943,2020-7-30 12:15,121
1943,1944,2020-7-30 12:30,120
1944,1945,2020-7-30 12:45,118
1945,1946,2020-7-30 13:00,112
1946,1947,2020-7-30 13:15,107
1947,1948,2020-7-30 13:30,104
1948,1949,2020-7-30 13:45,101
1949,1950,2020-7-30 14:00,102
1950,1951,2020-7-30 14:15,103
1951,1952,2020-7-30 14:30,105
1952,1953,2020-7-30 14:45,102
1953,1954,2020-7-30 15:00,98
1954,1955,2020-7-30 15:15,94
1955,1956,2020-7-30 15:30,93
1956,1957,2020-7-30 15:45,96
1957,1958,2020-7-30 16:00,101
1958,1959,2020-7-30 16:15,102
1959,1960,2020-7-30 16:30,100
1960,1961,2020-7-30 16:45,100
1961,1962,2020-7-30 17:00,101
1962,1963,2020-7-30 17:15,99
1963,1964,2020-7-30 17:30,95
1964,1965,2020-7-30 17:45,95
1965,1966,2020-7-30 18:00,99
1966,1967,2020-7-30 18:15,99
1967,1968,2020-7-30 18:30,98
1968,1969,2020-7-30 18:45,102
1969,1970,2020-7-30 19:00,113
1970,1971,2020-7-30 19:15,133
1971,1972,2020-7-30 19:30,157
1972,1973,2020-7-30 19:45,173
1973,1974,2020-7-30 20:00,182
1974,1975,2020-7-30 20:15,189
1975,1976,2020-7-30 20:30,169
1976,1977,2020-7-30 20:45,138
1977,1978,2020-7-30 21:00,128
1978,1979,2020-7-30 21:15,123
1979,1980,2020-7-30 21:30,116
1980,1981,2020-7-30 21:45,106
1981,1982,2020-7-30 22:00,104
1982,1983,2020-7-30 22:15,106
1983,1984,2020-7-30 22:30,107
1984,1985,2020-7-30 22:45,105
1985,1986,2020-7-30 23:00,101
1986,1987,2020-7-30 23:15,101
1987,1988,2020-7-30 23:30,96
1988,1989,2020-7-30 23:45,95
1989,1990,2020-7-31 00:00,94
1990,1991,2020-7-31 00:15,90
1991,1992,2020-7-31 00:30,93
1992,1993,2020-7-31 00:45,93
1993,1994,2020-7-31 01:00,93
1994,1995,2020-7-31 01:15,93
1995,1996,2020-7-31 01:30,93
1996,1997,2020-7-31 01:45,93
1997,1998,2020-7-31 02:00,91
1998,1999,2020-7-31 02:15,92
1999,2000,2020-7-31 02:30,90
2000,2001,2020-7-31 02:45,89
2001,2002,2020-7-31 03:00,91
2002,2003,2020-7-31 03:15,92
2003,2004,2020-7-31 03:30,93
2004,2005,2020-7-31 03:45,95
2005,2006,2020-7-31 04:00,92
2006,2007,2020-7-31 04:15,92
2007,2008,2020-7-31 04:30,93
2008,2009,2020-7-31 04:45,92
2009,2010,2020-7-31 05:00,91
2010,2011,2020-7-31 05:15,94
2011,2012,2020-7-31 05:30,96
2012,2013,2020-7-31 05:45,95
2013,2014,2020-7-31 06:00,94
2014,2015,2020-7-31 06:15,93
2015,2016,2020-7-31 06:30,93
2016,2017,2020-7-31 06:45,96
2017,2018,2020-7-31 07:00,96
2018,2019,2020-7-31 07:15,98
2019,2020,2020-7-31 07:30,113
2020,2021,2020-7-31 07:45,151
2021,2022,2020-7-31 08:00,173
2022,2023,2020-7-31 08:15,181
2023,2024,2020-7-31 08:30,181
2024,2025,2020-7-31 08:45,179
2025,2026,2020-7-31 09:00,169
2026,2027,2020-7-31 09:15,156
2027,2028,2020-7-31 09:30,146
2028,2029,2020-7-31 09:45,130
2029,2030,2020-7-31 10:00,124
2030,2031,2020-7-31 10:15,130
2031,2032,2020-7-31 10:30,126
2032,2033,2020-7-31 10:45,112
2033,2034,2020-7-31 11:00,108
2034,2035,2020-7-31 11:15,111
2035,2036,2020-7-31 11:30,118
2036,2037,2020-7-31 11:45,123
2037,2038,2020-7-31 12:00,124
2038,2039,2020-7-31 12:15,124
2039,2040,2020-7-31 12:30,125
2040,2041,2020-7-31 12:45,131
2041,2042,2020-7-31 13:00,139
2042,2043,2020-7-31 13:15,141
2043,2044,2020-7-31 13:30,138
2044,2045,2020-7-31 13:45,138
2045,2046,2020-7-31 14:00,141
2046,2047,2020-7-31 14:15,140
2047,2048,2020-7-31 14:30,138
2048,2049,2020-7-31 14:45,139
2049,2050,2020-7-31 15:00,140
2050,2051,2020-7-31 15:15,137
2051,2052,2020-7-31 15:30,135
2052,2053,2020-7-31 15:45,134
2053,2054,2020-7-31 16:00,132
2054,2055,2020-7-31 16:15,131
2055,2056,2020-7-31 16:30,132
2056,2057,2020-7-31 16:45,147
2057,2058,2020-7-31 17:00,180
2058,2059,2020-7-31 17:15,209
2059,2060,2020-7-31 17:30,224
2060,2061,2020-7-31 17:45,225
2061,2062,2020-7-31 18:00,221
2062,2063,2020-7-31 18:15,217
2063,2064,2020-7-31 18:30,200
2064,2065,2020-7-31 18:45,181
2065,2066,2020-7-31 19:00,161
2066,2067,2020-7-31 19:15,147
2067,2068,2020-7-31 19:30,156
2068,2069,2020-7-31 19:45,139
2069,2070,2020-7-31 20:00,123
2070,2071,2020-7-31 20:15,113
2071,2072,2020-7-31 20:30,103
2072,2073,2020-7-31 20:45,108
2073,2074,2020-7-31 21:00,141
2074,2075,2020-7-31 21:15,174
2075,2076,2020-7-31 21:30,191
2076,2077,2020-7-31 21:45,156
2077,2078,2020-7-31 22:00,147
2078,2079,2020-8-1 00:45,99
2079,2080,2020-8-1 01:00,95
2080,2081,2020-8-1 01:15,93
2081,2082,2020-8-1 01:30,86
2082,2083,2020-8-1 01:45,81
2083,2084,2020-8-1 02:00,83
2084,2085,2020-8-1 02:15,84
2085,2086,2020-8-1 02:30,81
2086,2087,2020-8-1 02:45,78
2087,2088,2020-8-1 03:00,79
2088,2089,2020-8-1 03:15,81
2089,2090,2020-8-1 03:30,81
2090,2091,2020-8-1 03:45,83
2091,2092,2020-8-1 04:00,86
2092,2093,2020-8-1 04:15,88
2093,2094,2020-8-1 04:30,87
2094,2095,2020-8-1 04:45,77
2095,2096,2020-8-1 05:00,76
2096,2097,2020-8-1 05:15,88
2097,2098,2020-8-1 05:30,91
2098,2099,2020-8-1 05:45,91
2099,2100,2020-8-1 06:00,91
2100,2101,2020-8-1 06:15,92
2101,2102,2020-8-1 06:30,94
2102,2103,2020-8-1 06:45,97
2103,2104,2020-8-1 07:00,97
2104,2105,2020-8-1 07:15,97
2105,2106,2020-8-1 07:30,103
2106,2107,2020-8-1 07:45,102
2107,2108,2020-8-1 08:00,101
2108,2109,2020-8-1 08:15,107
2109,2110,2020-8-1 08:30,120
2110,2111,2020-8-1 08:45,143
2111,2112,2020-8-1 09:00,157
2112,2113,2020-8-1 09:15,170
2113,2114,2020-8-1 09:30,177
2114,2115,2020-8-1 09:45,189
2115,2116,2020-8-1 10:00,200
2116,2117,2020-8-1 10:15,189
2117,2118,2020-8-1 10:30,185
2118,2119,2020-8-1 10:45,196
2119,2120,2020-8-1 11:00,207
2120,2121,2020-8-1 11:15,214
2121,2122,2020-8-1 11:30,210
2122,2123,2020-8-1 11:45,199
2123,2124,2020-8-1 12:00,191
2124,2125,2020-8-1 12:15,175
2125,2126,2020-8-1 12:30,145
2126,2127,2020-8-1 12:45,124
2127,2128,2020-8-1 13:00,106
2128,2129,2020-8-1 13:15,89
2129,2130,2020-8-1 13:30,76
2130,2131,2020-8-1 13:45,72
2131,2132,2020-8-1 14:00,72
2132,2133,2020-8-1 14:15,85
2133,2134,2020-8-1 14:30,99
2134,2135,2020-8-1 14:45,103
2135,2136,2020-8-1 15:00,102
2136,2137,2020-8-1 15:15,103
2137,2138,2020-8-1 15:30,97
2138,2139,2020-8-1 15:45,86
2139,2140,2020-8-1 16:00,83
2140,2141,2020-8-1 16:15,87
2141,2142,2020-8-1 16:30,92
2142,2143,2020-8-1 16:45,93
2143,2144,2020-8-1 17:00,94
2144,2145,2020-8-1 17:15,97
2145,2146,2020-8-1 17:30,95
2146,2147,2020-8-1 17:45,93
2147,2148,2020-8-1 18:00,92
2148,2149,2020-8-1 18:15,92
2149,2150,2020-8-1 18:30,93
2150,2151,2020-8-1 18:45,94
2151,2152,2020-8-1 19:00,94
2152,2153,2020-8-1 19:15,94
2153,2154,2020-8-1 19:30,95
2154,2155,2020-8-1 19:45,96
2155,2156,2020-8-1 20:00,95
2156,2157,2020-8-1 20:15,93
2157,2158,2020-8-1 20:30,94
2158,2159,2020-8-1 20:45,95
2159,2160,2020-8-1 21:00,99
2160,2161,2020-8-1 21:15,102
2161,2162,2020-8-1 21:30,105
2162,2163,2020-8-1 21:45,125
2163,2164,2020-8-1 22:00,129
2164,2165,2020-8-1 22:15,122
2165,2166,2020-8-1 22:30,134
2166,2167,2020-8-1 22:45,156
2167,2168,2020-8-1 23:00,173
2168,2169,2020-8-1 23:15,184
2169,2170,2020-8-1 23:30,186
2170,2171,2020-8-1 23:45,182
2171,2172,2020-8-2 00:00,170
2172,2173,2020-8-2 00:15,150
2173,2174,2020-8-2 00:30,138
2174,2175,2020-8-2 00:45,128
2175,2176,2020-8-2 01:00,122
2176,2177,2020-8-2 01:15,119
2177,2178,2020-8-2 01:30,114
2178,2179,2020-8-2 01:45,114
2179,2180,2020-8-2 02:00,115
2180,2181,2020-8-2 02:15,113
2181,2182,2020-8-2 02:30,114
2182,2183,2020-8-2 02:45,114
2183,2184,2020-8-2 03:00,113
2184,2185,2020-8-2 03:15,115
2185,2186,2020-8-2 03:30,110
2186,2187,2020-8-2 03:45,106
2187,2188,2020-8-2 04:00,107
2188,2189,2020-8-2 04:15,106
2189,2190,2020-8-2 04:30,102
2190,2191,2020-8-2 04:45,97
2191,2192,2020-8-2 05:00,94
2192,2193,2020-8-2 05:15,94
2193,2194,2020-8-2 05:30,94
2194,2195,2020-8-2 05:45,92
2195,2196,2020-8-2 06:00,94
2196,2197,2020-8-2 06:15,99
2197,2198,2020-8-2 06:30,100
2198,2199,2020-8-2 06:45,94
2199,2200,2020-8-2 07:00,90
2200,2201,2020-8-2 07:15,91
2201,2202,2020-8-2 07:30,94
2202,2203,2020-8-2 07:45,98
2203,2204,2020-8-2 08:00,103
2204,2205,2020-8-2 08:15,113
2205,2206,2020-8-2 08:30,122
2206,2207,2020-8-2 08:45,125
2207,2208,2020-8-2 09:00,134
2208,2209,2020-8-2 09:15,149
2209,2210,2020-8-2 09:30,168
2210,2211,2020-8-2 09:45,193
2211,2212,2020-8-2 10:00,194
2212,2213,2020-8-2 10:15,182
2213,2214,2020-8-2 10:30,168
2214,2215,2020-8-2 10:45,145
2215,2216,2020-8-2 11:00,116
2216,2217,2020-8-2 11:15,105
2217,2218,2020-8-2 11:30,110
2218,2219,2020-8-2 11:45,108
2219,2220,2020-8-2 12:00,99
2220,2221,2020-8-2 12:15,88
2221,2222,2020-8-2 12:30,81
2222,2223,2020-8-2 12:45,76
2223,2224,2020-8-2 13:00,73
2224,2225,2020-8-2 13:15,74
2225,2226,2020-8-2 13:30,73
2226,2227,2020-8-2 13:45,75
2227,2228,2020-8-2 14:00,84
2228,2229,2020-8-2 14:15,91
2229,2230,2020-8-2 14:30,98
2230,2231,2020-8-2 14:45,102
2231,2232,2020-8-2 15:00,99
2232,2233,2020-8-2 15:15,100
2233,2234,2020-8-2 15:30,101
2234,2235,2020-8-2 15:45,101
2235,2236,2020-8-2 16:00,101
2236,2237,2020-8-2 16:15,99
2237,2238,2020-8-2 16:30,100
2238,2239,2020-8-2 16:45,100
2239,2240,2020-8-2 17:00,98
2240,2241,2020-8-2 17:15,98
2241,2242,2020-8-2 17:30,99
2242,2243,2020-8-2 17:45,94
2243,2244,2020-8-2 18:00,92
2244,2245,2020-8-2 18:15,93
2245,2246,2020-8-2 18:30,92
2246,2247,2020-8-2 18:45,90
2247,2248,2020-8-2 19:00,92
2248,2249,2020-8-2 19:15,90
2249,2250,2020-8-2 19:30,86
2250,2251,2020-8-2 19:45,96
2251,2252,2020-8-2 20:00,116
2252,2253,2020-8-2 20:15,122
2253,2254,2020-8-2 20:30,119
2254,2255,2020-8-2 20:45,123
2255,2256,2020-8-2 21:00,135
2256,2257,2020-8-2 21:15,145
2257,2258,2020-8-2 21:30,149
2258,2259,2020-8-2 21:45,146
2259,2260,2020-8-2 22:00,144
2260,2261,2020-8-2 22:15,149
2261,2262,2020-8-2 22:30,145
2262,2263,2020-8-2 22:45,137
2263,2264,2020-8-3 01:15,98
2264,2265,2020-8-3 01:30,99
2265,2266,2020-8-3 01:45,101
2266,2267,2020-8-3 02:00,101
2267,2268,2020-8-3 02:15,100
2268,2269,2020-8-3 02:30,102
2269,2270,2020-8-3 02:45,102
2270,2271,2020-8-3 03:00,99
2271,2272,2020-8-3 03:15,98
2272,2273,2020-8-3 03:30,100
2273,2274,2020-8-3 03:45,105
2274,2275,2020-8-3 04:00,106
2275,2276,2020-8-3 04:15,104
2276,2277,2020-8-3 04:30,106
2277,2278,2020-8-3 04:45,108
2278,2279,2020-8-3 05:00,104
2279,2280,2020-8-3 05:15,102
2280,2281,2020-8-3 05:30,102
2281,2282,2020-8-3 05:45,100
2282,2283,2020-8-3 06:00,98
2283,2284,2020-8-3 06:15,93
2284,2285,2020-8-3 06:30,94
2285,2286,2020-8-3 06:45,97
2286,2287,2020-8-3 07:00,95
2287,2288,2020-8-3 07:15,93
2288,2289,2020-8-3 07:30,98
2289,2290,2020-8-3 07:45,105
2290,2291,2020-8-3 08:00,107
2291,2292,2020-8-3 08:15,105
2292,2293,2020-8-3 08:30,107
2293,2294,2020-8-3 08:45,110
2294,2295,2020-8-3 09:00,109
2295,2296,2020-8-3 09:15,113
2296,2297,2020-8-3 09:30,114
2297,2298,2020-8-3 09:45,110
2298,2299,2020-8-3 10:00,110
2299,2300,2020-8-3 10:15,116
2300,2301,2020-8-3 10:30,121
2301,2302,2020-8-3 10:45,119
2302,2303,2020-8-3 11:00,117
2303,2304,2020-8-3 11:15,116
2304,2305,2020-8-3 11:30,117
2305,2306,2020-8-3 11:45,121
2306,2307,2020-8-3 12:00,133
2307,2308,2020-8-3 12:15,143
2308,2309,2020-8-3 12:30,154
2309,2310,2020-8-3 12:45,174
2310,2311,2020-8-3 13:00,194
2311,2312,2020-8-3 13:15,202
2312,2313,2020-8-3 13:30,196
2313,2314,2020-8-3 13:45,187
2314,2315,2020-8-3 14:00,174
2315,2316,2020-8-3 14:15,156
2316,2317,2020-8-3 14:30,134
2317,2318,2020-8-3 14:45,117
2318,2319,2020-8-3 15:00,97
2319,2320,2020-8-3 15:15,87
2320,2321,2020-8-3 15:30,90
2321,2322,2020-8-3 15:45,93
2322,2323,2020-8-3 16:00,94
2323,2324,2020-8-3 16:15,89
2324,2325,2020-8-3 16:30,80
2325,2326,2020-8-3 16:45,75
2326,2327,2020-8-3 17:00,78
2327,2328,2020-8-3 17:15,85
2328,2329,2020-8-3 17:30,99
2329,2330,2020-8-3 17:45,103
2330,2331,2020-8-3 18:00,102
2331,2332,2020-8-3 18:15,102
2332,2333,2020-8-3 18:30,101
2333,2334,2020-8-3 18:45,96
2334,2335,2020-8-3 19:00,93
2335,2336,2020-8-3 19:15,91
2336,2337,2020-8-3 19:30,92
2337,2338,2020-8-3 19:45,101
2338,2339,2020-8-3 20:00,115
2339,2340,2020-8-3 20:15,118
2340,2341,2020-8-3 20:30,115
2341,2342,2020-8-3 20:45,117
2342,2343,2020-8-3 21:00,126
2343,2344,2020-8-3 21:15,114
2344,2345,2020-8-3 21:30,113
2345,2346,2020-8-3 21:45,127
2346,2347,2020-8-3 22:00,128
2347,2348,2020-8-3 22:15,121
2348,2349,2020-8-3 23:30,115
2349,2350,2020-8-3 23:45,113
2350,2351,2020-8-4 00:00,104
2351,2352,2020-8-4 00:15,100
2352,2353,2020-8-4 00:30,98
2353,2354,2020-8-4 00:45,94
2354,2355,2020-8-4 01:00,95
2355,2356,2020-8-4 01:15,96
2356,2357,2020-8-4 01:30,95
2357,2358,2020-8-4 01:45,94
2358,2359,2020-8-4 02:00,94
2359,2360,2020-8-4 02:15,92
2360,2361,2020-8-4 02:30,93
2361,2362,2020-8-4 02:45,99
2362,2363,2020-8-4 03:00,96
2363,2364,2020-8-4 03:15,97
2364,2365,2020-8-4 03:30,95
2365,2366,2020-8-4 03:45,92
2366,2367,2020-8-4 04:00,93
2367,2368,2020-8-4 04:15,92
2368,2369,2020-8-4 04:30,94
2369,2370,2020-8-4 04:45,96
2370,2371,2020-8-4 05:00,96
2371,2372,2020-8-4 05:15,97
2372,2373,2020-8-4 05:30,95
2373,2374,2020-8-4 05:45,94
2374,2375,2020-8-4 06:00,95
2375,2376,2020-8-4 06:15,96
2376,2377,2020-8-4 06:30,94
2377,2378,2020-8-4 06:45,95
2378,2379,2020-8-4 07:00,98
2379,2380,2020-8-4 07:15,102
2380,2381,2020-8-4 07:30,105
2381,2382,2020-8-4 07:45,109
2382,2383,2020-8-4 08:00,114
2383,2384,2020-8-4 08:15,115
2384,2385,2020-8-4 08:30,112
2385,2386,2020-8-4 08:45,111
2386,2387,2020-8-4 09:00,113
2387,2388,2020-8-4 09:15,112
2388,2389,2020-8-4 09:30,111
2389,2390,2020-8-4 09:45,124
2390,2391,2020-8-4 10:00,149
2391,2392,2020-8-4 10:15,171
2392,2393,2020-8-4 10:30,189
2393,2394,2020-8-4 10:45,198
2394,2395,2020-8-4 11:00,198
2395,2396,2020-8-4 11:15,188
2396,2397,2020-8-4 11:30,177
2397,2398,2020-8-4 11:45,161
2398,2399,2020-8-4 12:00,149
2399,2400,2020-8-4 12:15,142
2400,2401,2020-8-4 12:30,132
2401,2402,2020-8-4 12:45,108
2402,2403,2020-8-4 13:00,100
2403,2404,2020-8-4 13:15,106
2404,2405,2020-8-4 13:30,110
2405,2406,2020-8-4 13:45,107
2406,2407,2020-8-4 14:00,97
2407,2408,2020-8-4 14:15,93
2408,2409,2020-8-4 14:30,89
2409,2410,2020-8-4 14:45,84
2410,2411,2020-8-4 15:00,81
2411,2412,2020-8-4 15:15,82
2412,2413,2020-8-4 15:30,83
2413,2414,2020-8-4 15:45,87
2414,2415,2020-8-4 16:00,89
2415,2416,2020-8-4 16:15,88
2416,2417,2020-8-4 16:30,86
2417,2418,2020-8-4 16:45,86
2418,2419,2020-8-4 17:00,89
2419,2420,2020-8-4 17:15,90
2420,2421,2020-8-4 17:30,87
2421,2422,2020-8-4 17:45,89
2422,2423,2020-8-4 18:00,91
2423,2424,2020-8-4 18:15,96
2424,2425,2020-8-4 18:30,105
2425,2426,2020-8-4 18:45,113
2426,2427,2020-8-4 19:00,116
2427,2428,2020-8-4 19:15,113
2428,2429,2020-8-4 19:30,101
2429,2430,2020-8-4 19:45,95
2430,2431,2020-8-4 20:00,91
2431,2432,2020-8-4 20:15,97
2432,2433,2020-8-4 20:30,117
2433,2434,2020-8-4 20:45,132
2434,2435,2020-8-4 21:00,120
2435,2436,2020-8-4 21:15,104
2436,2437,2020-8-4 21:30,101
2437,2438,2020-8-4 21:45,103
2438,2439,2020-8-4 22:00,105
2439,2440,2020-8-4 22:15,96
2440,2441,2020-8-4 22:30,92
2441,2442,2020-8-4 22:45,91
2442,2443,2020-8-5 00:15,82
2443,2444,2020-8-5 00:30,84
2444,2445,2020-8-5 00:45,83
2445,2446,2020-8-5 01:00,81
2446,2447,2020-8-5 01:15,81
2447,2448,2020-8-5 01:30,82
2448,2449,2020-8-5 01:45,85
2449,2450,2020-8-5 02:00,87
2450,2451,2020-8-5 02:15,85
2451,2452,2020-8-5 02:30,86
2452,2453,2020-8-5 02:45,87
2453,2454,2020-8-5 03:00,84
2454,2455,2020-8-5 03:15,82
2455,2456,2020-8-5 03:30,79
2456,2457,2020-8-5 03:45,77
2457,2458,2020-8-5 04:00,77
2458,2459,2020-8-5 04:15,78
2459,2460,2020-8-5 04:30,80
2460,2461,2020-8-5 04:45,83
2461,2462,2020-8-5 05:00,84
2462,2463,2020-8-5 05:15,81
2463,2464,2020-8-5 05:30,79
2464,2465,2020-8-5 05:45,83
2465,2466,2020-8-5 06:00,85
2466,2467,2020-8-5 06:15,84
2467,2468,2020-8-5 06:30,90
2468,2469,2020-8-5 06:45,95
2469,2470,2020-8-5 07:00,94
2470,2471,2020-8-5 07:15,91
2471,2472,2020-8-5 07:30,92
2472,2473,2020-8-5 07:45,96
2473,2474,2020-8-5 08:00,101
2474,2475,2020-8-5 08:15,106
2475,2476,2020-8-5 08:30,112
2476,2477,2020-8-5 08:45,120
2477,2478,2020-8-5 09:00,130
2478,2479,2020-8-5 09:15,133
2479,2480,2020-8-5 09:30,142
2480,2481,2020-8-5 09:45,157
2481,2482,2020-8-5 10:00,170
2482,2483,2020-8-5 10:15,185
2483,2484,2020-8-5 10:30,195
2484,2485,2020-8-5 10:45,180
2485,2486,2020-8-5 11:00,146
2486,2487,2020-8-5 11:15,125
2487,2488,2020-8-5 11:30,124
2488,2489,2020-8-5 11:45,132
2489,2490,2020-8-5 12:00,131
2490,2491,2020-8-5 12:15,116
2491,2492,2020-8-5 12:30,111
2492,2493,2020-8-5 12:45,104
2493,2494,2020-8-5 13:00,107
2494,2495,2020-8-5 13:15,118
2495,2496,2020-8-5 13:30,123
2496,2497,2020-8-5 13:45,123
2497,2498,2020-8-5 14:00,114
2498,2499,2020-8-5 14:15,104
2499,2500,2020-8-5 14:30,105
2500,2501,2020-8-5 14:45,109
2501,2502,2020-8-5 15:00,110
2502,2503,2020-8-5 15:15,102
2503,2504,2020-8-5 15:30,88
2504,2505,2020-8-5 15:45,90
2505,2506,2020-8-5 16:00,100
2506,2507,2020-8-5 16:15,101
2507,2508,2020-8-5 16:30,99
2508,2509,2020-8-5 16:45,96
2509,2510,2020-8-5 17:00,91
2510,2511,2020-8-5 17:15,93
2511,2512,2020-8-5 17:30,110
2512,2513,2020-8-5 17:45,121
2513,2514,2020-8-5 18:00,125
2514,2515,2020-8-5 18:15,126
2515,2516,2020-8-5 18:30,125
2516,2517,2020-8-5 18:45,126
2517,2518,2020-8-5 19:00,126
2518,2519,2020-8-5 19:15,124
2519,2520,2020-8-5 19:30,120
2520,2521,2020-8-5 19:45,121
2521,2522,2020-8-5 20:00,128
2522,2523,2020-8-5 20:15,128
2523,2524,2020-8-5 20:30,126
2524,2525,2020-8-5 20:45,123
2525,2526,2020-8-5 21:00,123
2526,2527,2020-8-5 21:15,125
2527,2528,2020-8-5 21:30,123
2528,2529,2020-8-5 21:45,117
2529,2530,2020-8-5 22:00,109
2530,2531,2020-8-5 22:15,106
2531,2532,2020-8-5 22:30,103
2532,2533,2020-8-6 01:00,90
2533,2534,2020-8-6 01:15,89
2534,2535,2020-8-6 01:30,88
2535,2536,2020-8-6 01:45,89
2536,2537,2020-8-6 02:00,89
2537,2538,2020-8-6 02:15,86
2538,2539,2020-8-6 02:30,90
2539,2540,2020-8-6 02:45,93
2540,2541,2020-8-6 03:00,87
2541,2542,2020-8-6 03:15,86
2542,2543,2020-8-6 03:30,89
2543,2544,2020-8-6 03:45,89
2544,2545,2020-8-6 04:00,90
2545,2546,2020-8-6 04:15,90
2546,2547,2020-8-6 04:30,88
2547,2548,2020-8-6 04:45,87
2548,2549,2020-8-6 05:00,89
2549,2550,2020-8-6 05:15,88
2550,2551,2020-8-6 05:30,87
2551,2552,2020-8-6 05:45,88
2552,2553,2020-8-6 06:00,90
2553,2554,2020-8-6 06:15,89
2554,2555,2020-8-6 06:30,86
2555,2556,2020-8-6 06:45,87
2556,2557,2020-8-6 07:00,88
2557,2558,2020-8-6 07:15,88
2558,2559,2020-8-6 07:30,91
2559,2560,2020-8-6 07:45,94
2560,2561,2020-8-6 08:00,93
2561,2562,2020-8-6 08:15,91
2562,2563,2020-8-6 08:30,92
2563,2564,2020-8-6 08:45,95
2564,2565,2020-8-6 09:00,97
2565,2566,2020-8-6 09:15,100
2566,2567,2020-8-6 09:30,107
2567,2568,2020-8-6 09:45,109
2568,2569,2020-8-6 10:00,116
2569,2570,2020-8-6 10:15,126
2570,2571,2020-8-6 10:30,133
2571,2572,2020-8-6 10:45,146
2572,2573,2020-8-6 11:00,162
2573,2574,2020-8-6 11:15,153
2574,2575,2020-8-6 11:30,154
2575,2576,2020-8-6 11:45,155
